Country,Year,ISO3,Region,OOP,Water,CPI,partipdem,Unemployment,Gini,female_is,education,Carbon_T10,Temp_change,alt.row,score,rank
Afghanistan,2000,AFG,South Asia,80.25738323717947,15.35,19.60963768115942,0.01,8.05,0.52,0,17.572175757575742,1.8,0.99,1,0.5676813984094374,4128
Afghanistan,2001,AFG,South Asia,80.41131990384615,15.38,19.773304347826087,0.02,8.04,0.52,0,12.32,1.63,1.31,2,0.5646264291233071,4161
Afghanistan,2002,AFG,South Asia,85.38,16.37,19.43547101449275,0.09,8.19,0.52,0,16.66677166666665,1.83,1.37,3,0.5660042903433252,4150
Afghanistan,2003,AFG,South Asia,86.07,17.36,19.922304347826085,0.1,8.12,0.52,0,12.55,1.89,0.59,4,0.5713444663763785,4094
Afghanistan,2004,AFG,South Asia,84.53,18.37,19.71651863354037,0.11,8.05,0.52,0,17.57,1.8,1.37,5,0.5689968922741292,4113
Afghanistan,2005,AFG,South Asia,78.97,19.4,25,0.14,8.11,0.52,0,18.62,1.83,0.4,6,0.5852511859054632,3919
Afghanistan,2006,AFG,South Asia,76.82,20.44,18.87030434782608,0.16,8.05,0.52,0,28.26,1.86,1.72,7,0.5772009564384297,4018
Afghanistan,2007,AFG,South Asia,78.17,22.04,18,0.16,8.11,0.52,0,28.49,1.9,0.68,8,0.584202550656735,3929
Afghanistan,2008,AFG,South Asia,75.4,23.71,15,0.16,8.02,0.52,0,38.19,2.06,0.7,9,0.5873798736465697,3889
Afghanistan,2009,AFG,South Asia,72.78,25.43,13,0.16,8.08,0.51,0,44.42,2.26,0.9,10,0.5888210234201967,3864
Afghanistan,2010,AFG,South Asia,79,27.22,14,0.15,8.07,0.51,0,50.57,2.57,1.61,11,0.58071828531123,3969
Afghanistan,2011,AFG,South Asia,73.26,29.07,15,0.15,7.95,0.5,0,51.76,2.86,1.4,12,0.5885161406883224,3868
Afghanistan,2012,AFG,South Asia,74.49,30.99,8,0.15,8.02,0.49,0,53.62,2.64,0.22,13,0.5936253757673895,3809
Afghanistan,2013,AFG,South Asia,72.05,32.96,8,0.16,7.95,0.5,0,53.58,2.51,1.28,14,0.5878252811353778,3878
Afghanistan,2014,AFG,South Asia,73.06,35,12,0.16,7.91,0.5,0.01,52.58,2.56,0.46,15,0.5972471568278653,3747
Afghanistan,2015,AFG,South Asia,78.38,37.1,11,0.17,8.99,0.5,0.01,51.67,2.45,1.09,16,0.585469714710243,3914
Afghanistan,2016,AFG,South Asia,75.97,39.27,15,0.15,10.09,0.51,0.02,51.66,2.5,1.56,17,0.5812507666659232,3962
Afghanistan,2017,AFG,South Asia,75.48,41.5,15,0.15,11.18,0.52,0.03,53.64,2.49,1.54,18,0.5789732711478367,3992
Afghanistan,2018,AFG,South Asia,76.22,43.8,16,0.17,11.11,0.52,0.04,55.43,2.79,1.54,19,0.5819979069525137,3958
Afghanistan,2019,AFG,South Asia,76.82,46.17,16,0.17,11.09,0.52,0.04,56.13229666666669,3.21,0.91,20,0.5872028379452872,3891
Afghanistan,2020,AFG,South Asia,74.81,48.44,19,0.14,11.71,0.52,0.03497333333333332,56.57888166666664,2.8405505555555557,0.5,21,0.590268770160915,3846
Afghanistan,2021,AFG,South Asia,75.71339240384614,29.093733039363098,16,0.05,8.238760429156718,0.52,0.02693833333333332,49.28549000000001,3.5186832034632043,1.33,22,0.5794034628739861,3985
Afghanistan,2022,AFG,South Asia,72.09461490384616,37.322215072330124,24,0.02,6.971564067324106,0.5226113351648354,0.04968666666666666,48.81458666666666,4.511371893939394,2.01,23,0.5844864593311695,3926
Albania,2000,ALB,Europe and Central Asia,51.81,69.24,27.575166666666668,0.27,19.03,0.47,0.4,71.08,6.19,1.07,24,0.6194942004572513,3321
Albania,2001,ALB,Europe and Central Asia,49.13,70.25,28.059666666666672,0.28,18.58,0.48,0.39,72.54,6.58,1.53,25,0.6190291996846786,3333
Albania,2002,ALB,Europe and Central Asia,50.86,71.37,25,0.3,17.9,0.48,0.39,72.87,7.63,0.49,26,0.6297110071806596,2999
Albania,2003,ALB,Europe and Central Asia,47.6,72.44,25,0.31,16.99,0.48,0.39,75.24,8.12,0.97,27,0.633264608679226,2881
Albania,2004,ALB,Europe and Central Asia,47.05,73.46,25,0.31,16.31,0.48,0.38,74.8,8.06,0.44,28,0.6417235778900419,2559
Albania,2005,ALB,Europe and Central Asia,48.44,74.43,24,0.33,15.97,0.47,0.38,77.91,8.55,0.19,29,0.6468703170372337,2340
Albania,2006,ALB,Europe and Central Asia,48.58,75.34,26,0.35,15.63,0.47,0.37,79.19,8.44,0.35,30,0.6507282119724059,2220
Albania,2007,ALB,Europe and Central Asia,51.29,76.19,29,0.35,15.97,0.47,0.37,82.2,8.41,1.32,31,0.6408927845017738,2604
Albania,2008,ALB,Europe and Central Asia,56.22,77,34,0.34,13.06,0.47,0.32,84.13,9.15,0.98,32,0.6550951474001785,2088
Albania,2009,ALB,Europe and Central Asia,57.51,77.74,32,0.34,13.67,0.47,0.31,85.69,9.35,0.91,33,0.6499772860186828,2243
Albania,2010,ALB,Europe and Central Asia,59.94,78.43,33,0.34,14.09,0.47,0.32,88.1,9.22,1.19,34,0.6453796724985158,2411
Albania,2011,ALB,Europe and Central Asia,60.46,79.07,31,0.34,13.48,0.47,0.35,89.8,9.59,1.06,35,0.6493676481801396,2266
Albania,2012,ALB,Europe and Central Asia,58.83,79.65,33,0.33,13.38,0.47,0.34,92.29,9.4,1.49,36,0.6478685320486696,2311
Albania,2013,ALB,Europe and Central Asia,57.83,80.17,31,0.31,15.87,0.49,0.35,96.26,9.58,1.33,37,0.6357487708625589,2789
Albania,2014,ALB,Europe and Central Asia,59.12,80.64,33,0.31,18.05,0.5,0.36,97.68,10.33,1.2,38,0.6265490470656263,3119
Albania,2015,ALB,Europe and Central Asia,57.17,81.05,36,0.31,17.19,0.49,0.37,97.39,9.54,1.57,39,0.6329410576581733,2897
Albania,2016,ALB,Europe and Central Asia,57.05,81.41,39,0.31,15.42,0.51,0.39,95.71,9.24,1.46,40,0.6445055980489471,2446
Albania,2017,ALB,Europe and Central Asia,57.46,81.72,38,0.31,13.62,0.5,0.38,95.27,10.5,1.12,41,0.6548257386913816,2095
Albania,2018,ALB,Europe and Central Asia,56.49,81.98,36,0.3,12.3,0.49,0.39,95.43,10.57,2.03,42,0.6490937777961049,2274
Albania,2019,ALB,Europe and Central Asia,54.51886674242424,82.19,35,0.3,11.47,0.48,0.39,95.09,10.91,1.68,43,0.658530921669056,1980
Albania,2020,ALB,Europe and Central Asia,54.529171742424225,82.36,36,0.3,13.07,0.48,0.37977833333333344,94.28,10.533557222222221,1.5,44,0.6542761949634712,2115
Albania,2021,ALB,Europe and Central Asia,55.748475075757554,81.88556676024955,35,0.3,12.68,0.48,0.3805716666666668,96.11,10.40756888888889,1.54,45,0.6542683897405666,2116
Albania,2022,ALB,Europe and Central Asia,55.65433083333332,81.51750297237076,36,0.3,13.427495101531497,0.48405927350427314,0.3790400000000001,95.17771166666664,10.359112222222222,1.52,46,0.6513814131365679,2199
Algeria,2000,DZA,Middle East and North Africa,25.79,70.08,29.99600000000001,0.15,29.77,0.53,0.07,65.12,7.34,0.82,47,0.5523993755869862,4247
Algeria,2001,DZA,Middle East and North Africa,21.67,70.64,32.78533333333334,0.15,27.3,0.53,0.08,68.82,7.12,1.86,48,0.5602256956186353,4200
Algeria,2002,DZA,Middle East and North Africa,22.52,71.19,30.903000000000002,0.15,25.9,0.52,0.08,71.95,7.27,1.26,49,0.5720274852261911,4087
Algeria,2003,DZA,Middle East and North Africa,21.15,71.73,26,0.16,23.72,0.52,0.08,74.1,7.33,1.59,50,0.577876451887324,4007
Algeria,2004,DZA,Middle East and North Africa,26.09,72.25,27,0.15,17.65,0.51,0.09,77.51,7.09,0.99,51,0.6117989529260337,3458
Algeria,2005,DZA,Middle East and North Africa,28.09,72.75,28,0.15,15.27,0.51,0.09,78.99,7.21,1.26,52,0.6198403292094985,3314
Algeria,2006,DZA,Middle East and North Africa,29.12,73.24,31,0.15,12.27,0.51,0.09,79.88,6.57,1.4,53,0.6338161672466078,2864
Algeria,2007,DZA,Middle East and North Africa,28.09,73.72,30,0.15,13.79,0.5,0.09,70.31,6.89,1.22,54,0.6265925580993922,3118
Algeria,2008,DZA,Middle East and North Africa,26.15,74.18,32,0.15,11.33,0.5,0.1,76.7,7.27,1.19,55,0.6424344289716146,2535
Algeria,2009,DZA,Middle East and North Africa,27.45,74.63,28,0.15,10.16,0.5,0.1,92.88,8.77,0.95,56,0.649345871174464,2267
Algeria,2010,DZA,Middle East and North Africa,28.88,75.06,29,0.15,9.96,0.49,0.1,96.94,8.27,2.27,57,0.6376029858350297,2732
Algeria,2011,DZA,Middle East and North Africa,27.87,75.47,29,0.14,9.96,0.49,0.11,99.61,7.97,1.4,58,0.6496114453422686,2258
Algeria,2012,DZA,Middle East and North Africa,25.72,75.87,34,0.14,10.97,0.49,0.12,87.8819783333333,8.28,1.15,59,0.6509440955205569,2217
Algeria,2013,DZA,Middle East and North Africa,27.56,76.25,36,0.13,9.82,0.49,0.12,87.11542166666665,8.63,1.19,60,0.6540879144110634,2124
Algeria,2014,DZA,Middle East and North Africa,26.66,76.62,36,0.12,10.21,0.49,0.12,86.18837666666667,9,1.69,61,0.6457738419455876,2386
Algeria,2015,DZA,Middle East and North Africa,28.21,76.97,36,0.12,11.21,0.49,0.12,86.00847000000002,9.51,1.12,62,0.6469004259317396,2337
Algeria,2016,DZA,Middle East and North Africa,30.88,77.31,34,0.11,10.2,0.49,0.12,87.49707499999998,9.19,1.76,63,0.6402786944319592,2626
Algeria,2017,DZA,Middle East and North Africa,32.54,77.64,33,0.11,10.33,0.49,0.13,89.08639166666666,9.12,1.51,64,0.6423099370677793,2537
Algeria,2018,DZA,Middle East and North Africa,32.63,77.95,35,0.12,10.42,0.49,0.13,87.46986499999997,9.32,1.21,65,0.6472327995284543,2328
Algeria,2019,DZA,Middle East and North Africa,33.4,78.25,35,0.1,10.49,0.49,0.12,86.79914666666666,9.37,1.12,66,0.6443444987763083,2456
Algeria,2020,DZA,Middle East and North Africa,35.8,78.54,36,0.11,12.25,0.49,0.13529919354838701,87.61142333333329,11.629433333333328,1.93,67,0.6277309223637121,3071
Algeria,2021,DZA,Middle East and North Africa,33.53241809523811,78.88693709067894,33,0.11,11.75,0.49,0.1324225268817204,89.24692999999996,11.611169999999998,2.33,68,0.6243242317228133,3189
Algeria,2022,DZA,Middle East and North Africa,32.53709642857144,77.4676589931882,33,0.11,11.138283204219036,0.49774262033881167,0.1263008602150537,87.90004666666664,9.608984523809525,1.69,69,0.6352887678539492,2819
Angola,2000,AGO,Sub-Saharan Africa,27.3,7.54,17,0.07,4.16,0.68,0.29,12.27,7.68,0.17,70,0.6122922887770216,3452
Angola,2001,AGO,Sub-Saharan Africa,45.09,9.13,18.946413043478262,0.06,4.12,0.67,0.29,13.85,7.62,0.3,71,0.6047800549384054,3611
Angola,2002,AGO,Sub-Saharan Africa,49.66,10.76,17,0.06,4.04,0.66,0.28,14.98,7.56,0.74,72,0.5990233457101122,3709
Angola,2003,AGO,Sub-Saharan Africa,48.51,12.41,18,0.06,4.04,0.66,0.28,20.778309999999987,7.45,0.89,73,0.6016703749981205,3672
Angola,2004,AGO,Sub-Saharan Africa,46.89,14.09,20,0.06,3.97,0.65,0.29,22.384206666666657,7.92,0.41,74,0.6099360155460462,3499
Angola,2005,AGO,Sub-Saharan Africa,42.33,15.81,20,0.06,3.91,0.64,0.29,25.934679999999986,7.62,1.02,75,0.6108066343286971,3485
Angola,2006,AGO,Sub-Saharan Africa,30.67,17.46,22,0.06,3.88,0.63,0.29,25.778684999999996,6.81,0.56,76,0.6245510049329245,3184
Angola,2007,AGO,Sub-Saharan Africa,28.38,19.13,22,0.06,3.83,0.62,0.29,26.84948333333333,7.88,0.89,77,0.6239682217644709,3206
Angola,2008,AGO,Sub-Saharan Africa,21.65,20.82,19,0.06,3.79,0.61,0.28,21.29,7.97,0.5,78,0.6268394620137332,3104
Angola,2009,AGO,Sub-Saharan Africa,15.51,22.53,19,0.07,3.78,0.62,0.27,22.69,9.43,0.71,79,0.6268361462950212,3105
Angola,2010,AGO,Sub-Saharan Africa,19.34,24.25,18,0.07,9.43,0.62,0.27,26.26,8.46,1.19,80,0.6057296465938614,3589
Angola,2011,AGO,Sub-Saharan Africa,17.99,25.98,20,0.09,7.36,0.63,0.27,26.48,8.15,0.88,81,0.6188376395744662,3337
Angola,2012,AGO,Sub-Saharan Africa,17.62,27.73,22,0.09,8.06,0.64,0.27,36.583165,8.17,0.55,82,0.6243031196491301,3193
Angola,2013,AGO,Sub-Saharan Africa,21.35,29.49,23,0.08,8.83,0.65,0.26,39.515686666666674,8.19,1.04,83,0.6154527028684026,3397
Angola,2014,AGO,Sub-Saharan Africa,26.88,31.27,19,0.08,9.58,0.66,0.26,41.44938000000001,8.32,0.83,84,0.6088021824522754,3523
Angola,2015,AGO,Sub-Saharan Africa,33.52,33.05,15,0.08,9.58,0.66,0.26,43.71191500000002,8.32,1.33,85,0.5988875866770179,3711
Angola,2016,AGO,Sub-Saharan Africa,35.21,34.84,18,0.08,9.59,0.67,0.27,50.67,7.9,1.61,86,0.600150031704805,3697
Angola,2017,AGO,Sub-Saharan Africa,34.12,36.64,19,0.08,9.53,0.68,0.27,42.188216666666676,7.5,0.87,87,0.6053642003230092,3596
Angola,2018,AGO,Sub-Saharan Africa,36.26,38.44,19,0.1,9.52,0.69,0.27,42.833416666666665,6.79,1.4,88,0.6012348755986564,3679
Angola,2019,AGO,Sub-Saharan Africa,37.89,38.75,26,0.1,9.48,0.69,0.27,44.086623333333335,6.17,1.75,89,0.6032825350847831,3651
Angola,2020,AGO,Sub-Saharan Africa,37.14,39.06,27,0.1,10.35,0.69,0.26659499999999986,42.32515166666667,6.607841111111112,1.16,90,0.6058595172734584,3585
Angola,2021,AGO,Sub-Saharan Africa,36.21721833333333,38.955811904761894,29,0.09,10.38,0.69,0.2644716666666665,45.373506666666664,6.836334444444449,1.55,91,0.60387592670563806,3633
Angola,2022,AGO,Sub-Saharan Africa,31.650121666666667,34.01188976190475,33,0.11,9.040230359224104,0.6572660095743982,0.2606283333333333,43.06211166666667,6.835845000000001,1.21,92,0.6207429120861043,3293
Argentina,2000,ARG,Latin America and Caribbean,29.1,91.69,35,0.58,15,0.64,0.36,95.94,23.74,-0.19,93,0.6717268923460823,1630
Argentina,2001,ARG,Latin America and Caribbean,29.47,92.13,35,0.58,17.32,0.66,0.37,96.85,23.11,0.43,94,0.6516289148874445,2192
Argentina,2002,ARG,Latin America and Caribbean,29.99,92.57,28,0.57,19.59,0.67,0.37,95.9,17.34,0.28,95,0.6383717876768258,2700
Argentina,2003,ARG,Latin America and Caribbean,28.25,93.01,25,0.56,15.36,0.62,0.36,94.96,19.51,0.64,96,0.6584738027996939,1983
Argentina,2004,ARG,Latin America and Caribbean,27.63,93.44,25,0.56,13.52,0.6,0.36,94.51,20.57,0.47,97,0.6714245111907721,1637
Argentina,2005,ARG,Latin America and Caribbean,33.07,93.86,28,0.55,11.51,0.59,0.35,92.76,20.42,0.28,98,0.6823988488235827,1327
Argentina,2006,ARG,Latin America and Caribbean,32.41,94.29,29,0.54,10.08,0.58,0.35,91.81,24.65,0.6,99,0.6823725767720682,1328
Argentina,2007,ARG,Latin America and Caribbean,31.29,94.71,29,0.55,8.47,0.59,0.35,91.92,23.67,-0.17,100,0.6986533017644877,916
Argentina,2008,ARG,Latin America and Caribbean,30.26,95.12,29,0.54,7.84,0.59,0.35,93.24,23.55,0.6,101,0.6940810798445617,1033
Argentina,2009,ARG,Latin America and Caribbean,26.19,95.53,29,0.53,8.65,0.57,0.36,96.62,24.18,0.86,102,0.6937642027697158,1040
Argentina,2010,ARG,Latin America and Caribbean,26.78,95.94,29,0.52,7.71,0.57,0.35,99.5,21.19,0.14,103,0.7088462623409125,717
Argentina,2011,ARG,Latin America and Caribbean,26.89,96.34,30,0.53,7.18,0.55,0.35,101.54,23.05,0.39,104,0.7115830162766802,676
Argentina,2012,ARG,Latin America and Caribbean,26.09,96.73,35,0.53,7.22,0.54,0.35,103.48,20.79,0.8,105,0.7179759105564895,599
Argentina,2013,ARG,Latin America and Caribbean,26.82,96.93,34,0.53,7.1,0.54,0.35,105.04,21.25,0.44,106,0.7213545527207816,555
Argentina,2014,ARG,Latin America and Caribbean,27.04,97.13,34,0.54,7.27,0.56,0.35,106.04,21.4,0.95,107,0.7121988811675863,669
Argentina,2015,ARG,Latin America and Caribbean,25.93,97.32,32,0.52,7.52,0.56,0.35,106.95,21.59,0.96,108,0.708008733251644,738
Argentina,2016,ARG,Latin America and Caribbean,29.57,97.52,36,0.5,8.11,0.57,0.36,108.46,20.95,0.49,109,0.7127547440993296,661
Argentina,2017,ARG,Latin America and Caribbean,25.84,95.49851821428572,39,0.5,8.35,0.58,0.36,108.73,20.08,1.1,110,0.7093694572811995,708
Argentina,2018,ARG,Latin America and Caribbean,27.83,95.77156599511603,40,0.52,9.22,0.59,0.36,107.65,19.54,0.88,111,0.7087443289002064,722
Argentina,2019,ARG,Latin America and Caribbean,26.81,95.69128432844934,45,0.52,9.84,0.59,0.37,108.23,19.02,0.76,112,0.7152488627625458,634
Argentina,2020,ARG,Latin America and Caribbean,24.21,95.01235650738153,42,0.56,11.46,0.59,0.3638283333333333,110.13,21.55046500000001,1.12,113,0.7012085563460084,858
Argentina,2021,ARG,Latin America and Caribbean,26.880845833333332,95.2963126978577,38,0.55,8.74,0.59,0.3597716666666666,104.34902000000002,20.848115000000004,1.03,114,0.7067019769040048,759
Argentina,2022,ARG,Latin America and Caribbean,29.371087916666657,94.72627234071484,38,0.56,10.491067866156264,0.59072709926748,0.35894666666666675,103.22534333333333,21.699896666666675,0.64,115,0.701112498809929,863
Armenia,2000,ARM,Europe and Central Asia,62.01,89.48,25,0.21,11.06,0.54,0.36,92.15,5.75,1.03,116,0.642245267734162,2538
Armenia,2001,ARM,Europe and Central Asia,50.88,89.99,29.428833333333326,0.21,10.93,0.53,0.37,88.28,5.85,1.4,117,0.6520879529282251,2182
Armenia,2002,ARM,Europe and Central Asia,75.23,90.53,27.91283333333334,0.21,10.81,0.54,0.37,86.53800666666666,5.65,1.19,118,0.6313653945567488,2948
Armenia,2003,ARM,Europe and Central Asia,76.43,91.1,30,0.19,10.63,0.53,0.37,87.26085666666668,6.21,0.14,119,0.641008755687365,2596
Armenia,2004,ARM,Europe and Central Asia,71.59,91.67,31,0.18,10.35,0.56,0.37,89.35,6.68,1.16,120,0.6347311760869263,2833
Armenia,2005,ARM,Europe and Central Asia,62.94,92.24,29,0.19,10.22,0.55,0.37,92.05,7.89,0.48,121,0.6494907321064038,2261
Armenia,2006,ARM,Europe and Central Asia,61.17,92.82,29,0.18,10,0.48,0.37,94.94,7.62,1.62,122,0.6465533159258425,2359
Armenia,2007,ARM,Europe and Central Asia,58.23,93.41,30,0.19,9.81,0.5,0.38,96.43,10.04,0.71,123,0.6586411494821185,1974
Armenia,2008,ARM,Europe and Central Asia,71.44,94,29,0.18,10,0.48,0.38,94.97,9.38,0.86,124,0.6443716915381197,2453
Armenia,2009,ARM,Europe and Central Asia,73.63,94.6,27,0.18,9.89,0.47,0.38,100.13,8.45,0.71,125,0.645657008214684,2397
Armenia,2010,ARM,Europe and Central Asia,77.62,95.21,26,0.19,10.54,0.5,0.36,104.71,8.34,2.78,126,0.6155569822468214,3396
Armenia,2011,ARM,Europe and Central Asia,78.42,95.82,26,0.19,10.92,0.48,0.38,93.13,8.37,0.65,127,0.6353516528512433,2813
Armenia,2012,ARM,Europe and Central Asia,78.59,96.44,34,0.2,11.3,0.48,0.38,90.8613307142857,9,1.25,128,0.6340394929806301,2857
Armenia,2013,ARM,Europe and Central Asia,82.88,97.06,36,0.19,11.53,0.49,0.38,85.9,9.01,1.41,129,0.6259363593503858,3142
Armenia,2014,ARM,Europe and Central Asia,82.48,97.67,37,0.21,11.86,0.5,0.4,85.88,9.14,1.28,130,0.6288069398749503,3033
Armenia,2015,ARM,Europe and Central Asia,81.63,98.16,35,0.2,12.18,0.51,0.41,86.01,8.97,1.93,131,0.6191158852075752,3331
Armenia,2016,ARM,Europe and Central Asia,80.65,98.64,33,0.23,12.43,0.52,0.41,88.59361333333337,8.43,1.36,132,0.6265281728227878,3120
Armenia,2017,ARM,Europe and Central Asia,84.35,99.46,35,0.26,12.94,0.54,0.41,88.8530083333333,9.07,0.89,133,0.627294591156089,3081
Armenia,2018,ARM,Europe and Central Asia,84.28,99.53,35,0.35,13.21,0.54,0.4,83.15,10.27,2.77,134,0.609146881766678,3513
Armenia,2019,ARM,Europe and Central Asia,84.79,99.61,42,0.56,12.2,0.5,0.4,86.47,9.27,1.86,135,0.6475150367792233,2320
Armenia,2020,ARM,Europe and Central Asia,77.85,99.66,49,0.52,12.18,0.5,0.39111166666666647,87.25,18.822096666666667,1.95,136,0.6467801962676515,2347
Armenia,2021,ARM,Europe and Central Asia,65.63532500000001,95.90819443390257,49,0.46,12.73,0.5,0.3913183333333333,88.89,19.516541666666672,2.09,137,0.6503996638699477,2230
Armenia,2022,ARM,Europe and Central Asia,51.35099833333334,93.63014196078433,46,0.4,12.304483605969196,0.5084043795093794,0.39076166666666673,95.2458133333333,19.11925166666667,1.71,138,0.6660848928412172,1762
Australia,2000,AUS,East Asia and Pacific,21,96.39,83,0.65,6.28,0.47,0.35,131.32907666666674,60.05,0.15,139,0.740308688390723,323
Australia,2001,AUS,East Asia and Pacific,20.44,96.37,85,0.64,6.74,0.46,0.36,137.10165333333342,59.03,0.34,140,0.7426940071445346,302
Australia,2002,AUS,East Asia and Pacific,19.92,96.39,86,0.64,6.37,0.47,0.36,136.0055133333334,61.78,0.74,141,0.7316289823613299,401
Australia,2003,AUS,East Asia and Pacific,19.15,96.47,88,0.64,5.93,0.47,0.36,131.9152733333334,62.93,0.84,142,0.7295420276502507,422
Australia,2004,AUS,East Asia and Pacific,19.22,96.55,88,0.63,5.39,0.47,0.35,122.41185500000002,67.59,0.72,143,0.7180879328105667,596
Australia,2005,AUS,East Asia and Pacific,19.64,96.64,88,0.63,5.03,0.48,0.35,128.0434416666667,64.71,1.21,144,0.7190467049984802,581
Australia,2006,AUS,East Asia and Pacific,19.75,96.72,87,0.62,4.78,0.49,0.35,128.4678016666667,67.83,0.72,145,0.7180324295430115,598
Australia,2007,AUS,East Asia and Pacific,19,96.8,8.6,0.63,4.38,0.48,0.35,117.34258666666665,70.77,0.93,146,0.637935742559505,2712
Australia,2008,AUS,East Asia and Pacific,19.04,96.88,87,0.64,4.23,0.46,0.35,121.81582833333336,67.03,0.63,147,0.7257961921371259,478
Australia,2009,AUS,East Asia and Pacific,19.05,96.97,87,0.64,5.56,0.47,0.35,125.11289166666667,69.3,1.03,148,0.7101382843710757,694
Australia,2010,AUS,East Asia and Pacific,19.75,97.05,87,0.64,5.21,0.48,0.36,133.0434416666667,68.03,0.67,149,0.7212057371288931,561
Australia,2011,AUS,East Asia and Pacific,19.17,97.12,88,0.64,5.08,0.47,0.36,129.30420999999998,68.92,0.21,150,0.7263008203401699,468
Australia,2012,AUS,East Asia and Pacific,19.93,97.19,85,0.64,5.22,0.48,0.36,133.14832000000004,72.02,0.31,151,0.715210283216912,635
Australia,2013,AUS,East Asia and Pacific,19.53,97.26,81,0.61,5.66,0.49,0.36,135.9652916666667,67.84,1.5,152,0.7019592783340146,840
Australia,2014,AUS,East Asia and Pacific,17.82,97.36,80,0.6,6.08,0.49,0.36,136.60248666666664,67.35,1.2,153,0.706288083641718,767
Australia,2015,AUS,East Asia and Pacific,17.2,97.43,79,0.61,6.05,0.49,0.36,157.17,66.78,1.09,154,0.7143253865272862,644
Australia,2016,AUS,East Asia and Pacific,16.95,97.44,79,0.61,5.71,0.49,0.36,153.01,63.9,1.17,155,0.72028774332248,572
Australia,2017,AUS,East Asia and Pacific,16.6,97.46,77,0.65,5.59,0.5,0.36,150.31,63.91,1.14,156,0.721079997700244,563
Australia,2018,AUS,East Asia and Pacific,16.22,97.47,77,0.64,5.3,0.49,0.36,132.77,61.68,1.13,157,0.7238756289414378,505
Australia,2019,AUS,East Asia and Pacific,14.69,97.48,77,0.59,5.16,0.49,0.37,140.65,60.15,1.42,158,0.723027832232747,517
Australia,2020,AUS,East Asia and Pacific,13.77,97.49,77,0.61,6.46,0.49,0.3648266666666666,134.45,59.186704047619024,1.42,159,0.7201549970494702,574
Australia,2021,AUS,East Asia and Pacific,18.31973500000001,96.38233842213342,73,0.61,5.12,0.49,0.35508499999999993,130.7316983333334,60.69447904761907,0.63,160,0.7272641297133842,454
Australia,2022,AUS,East Asia and Pacific,18.110783333333337,96.42456592213343,75,0.61,5.407709353933818,0.4869056748660694,0.3577666666666666,135.1913283333334,62.08477238095238,0.75,161,0.7247066947523155,493
Austria,2000,AUT,Europe and Central Asia,17.82,100,77,0.62,4.69,0.45,0.32,98.7,45.62,1.77,162,0.7337301127354139,379
Austria,2001,AUT,Europe and Central Asia,18.46,100,78,0.62,4.01,0.44,0.33,98.96,45.38,1.5,163,0.743857427070428,292
Austria,2002,AUT,Europe and Central Asia,18.61,100,78,0.62,4.85,0.45,0.33,99.02,45.57,1.53,164,0.7391558546229532,332
Austria,2003,AUT,Europe and Central Asia,18.89,100,80,0.62,4.78,0.46,0.34,99.48,46.73,1.46,165,0.7397040635687097,328
Austria,2004,AUT,Europe and Central Asia,19.3,100,84,0.62,5.83,0.44,0.34,99.52,47.2,0.83,166,0.750197898897926,244
Austria,2005,AUT,Europe and Central Asia,19.18,100,87,0.62,5.63,0.46,0.34,100.35,48.62,0.63,167,0.7514756343815843,236
Austria,2006,AUT,Europe and Central Asia,18.81,100,86,0.62,5.24,0.47,0.33,100.33,50.48,0.91,168,0.7423972192971082,308
Austria,2007,AUT,Europe and Central Asia,18.81,100,81,0.63,4.86,0.46,0.34,99.71,47.88,2.14,169,0.7249945183202322,489
Austria,2008,AUT,Europe and Central Asia,18.24,100,81,0.63,4.13,0.46,0.34,99.42,47.29,1.58,170,0.7401543928591859,324
Austria,2009,AUT,Europe and Central Asia,18.05,100,79,0.63,5.3,0.45,0.34,99.65,42.38,1.54,171,0.7461443139161501,272
Austria,2010,AUT,Europe and Central Asia,18.6,100,79,0.62,4.82,0.45,0.35,98.81,44.42,0.66,172,0.7594121593162232,192
Austria,2011,AUT,Europe and Central Asia,18.74,100,78,0.62,4.56,0.44,0.34,98.06,45.23,1.37,173,0.745048410707246,278
Austria,2012,AUT,Europe and Central Asia,18.67,100,69,0.62,4.87,0.43,0.34,97.84,43.12,1.78,174,0.733961150438072,376
Austria,2013,AUT,Europe and Central Asia,19.17,100,69,0.66,5.34,0.43,0.35,99.2,42.01,1.1,175,0.7511152296642427,241
Austria,2014,AUT,Europe and Central Asia,19.1,100,72,0.66,5.62,0.44,0.34,99.66,41.38,2.41,176,0.7255502511300306,481
Austria,2015,AUT,Europe and Central Asia,19.09,100,76,0.66,5.72,0.44,0.34,100.32,41.08,2.17,177,0.7340356888882182,375
Austria,2016,AUT,Europe and Central Asia,19.24,100,75,0.63,6.01,0.44,0.34,100.96,41.18,2.1,178,0.731944057835861,395
Austria,2017,AUT,Europe and Central Asia,19.15,100,75,0.64,5.5,0.43,0.35,100.46,42.03,1.74,179,0.7420305015050427,310
Austria,2018,AUT,Europe and Central Asia,18.43,100,76,0.62,4.85,0.43,0.35,99.96,41,2.52,180,0.7287044234513577,440
Austria,2019,AUT,Europe and Central Asia,17.91,100,77,0.62,4.49,0.43,0.35,100.19,41.9,2.37,181,0.7328083766064629,386
Austria,2020,AUT,Europe and Central Asia,16.8,100,76,0.61,5.36,0.44,0.3551166666666669,100.37,43.571566666666655,2.32,182,0.7270843335372891,458
Austria,2021,AUT,Europe and Central Asia,32.135915,99.64340833333337,74,0.59,6.18,0.44,0.38266833333333344,110.90511999999995,45.16393916666669,1.4,183,0.7316488127078122,400
Austria,2022,AUT,Europe and Central Asia,29.591121666666655,98.53108909090908,71,0.56,6.092244362914865,0.46637107142857137,0.384925,106.65083333333328,40.98609666666666,2.5,184,0.7110700679958086,683
Azerbaijan,2000,AZE,Europe and Central Asia,68.61,57.84,15,0.09,11.78,0.55,0.41,81.74256500000003,12.2,1.1,185,0.6016812985547609,3671
Azerbaijan,2001,AZE,Europe and Central Asia,70.08,59.61,20,0.09,10.91,0.55,0.41,82.278565,12.47,1.4,186,0.6050364687716357,3605
Azerbaijan,2002,AZE,Europe and Central Asia,72.29,61.4,20,0.09,10.04,0.48,0.41,83.65275666666665,12.64,1.43,187,0.6124309920157407,3451
Azerbaijan,2003,AZE,Europe and Central Asia,68.87,63.22,18,0.09,9.17,0.47,0.41,84.41628166666668,14.63,-0.15,188,0.6296991807758568,3001
Azerbaijan,2004,AZE,Europe and Central Asia,65.77,65.06,19,0.08,7.99,0.48,0.41,86.60526833333333,15.66,1.3,189,0.6228392811358692,3228
Azerbaijan,2005,AZE,Europe and Central Asia,58.51,66.93,22,0.08,7.26,0.49,0.4,86.28812499999998,15.43,0.81,190,0.6377727426031063,2719
Azerbaijan,2006,AZE,Europe and Central Asia,56.39,68.83,24,0.08,6.62,0.54,0.39,88.91434166666666,18.01,1.49,191,0.6300320752845233,2989
Azerbaijan,2007,AZE,Europe and Central Asia,52.71,70.75,21,0.08,6.33,0.56,0.39,84.54851333333335,15.64,0.96,192,0.6362491736622078,2771
Azerbaijan,2008,AZE,Europe and Central Asia,54.17,72.69,19,0.08,5.86,0.49,0.39,90.40695166666666,16.64,0.88,193,0.6429411730140893,2514
Azerbaijan,2009,AZE,Europe and Central Asia,55.54,74.66,23,0.08,5.74,0.48,0.39,89.429705,15.49,0.78,194,0.6487834514104556,2286
Azerbaijan,2010,AZE,Europe and Central Asia,57.92,76.67,24,0.08,5.63,0.47,0.39,92.52153166666663,14.76,2.33,195,0.6338181926657508,2863
Azerbaijan,2011,AZE,Europe and Central Asia,59.87,78.69,24,0.08,5.42,0.48,0.39,91.02252833333333,15.32,0.77,196,0.6484602467712982,2299
Azerbaijan,2012,AZE,Europe and Central Asia,60.63,80.75,27,0.07,5.19,0.49,0.38,92.88497333333333,16.52,1.47,197,0.6413908162400075,2574
Azerbaijan,2013,AZE,Europe and Central Asia,64.21,82.84,28,0.07,4.97,0.48,0.38,92.87558999999999,16.3,1.57,198,0.6400879352229704,2638
Azerbaijan,2014,AZE,Europe and Central Asia,65.58,84.95,29,0.06,4.91,0.48,0.38,93.14352333333332,17.87,1.25,199,0.6410934143001454,2588
Azerbaijan,2015,AZE,Europe and Central Asia,67.45,87.03,29,0.06,4.96,0.48,0.37,95.01629666666663,18.07,1.67,200,0.6350191237223003,2827
Azerbaijan,2016,AZE,Europe and Central Asia,70.67,87.75,30,0.07,5,0.47,0.37,94.85771999999997,17.09,1.53,201,0.6371826202025401,2746
Azerbaijan,2017,AZE,Europe and Central Asia,72.51,88.46,31,0.07,4.96,0.48,0.37,94.11005666666668,16.93,1.31,202,0.6380576813266793,2709
Azerbaijan,2018,AZE,Europe and Central Asia,73.23,89.17,25,0.06,4.94,0.48,0.37,94.48,16.96,2.24,203,0.6220591447717847,3257
Azerbaijan,2019,AZE,Europe and Central Asia,68.32,89.85,30,0.07,4.85,0.48,0.37,94.78,17.84,2,204,0.6331680656267277,2885
Azerbaijan,2020,AZE,Europe and Central Asia,65.2,90.44,30,0.07,7.16,0.48,0.3779116666666667,94.09,16.645184999999998,2.02,205,0.6298310584806889,2995
Azerbaijan,2021,AZE,Europe and Central Asia,66.70998920745919,87.47989451964708,30,0.06,5.95,0.48,0.3755900000000001,93.68,17.315268333333325,2.06,206,0.6297509241197286,2997
Azerbaijan,2022,AZE,Europe and Central Asia,66.70998920745919,87.42633166250421,23,0.06,5.856735178155175,0.47868848181230483,0.37834500000000026,94.62427499999995,17.062176666666666,2.08,207,0.6250432134566872,3175
"Bahamas, The ",2000,BHS,Latin America and Caribbean,27.23,97.46,59.53716666666668,0.3499734450360025,7.2,0.68,0.41,90.97912000000005,56.48,0.16,208,0.6546658588870885,2102
"Bahamas, The ",2001,BHS,Latin America and Caribbean,28.23,97.49,60.74083333333335,0.34490177836933583,6.87,0.69,0.41,90.85855166666671,54.75,0.14,209,0.6572864872640474,2018
"Bahamas, The ",2002,BHS,Latin America and Caribbean,28.81,97.52,61.08633333333335,0.30721701669473583,9.05,0.69,0.41,91.88,52.92,0.86,210,0.6402805556371963,2625
"Bahamas, The ",2003,BHS,Latin America and Caribbean,28.64,97.55,62.533166666666666,0.3044268435345627,10.84,0.68,0.41,90.76853000000004,51.24,0.99,211,0.6356265883129502,2796
"Bahamas, The ",2004,BHS,Latin America and Caribbean,29.6,97.58,63.74233333333334,0.3300696571572146,10.2,0.68,0.41,86.18,48.13,0.31,212,0.6524722772208013,2171
"Bahamas, The ",2005,BHS,Latin America and Caribbean,30.36,97.62,67.36766666666668,0.31995666814622564,10.2,0.67,0.4,88.46,46.83,0.46,213,0.6561200651536296,2059
"Bahamas, The ",2006,BHS,Latin America and Caribbean,29.36,97.65,64.96316666666668,0.3228908692784267,7.54,0.67,0.41,89.68,46.87,0.39,214,0.6687063299041313,1704
"Bahamas, The ",2007,BHS,Latin America and Caribbean,28.73,97.68,61.69250000000001,0.2919190080367271,7.88,0.68,0.41,93.11,45.63,0.94,215,0.6575751134273348,2011
"Bahamas, The ",2008,BHS,Latin America and Caribbean,27.81,97.71,64.03966666666669,0.2951591811969004,8.18,0.67,0.4,92.16,43.78,0.84,216,0.66400228170076,1822
"Bahamas, The ",2009,BHS,Latin America and Caribbean,27.01,97.74,68.19316666666667,0.31694526121981864,14.25,0.66,0.41,90.24,41.06,0.41,217,0.65138897909938,2198
"Bahamas, The ",2010,BHS,Latin America and Caribbean,27.6,97.77,69.34266666666667,0.33956467880223634,14.32,0.66,0.41,89.35,39.53,0.31,218,0.6567228631179912,2036
"Bahamas, The ",2011,BHS,Latin America and Caribbean,27.96,97.8,73,0.3325387047762623,14.52,0.65,0.41,84.99,38.57,0.36,219,0.6579021767484294,2001
"Bahamas, The ",2012,BHS,Latin America and Caribbean,28.76,97.84,71,0.33491525239530984,14.02,0.65,0.42,85.76,36.66,0.34,220,0.6629384615300651,1859
"Bahamas, The ",2013,BHS,Latin America and Caribbean,27.95,97.87,71,0.2697188587334163,16.18,0.65,0.42,76.89,35.58,0.57,221,0.6409747499413699,2597
"Bahamas, The ",2014,BHS,Latin America and Caribbean,28.34,97.9,71,0.2618787516264708,13.8,0.65,0.41,89.99515666666666,34.93,0.88,222,0.6546322955065101,2103
"Bahamas, The ",2015,BHS,Latin America and Caribbean,30.41,97.93,66,0.26362883243455165,12,0.65,0.41,94.02588666666665,33.93,1.11,223,0.6591904635079084,1961
"Bahamas, The ",2016,BHS,Latin America and Caribbean,28.05,97.93,65,0.2691708165615358,12.7,0.65,0.41,94.39393,32.84,1.04,224,0.6598666105337571,1939
"Bahamas, The ",2017,BHS,Latin America and Caribbean,24.4,97.93,65,0.26641946735518657,9.8,0.65,0.41,98.94373999999998,31.84,1.33,225,0.674946771864426,1549
"Bahamas, The ",2018,BHS,Latin America and Caribbean,27.35,97.93,65,0.2517522451329644,10,0.65,0.42,96.08088333333332,30.87,1.02,226,0.6753656238539296,1538
"Bahamas, The ",2019,BHS,Latin America and Caribbean,26.35,97.93,64,0.25378057846629765,10.05,0.64,0.42,96.58158333333331,30,1.44,227,0.6726592712568134,1609
"Bahamas, The ",2020,BHS,Latin America and Caribbean,21.73,95.27673503274505,63,0.25331557846629765,12.87,0.66,0.38089666666666683,98.20605333333333,28.61519166666668,1.61,228,0.6563663200218405,2047
"Bahamas, The ",2021,BHS,Latin America and Caribbean,27.204905,93.07305225496724,64,0.24099202543599457,11.66,0.66,0.38487523809523816,94.80643333333333,29.226978333333346,0.88,229,0.6654321115237121,1779
"Bahamas, The ",2022,BHS,Latin America and Caribbean,25.411505000000005,96.66104919941174,64,0.2643004823124515,10.867266830718302,0.6477126190476183,0.3926466666666667,95.629745,31.875720000000015,1.48,230,0.6645078028034913,1805
Bahrain,2000,BHR,Middle East and North Africa,27.54,98.89,53.2481507936508,0.02,1.12,0.65,0.13,97.57,81.97,1.12,231,0.5743693196233555,4057
Bahrain,2001,BHR,Middle East and North Africa,26.77,98.9,54.13833333333333,0.06,1.14,0.65,0.14,97.97,79.12,1.22,232,0.5832617847039565,3945
Bahrain,2002,BHR,Middle East and North Africa,26.95,98.91,55.0045,0.1,1.14,0.64,0.13,94.3,76.28,1.55,233,0.5877714006815958,3881
Bahrain,2003,BHR,Middle East and North Africa,32.32,98.92,61,0.11,1.11,0.64,0.13,94.26,74.47,1.26,234,0.5953593180988407,3781
Bahrain,2004,BHR,Middle East and North Africa,30.68,98.92,58,0.11,1.1,0.64,0.13,95.37,71.8,1.39,235,0.59796609065672,3730
Bahrain,2005,BHR,Middle East and North Africa,27.47,98.93,58,0.12,1.1,0.64,0.13,96.2,68.26,1.07,236,0.6103278613899611,3492
Bahrain,2006,BHR,Middle East and North Africa,26.7,98.94,57,0.11,1.11,0.64,0.13,96.4,65.89,1.82,237,0.6049494808658015,3608
Bahrain,2007,BHR,Middle East and North Africa,30.24,98.95,50,0.11,1.09,0.65,0.13,94.28949999999998,62.48,1.08,238,0.6099630057023759,3497
Bahrain,2008,BHR,Middle East and North Africa,27.91,98.95,54,0.11,1.11,0.65,0.13,91.79,60.19,1.33,239,0.6142304341158185,3419
Bahrain,2009,BHR,Middle East and North Africa,26.58,98.96,51,0.11,1.14,0.65,0.13,91.98,56.86,1.22,240,0.6193261887918625,3328
Bahrain,2010,BHR,Middle East and North Africa,26.75,98.97,49,0.11,1.13,0.65,0.14,92.86,55.64,2.29,241,0.6085807920661089,3531
Bahrain,2011,BHR,Middle East and North Africa,26.32,98.98,51,0.07,1.18,0.65,0.14,95.3,54.96,1.43,242,0.617992018048375,3350
Bahrain,2012,BHR,Middle East and North Africa,26.8,98.98,51,0.05,1.2,0.66,0.14,91.67,53.99,1.39,243,0.6153036479819799,3401
Bahrain,2013,BHR,Middle East and North Africa,26.92,98.98,48,0.05,1.18,0.66,0.14,96.67,53.04,1.4,244,0.6160692637107184,3387
Bahrain,2014,BHR,Middle East and North Africa,26.14,98.98,49,0.05,1.18,0.66,0.14,98.94,53.67,1.69,245,0.6137786827705878,3430
Bahrain,2015,BHR,Middle East and North Africa,25.89,98.98,51,0.04,1.2,0.66,0.14,102.16,53.67,2.24,246,0.6088844179503284,3520
Bahrain,2016,BHR,Middle East and North Africa,27.99,98.98,43,0.04,1.18,0.66,0.14,103.85,52.31,1.6,247,0.6120257747035573,3455
Bahrain,2017,BHR,Middle East and North Africa,32.54,98.98,36,0.04,1.17,0.66,0.14,102.2,50.56,2.08,248,0.6012416066405833,3677
Bahrain,2018,BHR,Middle East and North Africa,30.46,98.98,36,0.03,1.18,0.66,0.13,98.6,48.74,2.25,249,0.6004572001072369,3690
Bahrain,2019,BHR,Middle East and North Africa,30.82,98.98,42,0.04,1.18,0.66,0.13,97.11,47.2,2.11,250,0.6086121918862946,3528
Bahrain,2020,BHR,Middle East and North Africa,30.12,98.98,42,0.04,1.67,0.66,0.14573568181818194,99.62872333333333,54.82269065789474,2.03,251,0.5994630109706699,3702
Bahrain,2021,BHR,Middle East and North Africa,27.91362936507937,97.98974453057548,42,0.04,1.53,0.66,0.14766297619047633,99.657865,49.82297065789475,2.46,252,0.6034231939278554,3648
Bahrain,2022,BHR,Middle East and North Africa,27.310376031746024,97.9362795305755,44,0.04,1.7730001496492007,0.6501998739341144,0.14311833333333343,99.29254166666665,54.716492500000044,2.02,253,0.6031061537649576,3656
Bangladesh,2000,BGD,South Asia,61.82,63.78,17.263499999999997,0.25,3.27,0.55,0.08,49.76,1.65,0.23,254,0.63717380152138825,2748
Bangladesh,2001,BGD,South Asia,65.81,63.95,4,0.24,3.62,0.55,0.08,51.04,1.83,0.32,255,0.6214797599361507,3273
Bangladesh,2002,BGD,South Asia,62.94,64.16,12,0.23,3.93,0.56,0.09,52.2,1.77,0.4,256,0.6282996554716411,3050
Bangladesh,2003,BGD,South Asia,63.01,64.36,13,0.23,4.32,0.56,0.09,51.93,1.97,0.24,257,0.6290046879000581,3023
Bangladesh,2004,BGD,South Asia,63.1,64.56,15,0.23,4.27,0.56,0.08,48.35,1.99,0.27,258,0.628513906895001,3041
Bangladesh,2005,BGD,South Asia,65.38,65.7,17,0.23,4.25,0.56,0.08,46.96,2.03,0.59,259,0.6256631432601147,3154
Bangladesh,2006,BGD,South Asia,65.64,66.84,20,0.21,3.59,0.56,0.08,47.53,2.06,0.81,260,0.6266122495962166,3116
Bangladesh,2007,BGD,South Asia,66.41,67.97,20,0.12,4.09,0.56,0.08,48.3,2.12,0.27,261,0.6224361000923596,3241
Bangladesh,2008,BGD,South Asia,67.83,69.09,21,0.12,4.55,0.55,0.07,46.24,2.14,0.09,262,0.6217568406769979,3266
Bangladesh,2009,BGD,South Asia,67.94,70.21,24,0.2,5,0.54,0.07,50,2.24,0.84,263,0.6252066337084106,3169
Bangladesh,2010,BGD,South Asia,67.96,71.31,24,0.21,3.38,0.55,0.06,51.64,2.39,0.77,264,0.6298905544116116,2993
Bangladesh,2011,BGD,South Asia,68.18,72.42,27,0.2,3.75,0.54,0.07,52.43,2.48,0.14,265,0.6371790656961098,2747
Bangladesh,2012,BGD,South Asia,68.28,73.51,26,0.19,4.1,0.54,0.08,55.21,2.53,0.24,266,0.6357526408162231,2788
Bangladesh,2013,BGD,South Asia,69.62,74.59,27,0.16,4.43,0.54,0.09,60.17,2.68,0.23,267,0.6346946606170879,2835
Bangladesh,2014,BGD,South Asia,70.76,75.66,25,0.13,4.39,0.54,0.1,61.32610833333336,2.77,0.48,268,0.6292194893893173,3013
Bangladesh,2015,BGD,South Asia,72.68,76.73,25,0.14,4.37,0.53,0.12,65.63,2.85,0.72,269,0.6303365423831183,2977
Bangladesh,2016,BGD,South Asia,71.49,77.78,26,0.14,4.35,0.53,0.13,71.42,2.88,1.34,270,0.6292369941710718,3011
Bangladesh,2017,BGD,South Asia,70.09,78.82,28,0.14,4.37,0.53,0.16,69.66,3.01,1.12,271,0.6354736349860151,2807
Bangladesh,2018,BGD,South Asia,70.68,79.86,26,0.12,4.38,0.53,0.16,72.69,3.18,0.88,272,0.6348589503235376,2829
Bangladesh,2019,BGD,South Asia,72.05,80.88,26,0.12,4.38,0.53,0.17,72.56,3.75,1.14,273,0.6316899301303533,2936
Bangladesh,2020,BGD,South Asia,74,81.89,26,0.12,5.21,0.53,0.14430833333333326,74.36,4.095241666666669,0.9,274,0.6285620476591854,3039
Bangladesh,2021,BGD,South Asia,70.45746583333333,80.20266967865469,26,0.12,5.1,0.53,0.15092999999999995,75.49,3.6709133333333357,1.3,275,0.6290687666539762,3021
Bangladesh,2022,BGD,South Asia,69.86094166666663,78.7337772381785,25,0.13,4.989702612387612,0.5422676658305464,0.13419166666666663,68.35486666666668,3.458928333333334,1.22,276,0.6262786373455537,3129
Barbados,2000,BRB,Latin America and Caribbean,39.37,98.21,71.36431818181819,0.32,9.35,0.6645436450448864,0.4,103.62,55.023764010989005,0.3,277,0.6498176186700921,2250
Barbados,2001,BRB,Latin America and Caribbean,38.06,98.22,71.44381818181819,0.32,9.85,0.6669346706859121,0.4,103.51,55.82804234432234,0.51,278,0.6445439257434037,2442
Barbados,2002,BRB,Latin America and Caribbean,36.52,98.23,71.27881818181818,0.32,10.32,0.667804670685912,0.4,104.33,55.02998401098901,0.55,279,0.6446387391390643,2439
Barbados,2003,BRB,Latin America and Caribbean,35.93,98.24,70.001,0.33,11,0.6733650024936924,0.41,105.45,49.198136889776876,0.89,280,0.6483269931172307,2303
Barbados,2004,BRB,Latin America and Caribbean,33.59,98.25,73,0.33,9.57,0.6702368445989556,0.41,107.72,55.95528952380951,0.7,281,0.6503891160490322,2231
Barbados,2005,BRB,Latin America and Caribbean,35.07,98.26,69,0.33,9.08,0.6730114768526668,0.41,108.54,49.01912522311023,1.13,282,0.6555249013607904,2073
Barbados,2006,BRB,Latin America and Caribbean,35.38,98.27,67,0.33,8.73,0.672915177932289,0.41,105.88,49.537469032634036,0.84,283,0.65728924980419845,2017
Barbados,2007,BRB,Latin America and Caribbean,36.84,98.28,69,0.33,7.41,0.6732540668211778,0.41,105.39,50.40538901098901,0.68,284,0.6632236049323944,1852
Barbados,2008,BRB,Latin America and Caribbean,35.46,98.29,70,0.33,8.12,0.6730601779322888,0.41,104.48,49.805211889776885,0.32,285,0.6668694771725084,1742
Barbados,2009,BRB,Latin America and Caribbean,36.31,98.3,74,0.34,10.02,0.6691068445989553,0.42,103.23,57.83757285714284,0.43,286,0.6465772188900519,2356
Barbados,2010,BRB,Latin America and Caribbean,38.08,98.31,78,0.34,10.69,0.6690464768526664,0.42,101.91,61.069540735930715,1.15,287,0.6296818141539902,3002
Barbados,2011,BRB,Latin America and Caribbean,42.19,98.32,78,0.34,11.19,0.6666475588846698,0.42,103.64,59.22062240259737,0.68,288,0.6339688108491435,2861
Barbados,2012,BRB,Latin America and Caribbean,38.61,98.33,76,0.34,11.59,0.6658525588846698,0.42,102.93840500000002,60.17307240259737,0.49,289,0.6339877350549197,2860
Barbados,2013,BRB,Latin America and Caribbean,40.99,98.34,75,0.33,11.55,0.6684125588846698,0.43,105.4400183333334,58.43522406926405,0.78,290,0.6316342310759752,2940
Barbados,2014,BRB,Latin America and Caribbean,43.8,98.35,74,0.33,12.17,0.6659158922180031,0.43,108.12,52.556482857142846,0.42,291,0.6414622411769701,2573
Barbados,2015,BRB,Latin America and Caribbean,44,98.36,61,0.33,9.8,0.6684458922180029,0.43,107.53,43.980677365967374,0.87,292,0.6522949764085331,2172
Barbados,2016,BRB,Latin America and Caribbean,44.07,98.37,68,0.33,8.25,0.6675263578050474,0.42,106.51,43.32911736596738,1.0726146577172246,293,0.6617803139886035,1893
Barbados,2017,BRB,Latin America and Caribbean,45.29,98.38,68,0.33,8.62,0.6673413578050474,0.42,106.33,43.083129032634034,1.0812622337384843,294,0.6594013262100612,1954
Barbados,2018,BRB,Latin America and Caribbean,46.52,98.39,68,0.33,8.32,0.6702223834460732,0.42,103.7,44.48553903263405,0.9933646115921116,295,0.6570520100582572,2026
Barbados,2019,BRB,Latin America and Caribbean,46.73,98.4,62,0.34,8.41,0.6691238578050474,0.42,102.71,43.2522456993007,1.2370193277310926,296,0.6519574434645976,2186
Barbados,2020,BRB,Latin America and Caribbean,40.59,98.4,64,0.35,10.1,0.6702706072874487,0.4169933333333337,104.02,43.64686450882452,1.345572068307141,297,0.6503024106685211,2233
Barbados,2021,BRB,Latin America and Caribbean,32.11481939393939,97.20730938630207,65,0.35,9.58,0.6722396911383803,0.3983216666666668,105.48,44.91624236596739,1.0782295191491722,298,0.6605848925553315,1919
Barbados,2022,BRB,Latin America and Caribbean,33.02798296536796,97.61266788141809,65,0.33,9.35640605339105,0.674350716779406,0.4129249999999999,102.99515999999998,46.204412365967386,0.9327296511940264,299,0.6582449707797609,1987
Belarus,2000,BLR,Europe and Central Asia,16.03,80.61,41,0.11,12.25,0.49,0.43,96.64854500000003,19.31,1.94,300,0.6567581090801006,2035
Belarus,2001,BLR,Europe and Central Asia,20.71,80.8,40.80216666666667,0.09,11.54,0.47,0.43,98.18430666666669,18.49,1.98,301,0.6575860691565949,2009
Belarus,2002,BLR,Europe and Central Asia,23.03,80.98,48,0.09,10.89,0.47,0.43,98.24999333333335,19.58,1.89,302,0.6651047755718469,1787
Belarus,2003,BLR,Europe and Central Asia,20.17,81.16,42,0.09,10.3,0.46,0.43,96.17706166666669,18.89,0.08,303,0.6860836360258368,1219
Belarus,2004,BLR,Europe and Central Asia,19.22,82.53,33,0.09,9.8,0.44,0.43,97.28342333333336,19.72,0.93,304,0.6725684751101296,1612
Belarus,2005,BLR,Europe and Central Asia,21.78,83.86,26,0.09,9.04,0.45,0.43,100.39543666666667,18.67,1.28,305,0.6649207232641142,1792
Belarus,2006,BLR,Europe and Central Asia,24.39,85.16,21,0.09,8.38,0.45,0.43,100.80252833333336,20.77,0.65,306,0.6658156175739448,1770
Belarus,2007,BLR,Europe and Central Asia,25.79,86.43,21,0.09,7.66,0.47,0.43,104.47588999999999,22.3,2.36,307,0.6453888488262675,2409
Belarus,2008,BLR,Europe and Central Asia,29.84,87.66,20,0.09,7.03,0.46,0.43,111.93,24.29,2.25,308,0.6464940123285411,2363
Belarus,2009,BLR,Europe and Central Asia,30.92,88.87,24,0.09,6.1,0.46,0.43,110.75,16.58,1.6,309,0.669103017809752,1694
Belarus,2010,BLR,Europe and Central Asia,29.17,90.05,25,0.08,6.26,0.45,0.43,108.23,18.57,1.46,310,0.6693711583758954,1687
Belarus,2011,BLR,Europe and Central Asia,33.59,91.21,24,0.08,6.17,0.48,0.43,107.39,16.29,1.02,311,0.6708849930945486,1650
Belarus,2012,BLR,Europe and Central Asia,30.77,92.33,31,0.08,6.05,0.46,0.43,107.21,17.82,1.56,312,0.6736312930234439,1582
Belarus,2013,BLR,Europe and Central Asia,33.79,93.41,29,0.08,6.01,0.43,0.43,105.43,17.38,1.21,313,0.676240849191268,1507
Belarus,2014,BLR,Europe and Central Asia,34.89,94.46,31,0.08,6,0.44,0.43,105.52,18.88,2.18,314,0.6630004503903748,1858
Belarus,2015,BLR,Europe and Central Asia,36.2,94.49,32,0.09,5.84,0.42,0.43,105.47,17.93,2.25,315,0.6658966568614206,1767
Belarus,2016,BLR,Europe and Central Asia,26.71,94.51,40,0.1,5.84,0.43,0.43,104.8,17.4,2.2,316,0.680626300505421,1386
Belarus,2017,BLR,Europe and Central Asia,27.06,94.54,44,0.1,5.65,0.43,0.43,103.51,17.47,1.59,317,0.6929251842948128,1068
Belarus,2018,BLR,Europe and Central Asia,25.45,94.56,44,0.1,4.76,0.43,0.43,102.44,18.42,2.34,318,0.6842137346313533,1269
Belarus,2019,BLR,Europe and Central Asia,25.69,94.59,45,0.1,4.16,0.43,0.43,102.08,18.58,2.69,319,0.6808048379276331,1381
Belarus,2020,BLR,Europe and Central Asia,24.77,94.61,47,0.09,4.05,0.43,0.4244283333333332,103.47,20.573134848484848,3.51,320,0.66669993866478094,1748
Belarus,2021,BLR,Europe and Central Asia,37.088200873015886,90.53139075757575,41,0.06,3.9,0.43,0.40891833333333316,104.65,21.997274155844153,1.73,321,0.6761363281159365,1511
Belarus,2022,BLR,Europe and Central Asia,37.421357539682546,91.81031702380955,39,0.06,5.805398698323984,0.44663083000332976,0.4147016666666665,101.01817166666662,20.83941606060607,1.92,322,0.6653805324632347,1780
Belgium,2000,BEL,Europe and Central Asia,20.23,100,61,0.63,6.59,0.45,0.34,144.88,60.65,1.48,323,0.7056933943980804,779
Belgium,2001,BEL,Europe and Central Asia,19.59,100,66,0.63,6.18,0.45,0.34,153.8,58.13,1.34,324,0.7215315174346931,552
Belgium,2002,BEL,Europe and Central Asia,20.87,100,71,0.63,6.91,0.44,0.35,155.91,60.49,1.4,325,0.7175661494860178,605
Belgium,2003,BEL,Europe and Central Asia,20.75,100,76,0.63,7.68,0.44,0.36,158.63,59.2,1.53,326,0.7195540263403952,577
Belgium,2004,BEL,Europe and Central Asia,19.94,100,75,0.62,7.36,0.45,0.35,153.41,65.51,1.09,327,0.7111524479144761,680
Belgium,2005,BEL,Europe and Central Asia,20.01,100,74,0.63,8.44,0.45,0.36,159.89,64.04,1.2,328,0.709698048742497,702
Belgium,2006,BEL,Europe and Central Asia,20.21,100,73,0.63,8.25,0.45,0.37,161.02,67.11,1.4,329,0.7005981738745827,870
Belgium,2007,BEL,Europe and Central Asia,20.56,100,71,0.63,7.46,0.45,0.37,159.51,68.22,1.88,330,0.6916921412711124,1103
Belgium,2008,BEL,Europe and Central Asia,19.91,100,73,0.64,6.98,0.44,0.38,158.74,62.59,1.26,331,0.720268616210064,573
Belgium,2009,BEL,Europe and Central Asia,19.67,100,71,0.64,7.91,0.43,0.39,156.64,51.94,1.16,332,0.7408484840076625,318
Belgium,2010,BEL,Europe and Central Asia,19.72,100,71,0.64,8.29,0.44,0.4,156.86,55.28,0.23,333,0.7458989950757342,273
Belgium,2011,BEL,Europe and Central Asia,19.6,100,75,0.64,7.14,0.43,0.4,156.63,57.62,1.29,334,0.7333761675600434,383
Belgium,2012,BEL,Europe and Central Asia,19.29,100,75,0.64,7.54,0.43,0.4,157.79,52.13,1.13,335,0.7468337421732234,267
Belgium,2013,BEL,Europe and Central Asia,19.53,100,75,0.64,8.43,0.44,0.4,160.92,51.14,0.46,336,0.7552308734719776,215
Belgium,2014,BEL,Europe and Central Asia,19.28,100,76,0.64,8.52,0.44,0.4,162.3,50.47,2.42,337,0.7203287543418729,571
Belgium,2015,BEL,Europe and Central Asia,18.71,100,77,0.64,8.48,0.44,0.4,163.93,50,1.37,338,0.7442472754385759,288
Belgium,2016,BEL,Europe and Central Asia,18.1,100,77,0.64,7.83,0.44,0.4,161.03,48.34,1.88,339,0.7403229249903769,322
Belgium,2017,BEL,Europe and Central Asia,17.91,100,75,0.64,7.09,0.44,0.41,158.54,48.57,1.73,340,0.7452484480228928,275
Belgium,2018,BEL,Europe and Central Asia,17.82,100,75,0.64,5.95,0.45,0.41,155.96,50.25,2.2,341,0.7351553291569423,367
Belgium,2019,BEL,Europe and Central Asia,18.98,100,75,0.64,5.36,0.45,0.41,156.08,49.8,2.08,342,0.7401400095647709,325
Belgium,2020,BEL,Europe and Central Asia,16.04,100,76,0.63,5.55,0.45,0.38589666666666667,151.57,48.05283166666666,2.57,343,0.7313694591798575,405
Belgium,2021,BEL,Europe and Central Asia,17.815315476190474,99.26719999999999,73,0.64,6.26,0.45,0.38959333333333307,152.50180297979793,50.07062333333333,1.2,344,0.7516434901373922,234
Belgium,2022,BEL,Europe and Central Asia,17.510266190476187,98.49975504329004,73,0.63,6.345978497474749,0.4678477920901563,0.3910216666666664,146.6568696464646,50.890588333333355,2.81,345,0.7126085481560246,664
Belize,2000,BLZ,Latin America and Caribbean,37.31,84.9,35.14766666666666,0.3499734450360025,10.87,0.68,0.27,67.99,15.49,0.18,346,0.6509803333908306,2216
Belize,2001,BLZ,Latin America and Caribbean,33.66,85.53,34.763666666666666,0.32377378935834683,9.07,0.69,0.27,70.59,15.27,0.45,347,0.655551358426987,2072
Belize,2002,BLZ,Latin America and Caribbean,33.32,86.16,35.814499999999995,0.3040203500280692,10.04,0.69,0.28,76.99777452380955,15.01,0.73,348,0.6518784196494004,2188
Belize,2003,BLZ,Latin America and Caribbean,33.5,86.79,45,0.3008368435345627,10.26,0.68,0.28,76.94,14.89,0.95,349,0.6577729911928434,2006
Belize,2004,BLZ,Latin America and Caribbean,33.46,87.42,38,0.3023405285994977,10.59,0.68,0.29,78.26,14.58,0.7,350,0.6548859046287949,2093
Belize,2005,BLZ,Latin America and Caribbean,31.96,88.06,37,0.30273535002806917,10.91,0.67,0.29,76.47,14.41,0.85,351,0.6531648221154326,2151
Belize,2006,BLZ,Latin America and Caribbean,28.97,88.69,35,0.291789597863567,9.39,0.67,0.29,76.67,14.61,0.66,352,0.6604612067078333,1923
Belize,2007,BLZ,Latin America and Caribbean,24.89,89.32,30,0.29600918119690034,8.51,0.68,0.3,75.31,14.47,0.85,353,0.6589339400406766,1966
Belize,2008,BLZ,Latin America and Caribbean,22.92,89.95,29,0.2907121659817235,8.18,0.67,0.3,74.79,14.56,0.58,354,0.6638676870339774,1828
Belize,2009,BLZ,Latin America and Caribbean,24.34,90.58,35.50233333333333,0.29923211409733325,8.24,0.66,0.3,74.39,13.62,0.92,355,0.6685450678069974,1710
Belize,2010,BLZ,Latin America and Caribbean,24.63,91.36,35.1215,0.3000484236211428,8.24,0.66,0.3,75.31,13.66,0.84,356,0.6694039977644235,1684
Belize,2011,BLZ,Latin America and Caribbean,24.54,92.15,36.05766666666666,0.29335026705548634,8.28,0.65,0.3,75.95,13.58,0.72,357,0.6727600576601213,1604
Belize,2012,BLZ,Latin America and Caribbean,25.35,92.93,41.38083333333333,0.2891703405848981,8.31,0.65,0.31,78.32,13.14,0.64,358,0.6797336007329816,1410
Belize,2013,BLZ,Latin America and Caribbean,24.94,93.72,43.87116666666667,0.27141519629291555,8.35,0.65,0.31,80.07,13.11,0.79,359,0.6794789754894045,1417
Belize,2014,BLZ,Latin America and Caribbean,22.3,94.52,44.20550000000001,0.2645957983297675,8.24,0.65,0.3,79.76,12.78,0.7,360,0.6816679418393257,1352
Belize,2015,BLZ,Latin America and Caribbean,23.28,95.29,46.31533333333335,0.26159581656153574,7.58,0.65,0.3,80.66,12.55,1.5,361,0.6760761738269887,1513
Belize,2016,BLZ,Latin America and Caribbean,23.66,95.85,47.22066666666669,0.2685058165615357,7,0.65,0.3,87.01,12.38,1.45,362,0.6827184516162712,1316
Belize,2017,BLZ,Latin America and Caribbean,23.82,96.41,55.663500000000006,0.2666194673551866,6.6,0.65,0.31,84.04,12.23,1.34,363,0.6919514207390279,1094
Belize,2018,BLZ,Latin America and Caribbean,23.2,96.96,56.48066666666666,0.24118089448361363,7.81,0.65,0.31,85.37,12.09,0.85,364,0.6927542137473923,1073
Belize,2019,BLZ,Latin America and Caribbean,23.93,96.97,56.15100000000001,0.2548455784662977,9.05,0.64,0.31,86.39,11.99,1.56,365,0.6816709650606303,1351
Belize,2020,BLZ,Latin America and Caribbean,21.92,96.97,56.269000000000005,0.2445185857126745,10.79,0.66,0.33882166666666663,85.25,18.669501666666665,1.72,366,0.6638193668462166,1832
Belize,2021,BLZ,Latin America and Caribbean,24.729219999999994,93.88117667430608,46.24766666666667,0.25501988402185316,10.29,0.66,0.32326166666666645,88.23,14.392167142857147,1.29,367,0.6675026207504215,1732
Belize,2022,BLZ,Latin America and Caribbean,25.919901666666664,91.32364870129868,41.91049999999999,0.24938381564578482,9.182822114629909,0.6546499999999993,0.31100999999999984,84.44886952380948,13.68635166666666,1.03,368,0.6691485662610954,1693
Benin,2000,BEN,Sub-Saharan Africa,52.37,39.64,31.525833333333335,0.34,0.84,0.59,0.2,21.84,3.81,0.45,369,0.6540175235141087,2130
Benin,2001,BEN,Sub-Saharan Africa,49.89,38.92,30.52883333333334,0.34,0.77,0.59,0.2,23.67,3.83,0.52,370,0.6552176469638649,2084
Benin,2002,BEN,Sub-Saharan Africa,52.66,38.23,30.21833333333333,0.33,0.69,0.59,0.2,25.67,4.23,0.72,371,0.6511073365281628,2209
Benin,2003,BEN,Sub-Saharan Africa,53.02,37.57,29.927,0.41,0.74,0.59,0.21,27.03,4.23,0.94,372,0.6551888395541788,2085
Benin,2004,BEN,Sub-Saharan Africa,51.06,36.9,32,0.41,0.77,0.6,0.21,28.89,3.98,0.71,373,0.6601945107368781,1930
Benin,2005,BEN,Sub-Saharan Africa,51.1,36.21,29,0.42,0.83,0.6,0.21,28.372960000000006,4.74,1.11,374,0.653518630904307,2142
Benin,2006,BEN,Sub-Saharan Africa,50.49,35.52,25,0.44,0.86,0.6,0.21,29.338970000000003,5.14,1.04,375,0.6524878185233381,2170
Benin,2007,BEN,Sub-Saharan Africa,49,34.81,27,0.43,0.89,0.61,0.21,32.96222833333334,5.23,0.81,376,0.6569354091724272,2029
Benin,2008,BEN,Sub-Saharan Africa,47.33,34.1,31,0.43,0.94,0.61,0.21,34.65348166666668,5.3,0.63,377,0.6635587786389131,1842
Benin,2009,BEN,Sub-Saharan Africa,46.01,33.37,29,0.42,1,0.62,0.22,38.39144166666668,5.15,0.95,378,0.6601476955731145,1932
Benin,2010,BEN,Sub-Saharan Africa,44.99,32.63,28,0.43,1.04,0.62,0.22,40.79649000000002,5.23,1.23,379,0.6585652482474071,1978
Benin,2011,BEN,Sub-Saharan Africa,43.57,31.87,30,0.4,2.65,0.63,0.21,49.13,5.82,0.95,380,0.6591940956484266,1960
Benin,2012,BEN,Sub-Saharan Africa,37.41,31.11,36,0.4,2.45,0.63,0.21,48.13514666666667,5.22,0.6,381,0.6723635227955294,1619
Benin,2013,BEN,Sub-Saharan Africa,42.31,30.34,36,0.39,2.25,0.63,0.22,55.97,5.37,0.85,382,0.670010643820039,1671
Benin,2014,BEN,Sub-Saharan Africa,44.01,29.56,39,0.4,2.11,0.64,0.22,56.24,5.21,0.94,383,0.6702072331225103,1663
Benin,2015,BEN,Sub-Saharan Africa,43.94,28.76,37,0.44,2.02,0.64,0.22,58.85,5.31,1.11,384,0.6706765472089914,1653
Benin,2016,BEN,Sub-Saharan Africa,46.43,27.96,36,0.49,1.84,0.62,0.22,59.04,5.54,1.03,385,0.6748087518454803,1554
Benin,2017,BEN,Sub-Saharan Africa,43.68,27.15,39,0.48,1.64,0.6,0.23,53.681810000000006,5.56,1.16,386,0.6785118390397251,1442
Benin,2018,BEN,Sub-Saharan Africa,44.44,26.33,40,0.4,1.47,0.58,0.23,50.71720166666667,5.48,1.06,387,0.6753668460919459,1537
Benin,2019,BEN,Sub-Saharan Africa,46.2,25.5,41,0.29,1.47,0.58,0.24,47.02568833333332,5.5,1.15,388,0.6639774789947865,1823
Benin,2020,BEN,Sub-Saharan Africa,41.17,24.67,41,0.25,1.67,0.58,0.26406833333333335,47.5,5.371758333333332,1.03,389,0.6665678858308027,1752
Benin,2021,BEN,Sub-Saharan Africa,42.02070166666668,30.45724504273505,42,0.25,1.75,0.58,0.26536666666666664,47.91,5.795290000000002,1.52,390,0.6627503541022697,1862
Benin,2022,BEN,Sub-Saharan Africa,40.18268375,25.744258772893776,43,0.27,2.6845551770451754,0.6081016666666668,0.25558166666666676,48.48046666666668,5.53105642857143,0.88,391,0.6665805379025309,1751
Bhutan,2000,BTN,South Asia,11.54,68.31,46.36516666666665,0.12,1.63,0.61,0.28,30.02,7.46,0.21,392,0.6797944850217853,1407
Bhutan,2001,BTN,South Asia,7.93,69.11,46.893499999999996,0.12,1.9,0.61,0.28,33.41,8,0.72,393,0.6777483365486694,1469
Bhutan,2002,BTN,South Asia,10.3,70.24,46.92099999999999,0.12,1.87,0.61,0.27,49.1154082051282,8.4,0.49,394,0.6856738353452191,1235
Bhutan,2003,BTN,South Asia,19.01,71.39,46.38983333333333,0.12,1.8,0.61,0.27,43.52888487179488,8.07,0.5,395,0.6795161901371918,1416
Bhutan,2004,BTN,South Asia,16.25,72.54,48.12383333333333,0.12,2.49,0.6,0.27,44.75928153846154,7.52,0.48,396,0.6831421054812994,1305
Bhutan,2005,BTN,South Asia,16.79,73.71,49.765499999999996,0.13,3.1,0.59,0.27,44.55,7.88,0.75,397,0.682164478559235,1336
Bhutan,2006,BTN,South Asia,14.79,74.89,60,0.13,3.13,0.58,0.26,47.4,7.09,0.96,398,0.6907886762407635,1122
Bhutan,2007,BTN,South Asia,14.34,76.07,50,0.14,3.7,0.57,0.25,51.4,7.04,0.98,399,0.6857584334505404,1234
Bhutan,2008,BTN,South Asia,15.47,77.26,52,0.31,3.75,0.57,0.24,54.72,6.98,0.56,400,0.7110627534738017,684
Bhutan,2009,BTN,South Asia,16.58,78.46,50,0.36,3.96,0.57,0.24,59.58,8.19,1.39,401,0.7046432896177538,795
Bhutan,2010,BTN,South Asia,16.48,79.67,57,0.36,3.32,0.58,0.23,63.57,9.76,1.2,402,0.7136464749500181,652
Bhutan,2011,BTN,South Asia,16.34,80.89,57,0.36,3.23,0.58,0.17,67.25,10.86,0.53,403,0.7175287354479296,607
Bhutan,2012,BTN,South Asia,20.51,82.12,63,0.37,2.05,0.58,0.17,71.7,11.27,0.51,404,0.7262839519363602,469
Bhutan,2013,BTN,South Asia,20.31,83.36,63,0.36,2.87,0.57,0.15,75.61,11.28,0.74,405,0.7219154904928988,541
Bhutan,2014,BTN,South Asia,21.17,84.61,65,0.35,2.63,0.57,0.15,82.72,11.29,0.86,406,0.7244431347528498,498
Bhutan,2015,BTN,South Asia,19.79,85.87,65,0.35,2.45,0.56,0.16,84.02,10.63,1.07,407,0.7267093465796081,464
Bhutan,2016,BTN,South Asia,20.13,87,65,0.34,2.77,0.55,0.17,85.35,11.3,1.49,408,0.7210771726364469,564
Bhutan,2017,BTN,South Asia,13.31,87.97,67,0.36,3.06,0.55,0.17,87.87,11.47,1.46,409,0.729058129096392,431
Bhutan,2018,BTN,South Asia,13.16,88.08,68,0.35,3.35,0.55,0.17,90.09,11.46,1.35,410,0.7307477511662072,409
Bhutan,2019,BTN,South Asia,17.79,88.19,68,0.37,2.72,0.55,0.18,85.65699166666667,11.96,1.33,411,0.7312230921121571,406
Bhutan,2020,BTN,South Asia,15.42,88.3,68,0.37,5.03,0.55,0.20971782051282048,83.98304499999999,15.420378333333337,1.09,412,0.7288616620395371,438
Bhutan,2021,BTN,South Asia,22.64638444444444,82.67625555555556,68,0.36,3.91,0.55,0.2051628205128206,84.30154166666664,13.035837820512823,1.71,413,0.7183770841393181,591
Bhutan,2022,BTN,South Asia,21.128831904761913,83.35989000000001,68,0.33,4.807727490842492,0.5667433477087365,0.19455115384615385,82.65242166666665,13.868036666666665,1.52,414,0.7117687343240744,674
Bolivia,2000,BOL,Latin America and Caribbean,33.51,72.57,27,0.45,2.37,0.68,0.28,72.91,15.61,0.4,415,0.6812106355879871,1364
Bolivia,2001,BOL,Latin America and Caribbean,33.05,73.35,20,0.45,2.48,0.69,0.29,75.85,11.99,0.65,416,0.675413392690153,1532
Bolivia,2002,BOL,Latin America and Caribbean,33.92,74.1,22,0.44,2.49,0.69,0.29,80.58,11.19,1.02,417,0.6749334042860103,1550
Bolivia,2003,BOL,Latin America and Caribbean,32.03,74.84,23,0.45,2.53,0.68,0.28,83.31,11.34,0.64,418,0.6836914541756224,1286
Bolivia,2004,BOL,Latin America and Caribbean,32.59,75.57,22,0.52,2.5,0.68,0.27,86.1,12.61,0.85,419,0.684307700056216,1267
Bolivia,2005,BOL,Latin America and Caribbean,32,76.29,25,0.52,2.54,0.67,0.29,87.02,13.27,0.76,420,0.6916541098260777,1104
Bolivia,2006,BOL,Latin America and Caribbean,32.27,77.01,27,0.56,2.58,0.67,0.31,86.17,13.77,0.94,421,0.6947997865074413,1016
Bolivia,2007,BOL,Latin America and Caribbean,30.76,77.72,29,0.56,2.64,0.68,0.3,85.64,13.1,0.54,422,0.7005214662530317,873
Bolivia,2008,BOL,Latin America and Caribbean,30.37,78.43,30,0.56,2.6,0.67,0.3,85.01,13.44,0.4,423,0.7047033302066558,793
Bolivia,2009,BOL,Latin America and Caribbean,30.1,79.12,27,0.57,2.97,0.66,0.3,83.46,14.68,0.66,424,0.6984673781486949,921
Bolivia,2010,BOL,Latin America and Caribbean,33.28,79.81,28,0.56,2.61,0.66,0.3,88.71,14.64,0.68,425,0.6996437934994122,893
Bolivia,2011,BOL,Latin America and Caribbean,32.51,80.5,28,0.55,2.25,0.65,0.3,86.06,14.95,1.17,426,0.6949945986612434,1009
Bolivia,2012,BOL,Latin America and Caribbean,34.36,81.17,34,0.54,2.07,0.65,0.31,88.13,15.18,0.83,427,0.7055006973422819,781
Bolivia,2013,BOL,Latin America and Caribbean,34.01,81.82,34,0.52,2.44,0.65,0.31,89.9,15.92,0.51,428,0.707219532786677,750
Bolivia,2014,BOL,Latin America and Caribbean,30.9,82.45,35,0.5,2.02,0.65,0.31,90.38,16.19,0.96,429,0.7048668621383624,789
Bolivia,2015,BOL,Latin America and Caribbean,27.33,83.07,34,0.47,3.11,0.65,0.29,91.36,16.66,1.53,430,0.6922527556740474,1085
Bolivia,2016,BOL,Latin America and Caribbean,28.02,83.69,33,0.46,3.5,0.65,0.34,91.43,17.82,0.82,431,0.7004078526114015,879
Bolivia,2017,BOL,Latin America and Caribbean,25.08,84.31,33,0.46,3.65,0.65,0.33,90.3,18.25,0.98,432,0.6985008179091432,920
Bolivia,2018,BOL,Latin America and Caribbean,22.11,84.92,29,0.44,3.52,0.65,0.33,89.72,18.29,0.56,433,0.6992975053962842,906
Bolivia,2019,BOL,Latin America and Caribbean,23.99,85.45,31,0.35,3.68,0.64,0.34,89.98,18.15,0.92,434,0.6903534319949127,1135
Bolivia,2020,BOL,Latin America and Caribbean,21.27,85.98,31,0.26,7.9,0.66,0.317,90.21,15.082843333333326,1.32,435,0.6638376839063992,1831
Bolivia,2021,BOL,Latin America and Caribbean,25.06127833333332,87.08758916666665,30,0.43,5.09,0.66,0.32775212121212116,88.01157500000001,16.37481714285714,0.74,436,0.6910365868587649,1112
Bolivia,2022,BOL,Latin America and Caribbean,25.159306666666662,90.19132065656562,31,0.42,5.7235873351246696,0.6598353571428567,0.32993833333333333,87.02189000000003,16.058549999999997,0.64,437,0.6908050290310398,1121
Bosnia and Herzegovina,2000,BIH,Europe and Central Asia,42.1,91.6,32.08533333333333,0.37,26.19,0.46,0.33,86.90693333333328,12.55,1.53,438,0.5944255267105694,3793
Bosnia and Herzegovina,2001,BIH,Europe and Central Asia,41.44,91.59,32.04683333333333,0.38,26.54,0.46,0.33,86.53050833333329,13,1.53,439,0.5930081176167236,3818
Bosnia and Herzegovina,2002,BIH,Europe and Central Asia,38.52,91.57,31.592166666666667,0.38,27.55,0.47,0.32,84.51150666666659,13.71,1.14,440,0.5902635375781023,3847
Bosnia and Herzegovina,2003,BIH,Europe and Central Asia,32.58,91.55,33,0.38,28.37,0.48,0.32,84.5654066666666,13.77,1.09,441,0.5900738872371938,3849
Bosnia and Herzegovina,2004,BIH,Europe and Central Asia,42.7,91.52,31,0.37,29.39,0.48,0.32,84.2820478571428,14.98,0.58,442,0.5796977570101487,3980
Bosnia and Herzegovina,2005,BIH,Europe and Central Asia,45.2,91.49,29,0.37,30.14,0.48,0.31,85.5037761904762,14.93,0.12,443,0.5766330447011139,4027
Bosnia and Herzegovina,2006,BIH,Europe and Central Asia,45,91.45,29,0.36,31.11,0.48,0.31,84.92835119047619,15.34,0.59,444,0.5667521925434444,4139
Bosnia and Herzegovina,2007,BIH,Europe and Central Asia,44.27,91.41,33,0.33,28.98,0.48,0.31,87.19588785714289,15.43,1.86,445,0.5674635824395768,4130
Bosnia and Herzegovina,2008,BIH,Europe and Central Asia,43.91,91.36,32,0.33,23.41,0.49,0.31,88.6638161904762,16.85,1.37,446,0.5985379291388618,3715
Bosnia and Herzegovina,2009,BIH,Europe and Central Asia,30.62,91.3,30,0.34,24.07,0.48,0.32,88.34477666666666,17.05,1.38,447,0.6036861934065396,3640
Bosnia and Herzegovina,2010,BIH,Europe and Central Asia,30.08,91.24,32,0.34,27.31,0.49,0.32,86.09695833333335,16.99,0.95,448,0.5908733383182662,3840
Bosnia and Herzegovina,2011,BIH,Europe and Central Asia,29.47,91.18,32,0.35,27.58,0.49,0.33,88.47497666666668,18.39,1.12,449,0.588377468187208,3869
Bosnia and Herzegovina,2012,BIH,Europe and Central Asia,29.21,91.04,42,0.35,28.01,0.49,0.33,89.73354833333335,17.61,1.76,450,0.5880379399381791,3875
Bosnia and Herzegovina,2013,BIH,Europe and Central Asia,29.07,90.95,42,0.34,27.49,0.48,0.34,89.18872166666671,17.51,1.32,451,0.596097094235525,3770
Bosnia and Herzegovina,2014,BIH,Europe and Central Asia,28.92,90.77,39,0.33,27.52,0.48,0.34,91.05429166666667,18.93,1.82,452,0.5868555162048115,3895
Bosnia and Herzegovina,2015,BIH,Europe and Central Asia,28.8,90.77,38,0.33,27.69,0.48,0.34,91.79215666666667,18.65,1.81,453,0.5860011571183942,3905
Bosnia and Herzegovina,2016,BIH,Europe and Central Asia,28.61,90.76,39,0.34,25.41,0.48,0.32,88.89776333333333,19.5,1.67,454,0.5983301476249837,3721
Bosnia and Herzegovina,2017,BIH,Europe and Central Asia,29.12,90.76,38,0.33,20.53,0.48,0.34,92.05515333333335,20.23,1.42,455,0.6277273415351067,3072
Bosnia and Herzegovina,2018,BIH,Europe and Central Asia,29.31,90.75,38,0.31,18.4,0.48,0.34,92.95907166666666,20.46,2.28,456,0.6266111865270835,3117
Bosnia and Herzegovina,2019,BIH,Europe and Central Asia,29.35,90.74,36,0.32,15.69,0.48,0.34,93.55084833333332,21.09,1.99,457,0.6431615880307591,2508
Bosnia and Herzegovina,2020,BIH,Europe and Central Asia,28.86,90.74,35,0.32,15.27,0.48,0.34937999999999997,93.69061833333335,19.814918333333335,1.88,458,0.648362382618777,2302
Bosnia and Herzegovina,2021,BIH,Europe and Central Asia,29.931877307692304,90.8428428482302,35,0.32,14.9,0.48,0.346325,93.48977666666667,19.119130833333337,1.6,459,0.6539002154017599,2135
Bosnia and Herzegovina,2022,BIH,Europe and Central Asia,30.035527307692305,90.88782315126053,34,0.32,15.129878862373324,0.48510380812170245,0.3512349999999999,93.36130166666668,19.208142499999997,2.09,460,0.6447703135606293,2433
Botswana,2000,BWA,Sub-Saharan Africa,10.98,59.03,60,0.47,15.88,0.78,0.37,80.41,48.9,-0.72,461,0.6243146593987611,3191
Botswana,2001,BWA,Sub-Saharan Africa,9.73,59.46,60,0.47,18.54,0.78,0.36,80.31,54.42,-0.19,462,0.5970911718504588,3751
Botswana,2002,BWA,Sub-Saharan Africa,9,59.72,64,0.47,21.1,0.78,0.37,81.51,44.76,0.36,463,0.5978819043859532,3736
Botswana,2003,BWA,Sub-Saharan Africa,9.05,59.95,57,0.47,23.8,0.78,0.37,82.18,49.18,0.74,464,0.5683566762652881,4121
Botswana,2004,BWA,Sub-Saharan Africa,8.88,60.18,60,0.48,21.85,0.77,0.37,83.52,41.6,-0.13,465,0.6034885274374948,3646
Botswana,2005,BWA,Sub-Saharan Africa,8.83,60.41,59,0.48,19.83,0.77,0.38,83.61,39.73,1.04,466,0.6059127444984741,3582
Botswana,2006,BWA,Sub-Saharan Africa,8.29,61.7,56,0.48,17.78,0.77,0.38,85,42.86,-0.51,467,0.6258703036041824,3146
Botswana,2007,BWA,Sub-Saharan Africa,6.77,63.55,54,0.48,17.17,0.76,0.38,85.11,43.34,0.23,468,0.6232491821969071,3223
Botswana,2008,BWA,Sub-Saharan Africa,5.82,65.38,58,0.47,16.59,0.76,0.37,79.92,67.92,0.15,469,0.5858672091539775,3908
Botswana,2009,BWA,Sub-Saharan Africa,5.42,67.18,56,0.48,16.17,0.76,0.37,84.58194500000003,30.25,-0.32,470,0.65438822882615,2111
Botswana,2010,BWA,Sub-Saharan Africa,4.99,68.96,58,0.47,17.86,0.75,0.37,85.22711500000003,61.78,0.94,471,0.5865724114356158,3899
Botswana,2011,BWA,Sub-Saharan Africa,4.57,70.71,61,0.47,18.15,0.74,0.37,85.33899333333336,63.39,-0.05,472,0.5964200500747802,3761
Botswana,2012,BWA,Sub-Saharan Africa,4.24,72.18,65,0.47,18.42,0.73,0.38,85.77640833333336,37.69,0.47,473,0.6376341549517495,2727
Botswana,2013,BWA,Sub-Saharan Africa,3.78,73.58,64,0.47,18.54,0.72,0.39,86.81626166666672,56.03,0.77,474,0.6065998062195808,3571
Botswana,2014,BWA,Sub-Saharan Africa,3.72,74.98,63,0.46,18.89,0.71,0.39,85.20385500000003,54.73,-0.09,475,0.6153199137833762,3400
Botswana,2015,BWA,Sub-Saharan Africa,3.58,76.36,63,0.45,19.3,0.7,0.39,87.55554000000001,48.04,1.55,476,0.6084171003590794,3534
Botswana,2016,BWA,Sub-Saharan Africa,3.31,77.73,60,0.44,19.32,0.7,0.39,87.38505833333333,49.88,1.47,477,0.6037944302646276,3635
Botswana,2017,BWA,Sub-Saharan Africa,2.99,79.09,61,0.42,19.6,0.7,0.4,83.15055500000003,51.21,0.02,478,0.6141762932310944,3420
Botswana,2018,BWA,Sub-Saharan Africa,5.11,80.42,61,0.43,19.84,0.7,0.4,84.819385,50.6,0.73,479,0.6073115145382519,3555
Botswana,2019,BWA,Sub-Saharan Africa,4.5,81.72,61,0.4,20.09,0.7,0.4,85.93822166666669,45.88,1.53,480,0.6031514367839852,3655
Botswana,2020,BWA,Sub-Saharan Africa,4.64,82.03,60,0.37,21.02,0.7,0.34789833333333303,82.45689000000004,44.95579333333335,0.49,481,0.6036760269555781,3642
Botswana,2021,BWA,Sub-Saharan Africa,5.615064761904761,75.95956625541125,55,0.4,21.16,0.7,0.3727649999999999,73.6,40.93508833333331,-0.43,482,0.6130142066791197,3446
Botswana,2022,BWA,Sub-Saharan Africa,6.892885595238095,73.8538883982684,60,0.38,19.120584686000846,0.7139693452380953,0.3748445454545455,82.48762666666671,46.29583666666667,-1.31,483,0.6248157277600449,3179
Brazil,2000,BRA,Latin America and Caribbean,36.59,84.57,39,0.6,10.53,0.7,0.32,91.328915,15.35,0.5,484,0.6813311517152939,1362
Brazil,2001,BRA,Latin America and Caribbean,37.81,85.43,40,0.6,10.65,0.7,0.33,94.19454500000003,15.01,0.75,485,0.6802739860515438,1398
Brazil,2002,BRA,Latin America and Caribbean,36.41,86.27,4,0.6,10.64,0.7,0.33,109.99,14.22,1.05,486,0.6468774976830971,2338
Brazil,2003,BRA,Latin America and Caribbean,35.47,87.1,39,0.61,11.17,0.7,0.33,101.87,14.34,0.93,487,0.6809511285335037,1375
Brazil,2004,BRA,Latin America and Caribbean,35.37,87.92,39,0.61,10.07,0.7,0.33,102.37,14.66,0.77,488,0.6877149319617535,1185
Brazil,2005,BRA,Latin America and Caribbean,35.88,88.74,37,0.66,10.55,0.69,0.34,101.29,15.3,1.09,489,0.6835930543776699,1289
Brazil,2006,BRA,Latin America and Caribbean,34.37,89.55,33,0.66,9.69,0.69,0.34,97.01367666666673,15.27,0.77,490,0.6867742184770068,1200
Brazil,2007,BRA,Latin America and Caribbean,33.09,90.36,35,0.66,9.28,0.68,0.34,95.17,15.21,0.97,491,0.6903551497108437,1134
Brazil,2008,BRA,Latin America and Caribbean,30.88,91.16,35,0.65,8.27,0.68,0.34,96.72,17.04,0.73,492,0.6972033743423787,950
Brazil,2009,BRA,Latin America and Caribbean,31.21,91.95,37,0.65,9.42,0.68,0.34,96.67,16.64,0.97,493,0.6919709625593952,1093
Brazil,2010,BRA,Latin America and Caribbean,29.39,92.74,37,0.65,8.03,0.68,0.35,95.98374666666665,18.48,1.11,494,0.6955793365325457,988
Brazil,2011,BRA,Latin America and Caribbean,29.3,93.52,38,0.65,7.58,0.69,0.35,95.26,19.29,0.81,495,0.6993539437722796,903
Brazil,2012,BRA,Latin America and Caribbean,29.68,94.3,43,0.64,7.25,0.68,0.36,94.32,19.04,1.02,496,0.7047894858102093,791
Brazil,2013,BRA,Latin America and Caribbean,28.18,95.07,42,0.63,7.07,0.67,0.36,103.92,19.28,0.92,497,0.7116980765683562,675
Brazil,2014,BRA,Latin America and Caribbean,28.18,95.83,43,0.63,6.76,0.67,0.37,102.64,20.28,1.15,498,0.7098326771371308,699
Brazil,2015,BRA,Latin America and Caribbean,24.71,96.58,38,0.62,8.56,0.68,0.37,100.92,19.29,1.52,499,0.692809082670748,1072
Brazil,2016,BRA,Latin America and Caribbean,24.42,97.25,40,0.51,11.74,0.68,0.38,102.57,18.43,1.46,500,0.6769629939648908,1489
Brazil,2017,BRA,Latin America and Caribbean,24.47,98.01,37,0.5,12.93,0.68,0.38,103.02,18.78,1.36,501,0.6688728647631712,1700
Brazil,2018,BRA,Latin America and Caribbean,24.83,98.48,35,0.47,12.46,0.68,0.38,105.01,17.87,1.15,502,0.6711227376512774,1647
Brazil,2019,BRA,Latin America and Caribbean,24.88,98.94,35,0.43,12.05,0.67,0.38,103.95,17.69,1.52,503,0.6665962773593629,1750
Brazil,2020,BRA,Latin America and Caribbean,22.39,99.32,38,0.44,13.93,0.69,0.3722433333333334,104.13,17.009455,1.48,504,0.6606360571309674,1916
Brazil,2021,BRA,Latin America and Caribbean,25.80652,96.19378328754581,38,0.42,13.34,0.69,0.36272833333333315,99.72009166666669,17.834913333333333,1.15,505,0.6607443686809764,1914
Brazil,2022,BRA,Latin America and Caribbean,25.202571666666664,94.91267519230773,38,0.42,10.940752727272722,0.6792763095238094,0.35504833333333347,96.41765833333336,16.389789999999994,0.93,506,0.6764738485705597,1497
Brunei,2000,BRN,East Asia and Pacific,15.83,88.79542657004828,43.933,0.28348731546742584,5.6,0.48,0.29,84.65,74.1,0.49,507,0.626421764877491,3126
Brunei,2001,BRN,East Asia and Pacific,16.81,89.07853990338162,43.87866666666666,0.2823565614991719,5.69,0.48,0.3,85.06,69.98,0.6,508,0.6330308710139294,2894
Brunei,2002,BRN,East Asia and Pacific,16.41,90.16313157004828,44.32783333333333,0.27687273796976014,5.81,0.48,0.3,86.54,66.34,0.67,509,0.6395456703066031,2660
Brunei,2003,BRN,East Asia and Pacific,17.05,90.0951672222222,44.50433333333333,0.2768941313149769,5.89,0.48,0.3,88.37,62.9,0.74,510,0.6453953196540937,2407
Brunei,2004,BRN,East Asia and Pacific,16.91,91.10366823671497,45.13249999999999,0.27737940463642674,5.95,0.48,0.3,92.8,59.92,0.67,511,0.6540370047598643,2128
Brunei,2005,BRN,East Asia and Pacific,16.33,89.51826388888884,44.35883333333333,0.2600260543919,6.04,0.48,0.3,96.59,56.98,0.89,512,0.6554689703938829,2075
Brunei,2006,BRN,East Asia and Pacific,14.69,93.09860876701799,48.0255,0.28014663131497697,6.21,0.48,0.3,97.44,54.13,0.72,513,0.6692303224847304,1690
Brunei,2007,BRN,East Asia and Pacific,12.78,99.44,56.7635,0.2815649646483102,6.23,0.47,0.3,95.79,50.1,0.74,514,0.6861055576900019,1218
Brunei,2008,BRN,East Asia and Pacific,10.11,99.45,53.867000000000004,0.27974541070552106,6.29,0.47,0.3,96.02,48.13,0.51,515,0.690770077176676,1123
Brunei,2009,BRN,East Asia and Pacific,9.5,99.45,55,0.2830058325304282,6.39,0.47,0.3,98.2,44.43,0.88,516,0.6946192919993905,1020
Brunei,2010,BRN,East Asia and Pacific,8.26,99.45,55.55633333333335,0.2892558325304282,6.57,0.47,0.3,99.18,41.79,1.01,517,0.6986850488289781,915
Brunei,2011,BRN,East Asia and Pacific,8.47,99.45,52,0.2937819650090607,6.69,0.46,0.3,101.43,39.52,0.73,518,0.7045879953103263,797
Brunei,2012,BRN,East Asia and Pacific,8.85,99.45,55,0.2913391658637615,6.73,0.46,0.3,106.26,36.82,0.91,519,0.7104865378315283,691
Brunei,2013,BRN,East Asia and Pacific,9.41,99.46,60,0.3003588463644203,6.77,0.47,0.3,104.91,34.25,1.2,520,0.7138993999595376,646
Brunei,2014,BRN,East Asia and Pacific,7.33,99.46,56.88950000000002,0.29800555475265034,6.86,0.47,0.31,99.59,32.85,1.03,521,0.7146325095175788,639
Brunei,2015,BRN,East Asia and Pacific,4.97,99.46,57.09050000000001,0.2827429733485472,7.69,0.47,0.31,107.67,30.6,1.28,522,0.7130905847649093,658
Brunei,2016,BRN,East Asia and Pacific,4.98,94.16981969696967,58,0.2866478662056899,8.43,0.48,0.31,94.05,28.05,1.74,523,0.7005633571576008,872
Brunei,2017,BRN,East Asia and Pacific,5.41,93.92947751748244,62,0.30776953287235664,9.32,0.48,0.31,92.94,25.45,1.47,524,0.709573797330065,704
Brunei,2018,BRN,East Asia and Pacific,4.86,95.21664585081578,63,0.30442553287235663,8.7,0.48,0.31,93.48,22.91,1.41,525,0.7174100796923466,608
Brunei,2019,BRN,East Asia and Pacific,5.59,93.80000803030303,60,0.2862345328723565,6.92,0.48,0.3,92.1,20.46,1.62,526,0.7175477406205992,606
Brunei,2020,BRN,East Asia and Pacific,5.96,93.71635969696969,60,0.2977960480238717,7.41,0.48,0.31037343137254897,91.36,23.993555833333325,1.78,527,0.7105738686042025,690
Brunei,2021,BRN,East Asia and Pacific,7.516916666666665,93.82431418414913,57.64966666666666,0.3101000090628328,7.45,0.48,0.3095384313725489,94.14207833333332,25.539467499999997,1.46,528,0.7137970021412738,648
Brunei,2022,BRN,East Asia and Pacific,14.349651666666666,92.669823030303,51.137333333333316,0.3308050090628327,7.375681669786356,0.4804279325576378,0.31415176470588224,93.92104999999997,30.8669625,1.45,529,0.7004707562610428,876
Bulgaria,2000,BGR,Europe and Central Asia,40.38,99.86,35,0.46,16.22,0.46,0.4,92.79,16,1.18,530,0.6656301453592665,1775
Bulgaria,2001,BGR,Europe and Central Asia,43.71,99.81,39,0.44,19.92,0.47,0.41,93.85,16.92,1.65,531,0.63792272942831,2713
Bulgaria,2002,BGR,Europe and Central Asia,39.79,99.76,40,0.45,18.11,0.49,0.41,95.3,16.89,0.85,532,0.6611958563282209,1905
Bulgaria,2003,BGR,Europe and Central Asia,38.06,99.64,39,0.45,13.73,0.48,0.41,86.75,17.82,0.18,533,0.6898749236537143,1150
Bulgaria,2004,BGR,Europe and Central Asia,39.2,99.53,41,0.45,12.04,0.47,0.41,88.74,17.91,0.53,534,0.6976534451478935,942
Bulgaria,2005,BGR,Europe and Central Asia,38.87,99.42,40,0.44,10.08,0.48,0.4,89.23,18.7,0.22,535,0.7067994293188682,757
Bulgaria,2006,BGR,Europe and Central Asia,42.65,99.31,40,0.45,8.95,0.49,0.4,89.74,20.6,0.57,536,0.7023822408303689,831
Bulgaria,2007,BGR,Europe and Central Asia,42.59,99.21,41,0.45,6.88,0.47,0.39,90.24,21.44,1.88,537,0.6938201726113699,1039
Bulgaria,2008,BGR,Europe and Central Asia,42.63,99.1,36,0.46,5.61,0.46,0.4,89.43,22.24,1.18,538,0.704494636979426,798
Bulgaria,2009,BGR,Europe and Central Asia,44.37,99,38,0.44,6.82,0.47,0.42,88.74,19.01,1.29,539,0.7009706497839945,865
Bulgaria,2010,BGR,Europe and Central Asia,43.14,98.9,36,0.44,10.28,0.47,0.43,90.23,18.33,1.36,540,0.6867439732398601,1204
Bulgaria,2011,BGR,Europe and Central Asia,44.46,98.8,33,0.45,11.26,0.47,0.42,93.76,19.37,0.42,541,0.6900999201090737,1144
Bulgaria,2012,BGR,Europe and Central Asia,47.75,98.71,41,0.44,12.27,0.49,0.43,94.7,19.02,1.68,542,0.6729806430987711,1599
Bulgaria,2013,BGR,Europe and Central Asia,41.86,98.61,41,0.47,12.94,0.47,0.42,101.45,16.66,1.48,543,0.6867443751157241,1203
Bulgaria,2014,BGR,Europe and Central Asia,40.24,98.58,43,0.48,11.42,0.5,0.42,104.15,17.81,1.2,544,0.6995205954225096,895
Bulgaria,2015,BGR,Europe and Central Asia,42.51,98.54,41,0.47,9.14,0.51,0.44,102.27,18.85,1.44,545,0.6994675716004943,897
Bulgaria,2016,BGR,Europe and Central Asia,43.25,98.51,41,0.5,7.57,0.53,0.43,99.68,18.33,1.9,546,0.6973167361187252,947
Bulgaria,2017,BGR,Europe and Central Asia,43.36,98.48,43,0.47,6.16,0.55,0.43,98.18,19.43,0.95,547,0.7121548272740064,670
Bulgaria,2018,BGR,Europe and Central Asia,40.52,98.45,42,0.45,5.21,0.55,0.43,96.82,19.31,2.19,548,0.6956627870035835,985
Bulgaria,2019,BGR,Europe and Central Asia,38.97,98.42,43,0.45,4.23,0.53,0.43,92.39,18.76,2.11,549,0.7035633422817476,813
Bulgaria,2020,BGR,Europe and Central Asia,36.58,98.39,44,0.45,5.12,0.53,0.41677999999999976,87.97,20.720133333333333,2.04,550,0.7004684655313428,877
Bulgaria,2021,BGR,Europe and Central Asia,34.622816666666665,96.1319041666667,42,0.49,5.27,0.53,0.4010283333333332,98.42009499999999,22.617049999999995,1.63,551,0.7108676602327079,688
Bulgaria,2022,BGR,Europe and Central Asia,35.586519999999986,96.80983333333336,43,0.49,7.615496908792959,0.5100816017316019,0.40917166666666654,98.68073333333331,22.842981666666656,1.83,552,0.7018165318730355,845
Burkina Faso,2000,BFA,Sub-Saharan Africa,42.16,4.28,30,0.27,2.63,0.67,0.22,10.42,4.8,0.54,553,0.628107155610015,3060
Burkina Faso,2001,BFA,Sub-Saharan Africa,42.73,4.45,28.356476190476183,0.28,2.65,0.65,0.22,10.64,4.55,0.5,554,0.6300413334192538,2988
Burkina Faso,2002,BFA,Sub-Saharan Africa,38.28,4.97,28.955642857142852,0.27,2.75,0.64,0.22,13.448306666666666,4.53,1.02,555,0.6301385564028064,2985
Burkina Faso,2003,BFA,Sub-Saharan Africa,33.39,5.63,29.567476190476185,0.27,2.78,0.62,0.23,12.08,4.92,0.99,556,0.6354508968540171,2810
Burkina Faso,2004,BFA,Sub-Saharan Africa,30.44,6.32,30.024642857142855,0.27,3.44,0.62,0.23,13.25,5.06,0.87,557,0.6373376404464812,2742
Burkina Faso,2005,BFA,Sub-Saharan Africa,30.71,7.04,34,0.27,4,0.62,0.22,14.3,5.02,1.45,558,0.6332653770109409,2880
Burkina Faso,2006,BFA,Sub-Saharan Africa,30.85,7.8,32,0.32,3.66,0.61,0.22,15.04,4.81,1.16,559,0.6408393657161846,2606
Burkina Faso,2007,BFA,Sub-Saharan Africa,27.39,8.54,29,0.32,3.3,0.61,0.23,16.17,4.91,0.87,560,0.6452520809620366,2414
Burkina Faso,2008,BFA,Sub-Saharan Africa,30.96,9.26,35,0.32,3.41,0.61,0.23,18.92,4.95,0.3,561,0.6540537182236056,2127
Burkina Faso,2009,BFA,Sub-Saharan Africa,31.44,10.01,36,0.32,3.57,0.6,0.24,20.29,5.03,0.94,562,0.6510219263652874,2213
Burkina Faso,2010,BFA,Sub-Saharan Africa,30.17,10.78,31,0.33,3.63,0.6,0.26,21.9,5.12,1.25,563,0.6474969273900513,2322
Burkina Faso,2011,BFA,Sub-Saharan Africa,32.88,11.57,30,0.33,3.78,0.59,0.27,23.84,4.98,1,564,0.6500775491864361,2239
Burkina Faso,2012,BFA,Sub-Saharan Africa,32.38,12.39,38,0.34,3.91,0.58,0.28,25.93,4.82,0.49,565,0.6650456102345822,1789
Burkina Faso,2013,BFA,Sub-Saharan Africa,33.54,13.23,38,0.36,4.05,0.58,0.28,28.37,4.93,0.85,566,0.6634800939693462,1845
Burkina Faso,2014,BFA,Sub-Saharan Africa,34.08,14.11,38,0.34,4.21,0.57,0.28,30.35,4.85,0.89,567,0.6630805568020326,1856
Burkina Faso,2015,BFA,Sub-Saharan Africa,36.03,15,38,0.23,4.34,0.59,0.29,33.72,4.86,1.11,568,0.6505169426192604,2226
Burkina Faso,2016,BFA,Sub-Saharan Africa,31.38,15.93,42,0.41,4.44,0.61,0.29,35.79,4.84,1.08,569,0.6700501548959268,1669
Burkina Faso,2017,BFA,Sub-Saharan Africa,31.68,16.88,42,0.42,4.57,0.63,0.3,38.12,5.25,1.21,570,0.6680133375515909,1722
Burkina Faso,2018,BFA,Sub-Saharan Africa,35.83,17.86,41,0.41,4.69,0.65,0.31,40.71,5.35,1.16,571,0.6634907246343399,1844
Burkina Faso,2019,BFA,Sub-Saharan Africa,34.69,18.87,40,0.4,4.69,0.65,0.31,41.31,5.4,1.07,572,0.6641893021486839,1812
Burkina Faso,2020,BFA,Sub-Saharan Africa,34.64,19.9,40,0.4,5.05,0.65,0.29998999999999987,40.56,5.183916666666667,1.04,573,0.663059323735869,1857
Burkina Faso,2021,BFA,Sub-Saharan Africa,35.24501833333334,32.20791125180376,42,0.35,5.23,0.65,0.29790499999999986,38.73,5.662031666666667,1.62,574,0.6555605967589324,2071
Burkina Faso,2022,BFA,Sub-Saharan Africa,39.182142222222225,19.787174376114088,42,0.18,5.367087056535393,0.6403238726551224,0.271300238095238,41.80163666666668,5.994766666666669,0.8,575,0.6442568510786166,2462
Burundi,2000,BDI,Sub-Saharan Africa,41.79,4.32,23.39066666666667,0.14,3,0.6,0.46,12.07539333333333,1.57,0.4899815490016264,576,0.6346325283980945,2840
Burundi,2001,BDI,Sub-Saharan Africa,40.3,4.57,23.527,0.14,3,0.59,0.46,10.1,1.68,0.46,577,0.6359085547445898,2783
Burundi,2002,BDI,Sub-Saharan Africa,41.2,4.82,23.389666666666667,0.15,3.01,0.58,0.45,10.44,1.65,0.89,578,0.6334420170940747,2874
Burundi,2003,BDI,Sub-Saharan Africa,41.97,5.08,23.211500000000004,0.15,3.13,0.58,0.44,10.56,1.61,1.03,579,0.6312066616850962,2956
Burundi,2004,BDI,Sub-Saharan Africa,35.56,5.35,23.03733333333334,0.15,3.09,0.57,0.42,11.97,1.66,1.12,580,0.6347338974542658,2832
Burundi,2005,BDI,Sub-Saharan Africa,35.17,5.63,23,0.23,3.19,0.56,0.43,12.98,1.65,1.0998783333333337,581,0.6428269210430795,2517
Burundi,2006,BDI,Sub-Saharan Africa,34.81,5.91,24,0.28,3.18,0.55,0.42,14.14,1.65,1.1201633333333343,582,0.6485361559755961,2294
Burundi,2007,BDI,Sub-Saharan Africa,35.71,6.2,25,0.28,2.42,0.56,0.41,15.08,1.62,1.24,583,0.6487667819166584,2288
Burundi,2008,BDI,Sub-Saharan Africa,35.96,6.5,19,0.28,1.63,0.56,0.4,21.23237999999999,1.63,0.86044,584,0.6513047262069959,2203
Burundi,2009,BDI,Sub-Saharan Africa,31.63,6.81,18,0.27,1.63,0.57,0.4,20.12,1.69,0.9356393162393164,585,0.6501054449774339,2238
Burundi,2010,BDI,Sub-Saharan Africa,28.2,7.13,18,0.23,1.61,0.57,0.38,23.29,1.71,1.1293515790106579,586,0.6477196088165734,2313
Burundi,2011,BDI,Sub-Saharan Africa,25.48,7.46,19,0.21,1.6,0.58,0.38,26.12,1.78,0.942345476190476,587,0.6502973947536832,2234
Burundi,2012,BDI,Sub-Saharan Africa,22.69,7.79,19,0.21,1.59,0.58,0.37,28.72,1.8,0.8119738095238093,588,0.653492004399291,2145
Burundi,2013,BDI,Sub-Saharan Africa,21.08,8.14,21,0.21,1.58,0.59,0.37,33.41,1.92,0.8941424999999996,589,0.6561843067037352,2053
Burundi,2014,BDI,Sub-Saharan Africa,31,8.49,20,0.2,1.57,0.59,0.36,39.41,1.92,0.8477138095238097,590,0.6521210339908415,2178
Burundi,2015,BDI,Sub-Saharan Africa,31.21,8.86,21,0.17,1.48,0.59,0.36,44.35,1.89,1.167750505229222,591,0.6496486103954565,2254
Burundi,2016,BDI,Sub-Saharan Africa,27.93,9.23,20,0.14,1.32,0.59,0.35,47.48,1.95,1.1763095991045993,592,0.6490034991129534,2278
Burundi,2017,BDI,Sub-Saharan Africa,27.69,9.62,22,0.14,1.17,0.59,0.34,49.25,2,1.0987262789987784,593,0.6520794179613876,2183
Burundi,2018,BDI,Sub-Saharan Africa,26.73,10.02,17,0.15,1.02,0.59,0.33,48.47,1.97,1.1467536244457293,594,0.648494714953644,2295
Burundi,2019,BDI,Sub-Saharan Africa,30.74,10.43,19,0.15,0.87,0.59,0.32,45.09,2.01,1.1743096611721606,595,0.6465599745770302,2358
Burundi,2020,BDI,Sub-Saharan Africa,30.23,10.62,19,0.1,1.03,0.59,0.31525,47.62,4.042128333333332,1.1339430647130648,596,0.6417394987444227,2558
Burundi,2021,BDI,Sub-Saharan Africa,32.980984166666666,16.857162960317456,19,0.09,1.13,0.59,0.3176,42.552186428571424,3.5632766666666646,1.3183099694749694,597,0.63781608744915,2718
Burundi,2022,BDI,Sub-Saharan Africa,33.29344041666666,12.302531228715727,17,0.09,2.313845100440495,0.5947038144045501,0.33032999999999996,39.72770166666668,2.559933333333333,0.9367296128542509,598,0.6355782577495314,2800
Côte D'Ivoire,2000,CIV,Sub-Saharan Africa,73.07,41.34,27,0.24,4.6,0.62,0.18,34.51994,2.81,0.46,599,0.6200714399414451,3310
Côte D'Ivoire,2001,CIV,Sub-Saharan Africa,74.43,41.5,24,0.31,4.85,0.63,0.18,35.322860000000006,3.02,0.53,600,0.6195807249636791,3317
Côte D'Ivoire,2002,CIV,Sub-Saharan Africa,73.06,41.66,27,0.29,5.09,0.65,0.18,35.719364999999996,2.94,0.8,601,0.6168184043632943,3369
Côte D'Ivoire,2003,CIV,Sub-Saharan Africa,72.45,41.83,21,0.29,5.35,0.64,0.2,34.87916666666667,3.1,1.07,602,0.6117394636809933,3459
Côte D'Ivoire,2004,CIV,Sub-Saharan Africa,70,42,20,0.29,5.47,0.63,0.21,35.772033333333326,2.98,0.82,603,0.6166962175358249,3372
Côte D'Ivoire,2005,CIV,Sub-Saharan Africa,70.3,42.16,19,0.3,5.73,0.63,0.22,37.34569999999999,3.25,1.07,604,0.6144169254926717,3412
Côte D'Ivoire,2006,CIV,Sub-Saharan Africa,67.47,42.33,21,0.29,5.93,0.62,0.23,37.42739166666666,3.01,0.96,605,0.6196461902307268,3316
Côte D'Ivoire,2007,CIV,Sub-Saharan Africa,63.34,42.5,21,0.29,6.18,0.62,0.24,37.69781,2.85,1.05,606,0.622089373644229,3255
Côte D'Ivoire,2008,CIV,Sub-Saharan Africa,59.38,42.67,20,0.29,6.36,0.61,0.26,38.76123333333333,2.85,0.76,607,0.6289236249558019,3026
Côte D'Ivoire,2009,CIV,Sub-Saharan Africa,59.62,42.84,21,0.29,6.6,0.61,0.25,39.120411666666676,2.61,0.94,608,0.6270042885136159,3093
Côte D'Ivoire,2010,CIV,Sub-Saharan Africa,58.51,43.01,22,0.29,6.78,0.61,0.24,40.454915000000014,2.61,1.3,609,0.6246218974402735,3183
Côte D'Ivoire,2011,CIV,Sub-Saharan Africa,59.21,43.19,22,0.29,7.22,0.61,0.23,34.83,2.61,1.01,610,0.6227568764769378,3231
Côte D'Ivoire,2012,CIV,Sub-Saharan Africa,52.8,43.36,29,0.3,7.22,0.61,0.23,39.561870000000006,2.85,0.7,611,0.6383371162251147,2702
Côte D'Ivoire,2013,CIV,Sub-Saharan Africa,56.16,43.54,27,0.31,4.25,0.6,0.22,35.1,3.53,0.97,612,0.6394564126103023,2666
Côte D'Ivoire,2014,CIV,Sub-Saharan Africa,51.14,43.71,32,0.31,3.47,0.6,0.21,38.94,3.41,0.85,613,0.6515218134655644,2196
Côte D'Ivoire,2015,CIV,Sub-Saharan Africa,42.59,43.89,32,0.31,2.7,0.6,0.2,42.45,3.25,1.26,614,0.6564446614479992,2045
Côte D'Ivoire,2016,CIV,Sub-Saharan Africa,40.01,44.08,34,0.37,1.9,0.6,0.21,45.04,3.54,1.38,615,0.6667574368707941,1745
Côte D'Ivoire,2017,CIV,Sub-Saharan Africa,39.22,44.27,36,0.39,3.27,0.6,0.24,48.45,3.52,1.47,616,0.6698345348178669,1676
Côte D'Ivoire,2018,CIV,Sub-Saharan Africa,39.29,44.46,35,0.39,2.84,0.6,0.25,51.03,3.71,1.28,617,0.6739434140857133,1574
Côte D'Ivoire,2019,CIV,Sub-Saharan Africa,37.25,44.66,56,0.38,2.4,0.6,0.25,54.61,3.75,1.33,618,0.6938970771977576,1037
Côte D'Ivoire,2020,CIV,Sub-Saharan Africa,37.08,44.8,57,0.36,2.66,0.6,0.25139,57.47,5.852971666666667,1.33,619,0.6922593094729053,1083
Côte D'Ivoire,2021,CIV,Sub-Saharan Africa,40.689747142857144,40.52600857142858,36,0.31,2.82,0.6,0.2351966666666666,60.62,3.758622698412698,1.44,620,0.6675726980145583,1731
Côte D'Ivoire,2022,CIV,Sub-Saharan Africa,50.203121666666675,38.645189502719504,37,0.3,5.192770122377621,0.6155433333333336,0.2321366666666668,56.32786000000001,3.9650766666666657,1.17,621,0.6526872960837907,2164
Cabo Verde,2000,CPV,Sub-Saharan Africa,25.26,60.43,49.8955,0.47,11.11,0.7,0.31,68.68,9.17,1.04,622,0.673304139831332,1589
Cabo Verde,2001,CPV,Sub-Saharan Africa,23.33,61.69,51.22233333333334,0.47,11.17,0.7,0.31,66.16,9.28,1.33,623,0.6707871423359404,1652
Cabo Verde,2002,CPV,Sub-Saharan Africa,23.52,62.95,50.533500000000004,0.48,11.09,0.69,0.31,68.89,9.25,1.48,624,0.6723843613435049,1618
Cabo Verde,2003,CPV,Sub-Saharan Africa,24.17,64.19,50.17850000000001,0.48,11.05,0.69,0.31,69.25,9.13,1.57,625,0.6712233591813137,1645
Cabo Verde,2004,CPV,Sub-Saharan Africa,23.83,65.65,49.90550000000001,0.48,10.94,0.68,0.31,68.24,9.14,1.6,626,0.6727313855855461,1605
Cabo Verde,2005,CPV,Sub-Saharan Africa,24.59,67.11,48.03966666666668,0.48,10.91,0.67,0.31,71.01,9,1.17,627,0.6796998321775762,1411
Cabo Verde,2006,CPV,Sub-Saharan Africa,23.8,68.57,49.13066666666668,0.48,10.85,0.66,0.3,81.88,8.99,1.36,628,0.6847636607403159,1250
Cabo Verde,2007,CPV,Sub-Saharan Africa,22.92,70.05,49,0.49,10.73,0.66,0.3,81.74,8.98,0.82,629,0.6936729118222789,1045
Cabo Verde,2008,CPV,Sub-Saharan Africa,24.45,71.52,51,0.49,10.74,0.65,0.3,84.28,8.98,1.3,630,0.6912803068176018,1108
Cabo Verde,2009,CPV,Sub-Saharan Africa,24.23,73.01,51,0.49,10.75,0.64,0.3,83.99,8.83,0.77,631,0.7002294759218116,884
Cabo Verde,2010,CPV,Sub-Saharan Africa,28.08,74.49,51,0.48,10.67,0.64,0.3,86.94,8.85,1.2717210845708875,632,0.6922216768485184,1086
Cabo Verde,2011,CPV,Sub-Saharan Africa,25.89,75.94,55,0.49,10.87,0.63,0.3,89.98,8.85,1.37,633,0.6987739841586277,913
Cabo Verde,2012,CPV,Sub-Saharan Africa,24.57,77.4,60,0.49,11.13,0.62,0.3,93.03,8.81,1.34,634,0.7062044000267822,769
Cabo Verde,2013,CPV,Sub-Saharan Africa,24.25,78.86,58,0.5,11.36,0.62,0.31,96.66,8.7,1.33,635,0.7071867400738524,753
Cabo Verde,2014,CPV,Sub-Saharan Africa,25.7,80.33,57,0.5,11.59,0.61,0.31,95.15,8.68,1.08,636,0.7091250397616746,712
Cabo Verde,2015,CPV,Sub-Saharan Africa,27.73,81.81,55,0.5,11.81,0.61,0.32,94.72,8.49,1.07,637,0.7059653706613052,772
Cabo Verde,2016,CPV,Sub-Saharan Africa,28.7,83.29,59,0.49,12,0.61,0.35,93.69,8.53,1.69,638,0.6994916661242406,896
Cabo Verde,2017,CPV,Sub-Saharan Africa,27.26,84.61,55,0.49,12.24,0.61,0.37,92.64,8.58,2,639,0.6920043900178273,1091
Cabo Verde,2018,CPV,Sub-Saharan Africa,26.14,85.81,57,0.48,12.17,0.61,0.37,88.16,8.62,0.93,640,0.7082698369502651,730
Cabo Verde,2019,CPV,Sub-Saharan Africa,26.75,87.01,58,0.5,12.21,0.61,0.37,88.99,8.67,1.62,641,0.7005868928333145,871
Cabo Verde,2020,CPV,Sub-Saharan Africa,23.23,88.2,58,0.51,14.88,0.61,0.353605,91.57252833333334,10.890719999999998,1.4628958963585434,642,0.6900784895867114,1145
Cabo Verde,2021,CPV,Sub-Saharan Africa,26.731209285714293,81.27093583333335,58,0.49,13.91,0.61,0.35383833333333325,91.66035499999998,10.399036666666664,1.77,643,0.6864291645980473,1215
Cabo Verde,2022,CPV,Sub-Saharan Africa,25.60371761904762,76.12397988095239,60,0.47,12.759940603285608,0.6209394444444443,0.34500642857142866,90.4572383333333,15.701148333333336,1.85,644,0.6828003791934679,1313
Cambodia,2000,KHM,East Asia and Pacific,68.67,41.25,21.521833333333333,0.14,0.97,0.68,0.26,17.29,4.73,0.3,645,0.6134806017431274,3435
Cambodia,2001,KHM,East Asia and Pacific,62.22,41.89,22.108666666666664,0.14,1.04,0.68,0.27,18.93,4.83,0.57,646,0.6172768510618871,3364
Cambodia,2002,KHM,East Asia and Pacific,60.57,42.5,22.470666666666663,0.18,1.11,0.68,0.28,22.93,4.74,0.84,647,0.6214662812443958,3274
Cambodia,2003,KHM,East Asia and Pacific,61.56,43.07,22.091166666666666,0.18,1.12,0.68,0.28,27.5,5.51,0.71,648,0.622646197602914,3236
Cambodia,2004,KHM,East Asia and Pacific,56.22,43.61,21.98483333333333,0.18,1.13,0.68,0.28,31.32,5.38,0.59,649,0.6287750809088468,3035
Cambodia,2005,KHM,East Asia and Pacific,60.9,44.12,23,0.18,1.13,0.68,0.29,33.35858333333332,5.64,0.78,650,0.6259022447296023,3144
Cambodia,2006,KHM,East Asia and Pacific,52.35,44.59,21,0.18,1.21,0.68,0.29,39.74,5.99,0.77,651,0.6322650129400816,2916
Cambodia,2007,KHM,East Asia and Pacific,48.75,45.03,20,0.18,1.26,0.68,0.3,42.69,6.19,0.6,652,0.636666856730847,2763
Cambodia,2008,KHM,East Asia and Pacific,51.08,45.44,18,0.18,0.82,0.68,0.31,45.22,6.34,0.43,653,0.6372454160445838,2744
Cambodia,2009,KHM,East Asia and Pacific,50.5,45.89,20,0.18,0.58,0.68,0.32,48.42189833333333,6.74,0.45,654,0.6410309573405139,2594
Cambodia,2010,KHM,East Asia and Pacific,51.91,46.3,21,0.18,0.77,0.67,0.31,51.705633333333324,6.92,1.23,655,0.6354562991631284,2808
Cambodia,2011,KHM,East Asia and Pacific,59.74,46.68,21,0.18,0.58,0.59,0.33,56.29089833333335,6.59,0.42,656,0.6487551371672583,2289
Cambodia,2012,KHM,East Asia and Pacific,60.47,47.02,22,0.18,0.51,0.58,0.32,53.328370000000014,6.28,0.88,657,0.6450081955652058,2428
Cambodia,2013,KHM,East Asia and Pacific,61.22,47.32,20,0.17,0.44,0.59,0.32,54.19468500000001,6.58,1.01,658,0.6401280225043703,2634
Cambodia,2014,KHM,East Asia and Pacific,58.62,47.59,21,0.17,0.69,0.58,0.33,57.93064500000001,6.46,0.61,659,0.6488202879613535,2284
Cambodia,2015,KHM,East Asia and Pacific,57.33,47.82,21,0.17,0.39,0.58,0.33,60.18554833333335,6.64,1.08,660,0.6469412107816525,2336
Cambodia,2016,KHM,East Asia and Pacific,58.56,48.01,21,0.16,0.72,0.58,0.31,55.235278333333355,6.79,1.47,661,0.6378898258177732,2715
Cambodia,2017,KHM,East Asia and Pacific,58.24,48.17,21,0.15,0.14,0.58,0.33,59.37361833333336,7.21,1.1,662,0.644204836334115,2465
Cambodia,2018,KHM,East Asia and Pacific,60.97,48.3,20,0.14,0.14,0.58,0.33,63.36550500000004,8.49,0.79,663,0.6435435236735444,2492
Cambodia,2019,KHM,East Asia and Pacific,64.39,48.39,20,0.13,0.15,0.58,0.33,63.98656000000003,8.66,1.55,664,0.6331117789505851,2889
Cambodia,2020,KHM,East Asia and Pacific,60.6,48.38,21,0.13,0.3,0.58,0.32409753968253907,54.83,7.753591666666669,1.4,665,0.6353186197270306,2817
Cambodia,2021,KHM,East Asia and Pacific,59.93737075757574,50.52381636436358,23,0.12,0.29,0.58,0.3178264285714281,57.59,7.532983333333333,0.91,666,0.6423361944012124,2536
Cambodia,2022,KHM,East Asia and Pacific,57.59056242424243,53.61780288451014,24,0.12,0.7338418754802448,0.5913569119769114,0.3088316666666664,55.73657166666668,7.290228333333335,0.95,667,0.6421648644328967,2540
Cameroon,2000,CMR,East Asia and Pacific,77.51,9.13,20,0.16,7.59,0.62,0.21,27.58,6.09,0.32,668,0.5880587784126321,3874
Cameroon,2001,CMR,East Asia and Pacific,73.29,10.14,20,0.16,7.46,0.62,0.21,32.39,5.95,0.2,669,0.5942622721881176,3798
Cameroon,2002,CMR,East Asia and Pacific,70.18,11.17,22,0.16,6.69,0.62,0.21,28.22,5.63,0.77,670,0.5950014617300228,3785
Cameroon,2003,CMR,East Asia and Pacific,71.52,12.23,18,0.16,5.9,0.62,0.21,29.8,5.87,0.71,671,0.5947422050259369,3789
Cameroon,2004,CMR,East Asia and Pacific,73.89,13.33,21,0.16,5.11,0.62,0.22,26.55,5.57,0.78,672,0.5968923936995506,3753
Cameroon,2005,CMR,East Asia and Pacific,74.34,14.44,22,0.16,4.4,0.62,0.22,27.06,5.71,1,673,0.5977833825706711,3738
Cameroon,2006,CMR,East Asia and Pacific,74.36,15.59,23,0.16,3.72,0.62,0.23,23.56,5.35,0.98,674,0.6004314737986103,3691
Cameroon,2007,CMR,East Asia and Pacific,75,16.77,24,0.16,3.06,0.62,0.24,32.36,5.29,0.63,675,0.6089820502001617,3517
Cameroon,2008,CMR,East Asia and Pacific,74.25,17.97,23,0.16,3.42,0.62,0.24,36.67,5.24,0.65,676,0.6095020380799955,3508
Cameroon,2009,CMR,East Asia and Pacific,76.77,19.2,22,0.17,3.77,0.62,0.24,40.48,5.43,1.05,677,0.6048406050253995,3610
Cameroon,2010,CMR,East Asia and Pacific,76.02,20.46,22,0.17,4.11,0.63,0.24,43.49,5.17,1.18,678,0.6039262040343103,3632
Cameroon,2011,CMR,East Asia and Pacific,69.65,21.75,25,0.17,3.97,0.63,0.24,48.32,5.04,0.66,679,0.6175137722118403,3358
Cameroon,2012,CMR,East Asia and Pacific,66.84,23.07,26,0.17,3.82,0.63,0.25,51.59,5.02,0.42,680,0.6246991117074574,3181
Cameroon,2013,CMR,East Asia and Pacific,69.72,24.42,25,0.17,3.67,0.63,0.25,53.41,4.97,0.71,681,0.6207982717764484,3292
Cameroon,2014,CMR,East Asia and Pacific,64.51,25.79,27,0.18,3.53,0.64,0.26,57.51,5.02,0.88,682,0.6271561497562291,3087
Cameroon,2015,CMR,East Asia and Pacific,69.94,27.2,27,0.18,3.55,0.64,0.26,59.03,4.9,1.16,683,0.6213733300181079,3276
Cameroon,2016,CMR,East Asia and Pacific,69.96,28.63,26,0.12,3.57,0.64,0.27,60.06,4.94,1.21,684,0.6166278447016293,3373
Cameroon,2017,CMR,East Asia and Pacific,75.58,30.09,25,0.11,3.6,0.64,0.27,50.45,4.77,1.17,685,0.6086482437598685,3527
Cameroon,2018,CMR,East Asia and Pacific,72.26,31.58,25,0.11,3.61,0.64,0.28,46.31,4.82,1.16,686,0.6106220076739232,3491
Cameroon,2019,CMR,East Asia and Pacific,72.19,33.1,25,0.11,3.63,0.64,0.28,44.28,4.71,1.45,687,0.607819719893645,3549
Cameroon,2020,CMR,East Asia and Pacific,68.26,34.65,25,0.11,3.95,0.64,0.27267499999999995,45.16,5.6857000000000015,1.28,688,0.6106439653390066,3489
Cameroon,2021,CMR,East Asia and Pacific,68.67758316207185,41.86514810606061,27,0.11,4.12,0.64,0.27864166666666657,45.02,5.874414999999998,1.47,689,0.61105070108701,3478
Cameroon,2022,CMR,East Asia and Pacific,70.14325935254807,36.545423841991344,26,0.12,3.9373533189033174,0.6239511421144218,0.2642616666666666,48.72543666666667,5.106645000000001,1.04,690,0.6160933698144286,3386
Canada,2000,CAN,North America,16.61,98.17,92,0.6,6.83,0.53,0.35,101.92,68.15,1.29,691,0.6901967192771787,1140
Canada,2001,CAN,North America,15.93,98.18,89,0.59,7.22,0.52,0.35,104.07264000000004,63.84,1.42,692,0.6962701406075456,971
Canada,2002,CAN,North America,15.91,98.18,90,0.58,7.66,0.52,0.35,103.1732827777778,65.31,0.54,693,0.7033751066202788,815
Canada,2003,CAN,North America,15.25,98.18,87,0.58,7.57,0.52,0.35,102.57216166666669,63.18,1.24,694,0.6971614743063691,952
Canada,2004,CAN,North America,15.29,98.18,85,0.58,7.19,0.52,0.36,102.56476500000002,65.27,0.49,695,0.7044681413696294,799
Canada,2005,CAN,North America,15.37,98.24,84,0.58,6.76,0.53,0.36,101.39,66.42,1.28,696,0.6903150480882355,1136
Canada,2006,CAN,North America,15.87,98.3,85,0.58,6.32,0.53,0.37,101.73,66.34,2.34,697,0.6756440544203373,1529
Canada,2007,CAN,North America,15.59,98.36,87,0.58,6.04,0.53,0.37,101.9,69.23,1.33,698,0.6885657079005449,1166
Canada,2008,CAN,North America,15.48,98.42,87,0.57,6.14,0.53,0.37,102.34,66.41,0.85,699,0.7008720957796406,867
Canada,2009,CAN,North America,15.15,98.48,87,0.57,8.34,0.52,0.38,102.73,61.62,0.54,700,0.7086008644798785,725
Canada,2010,CAN,North America,15.48,98.54,89,0.57,8.06,0.52,0.38,102.4,65.1,2.92,701,0.6641612610003732,1814
Canada,2011,CAN,North America,15.06,98.6,87,0.56,7.51,0.52,0.38,103.35,62.25,1.44,702,0.6971475467011191,953
Canada,2012,CAN,North America,14.86,98.65,84,0.56,7.29,0.52,0.38,109.99,65.81,2.14,703,0.6798471529717501,1404
Canada,2013,CAN,North America,14.48,98.71,81,0.56,7.07,0.53,0.38,109.49,65.8,1.18,704,0.6937029857777091,1043
Canada,2014,CAN,North America,14.58,98.76,81,0.56,6.91,0.53,0.38,109.33,65.14,0.29,705,0.7078318724091363,740
Canada,2015,CAN,North America,14.6,98.82,83,0.57,6.91,0.53,0.39,110.36,62.99,1.23,706,0.7024356741502524,830
Canada,2016,CAN,North America,15.46,98.87,82,0.58,7,0.51,0.38,112.51,59.78,2.37,707,0.6910066102904109,1113
Canada,2017,CAN,North America,15.37,98.93,82,0.59,6.34,0.54,0.39,113.76,61.15,1.48,708,0.7049969587572371,787
Canada,2018,CAN,North America,15.2,98.98,81,0.59,5.83,0.52,0.39,114.12,61.95,0.48,709,0.7227969026178613,524
Canada,2019,CAN,North America,15.04,99.04,77,0.61,5.66,0.52,0.38,114.33,60.28,1.31,710,0.7131249987131804,657
Canada,2020,CAN,North America,12.43,99.04,77,0.61,9.46,0.52,0.37970166666666694,114.87,60.25834499999999,1.13,711,0.7011683974064612,861
Canada,2021,CAN,North America,15.578659242424237,98.21630396568348,74,0.6,7.46,0.52,0.3742266666666669,110.70607809523808,59.64718928571428,2.52,712,0.6808924231698263,1378
Canada,2022,CAN,North America,16.40339595238095,98.21205501831503,74,0.6,8.142173591426687,0.538086496420247,0.3653216666666669,110.93128976190478,59.88627928571428,1.27,713,0.6961861981507436,973
Central African Republic,2000,CAF,Sub-Saharan Africa,47.04,8.53,23.282857142857146,0.15,5.3,0.74,0.29,18.947671666666665,20.75,0.68,714,0.5877150889961603,3883
Central African Republic,2001,CAF,Sub-Saharan Africa,53.5,8.4,24.340023809523814,0.15,5.33,0.74,0.29,12,21.08,0.4,715,0.583777499829672,3935
Central African Republic,2002,CAF,Sub-Saharan Africa,49.51,8.26,23.206023809523813,0.15,5.37,0.74,0.28,12.02,18.03,0.75,716,0.5854195557142214,3916
Central African Republic,2003,CAF,Sub-Saharan Africa,51.47,8.13,23.726523809523815,0.12,5.39,0.74,0.27,25.537416666666662,24.25,0.85,717,0.5785081277891553,3999
Central African Republic,2004,CAF,Sub-Saharan Africa,54.85,7.99,23.902500000000003,0.12,5.34,0.74,0.27,25.903685000000007,25.34,0.96,718,0.5745378656135692,4056
Central African Republic,2005,CAF,Sub-Saharan Africa,53.23,7.86,24.001190476190477,0.13,5.33,0.74,0.26,26.442879999999995,26.04,0.98,719,0.5749535795425443,4047
Central African Republic,2006,CAF,Sub-Saharan Africa,52.95,7.74,24,0.17,5.29,0.74,0.26,20.408558333333332,10.61,0.97,720,0.5933114805828108,3813
Central African Republic,2007,CAF,Sub-Saharan Africa,50.6,7.61,20,0.17,5.26,0.73,0.26,20.141838333333336,10.94,0.54,721,0.5961956393075546,3767
Central African Republic,2008,CAF,Sub-Saharan Africa,58.6,7.49,20,0.17,5.21,0.73,0.26,21.04881333333333,11.33,0.68,722,0.590188995030293,3848
Central African Republic,2009,CAF,Sub-Saharan Africa,49.31,7.37,20,0.17,5.27,0.73,0.26,13.62,6.86,1.12,723,0.5939914098112719,3805
Central African Republic,2010,CAF,Sub-Saharan Africa,59.52,7.25,21,0.16,5.52,0.73,0.25,16.801834999999993,7.08,1.16,724,0.5871002268624972,3893
Central African Republic,2011,CAF,Sub-Saharan Africa,58.58,7.14,22,0.16,5.46,0.73,0.25,17.62,7.62,0.76,725,0.5914410813899756,3836
Central African Republic,2012,CAF,Sub-Saharan Africa,58.08,7.02,26,0.15,5.44,0.73,0.25,17.39,7.15,0.49,726,0.5961731877711329,3768
Central African Republic,2013,CAF,Sub-Saharan Africa,45.24,6.91,25,0.12,5.45,0.73,0.22,18.10345166666667,7.02,0.87,727,0.5968430644534857,3754
Central African Republic,2014,CAF,Sub-Saharan Africa,46.46,6.8,24,0.12,5.58,0.73,0.21,17.998065000000004,6.94,0.7,728,0.5959132831492974,3776
Central African Republic,2015,CAF,Sub-Saharan Africa,48.78,6.7,24,0.13,5.74,0.73,0.21,17.73689666666667,7.19,0.98,729,0.5922168543540958,3828
Central African Republic,2016,CAF,Sub-Saharan Africa,55.21,6.59,20,0.19,5.75,0.73,0.2,15.04,7.47,1.22,730,0.5860995139352823,3904
Central African Republic,2017,CAF,Sub-Saharan Africa,56.42,6.49,23,0.18,5.76,0.73,0.2,17.14,7.3,1.22,731,0.5874752892181777,3886
Central African Republic,2018,CAF,Sub-Saharan Africa,41.67,6.39,26,0.18,5.7,0.73,0.2,18.55404333333334,7.26,1.15,732,0.5994124291253238,3703
Central African Republic,2019,CAF,Sub-Saharan Africa,60.88,6.28,25,0.17,5.76,0.73,0.2,18.699969999999997,7,1.26,733,0.58577607599776,3909
Central African Republic,2020,CAF,Sub-Saharan Africa,51.9,6.18,26,0.16,6.38,0.73,0.21892523809523806,19.174828333333334,6.844826666666668,1.14,734,0.591712752220344,3833
Central African Republic,2021,CAF,Sub-Saharan Africa,50.99892681818184,14.921438488668189,24,0.14,6.46,0.73,0.22861500000000007,31.83619166666667,7.224021666666669,1.27,735,0.59454691816333,3791
Central African Republic,2022,CAF,Sub-Saharan Africa,49.05322444444446,17.32361362936083,24,0.13,6.716878432138036,0.7253764129049907,0.23226666666666676,33.88597833333334,7.271506666666666,1.03,736,0.5981590546197708,3726
Chad,2000,TCD,Sub-Saharan Africa,56.22,15.08,18.298500000000004,0.14,0.81,0.59,0.08,10.77,6.49,0.28,737,0.6085881837581583,3530
Chad,2001,TCD,Sub-Saharan Africa,58.26,14.82,18.504000000000005,0.14,0.8,0.59,0.08,12.5,6.02,0.29,738,0.6083897526147556,3535
Chad,2002,TCD,Sub-Saharan Africa,64.74,14.55,18.258000000000003,0.14,0.82,0.59,0.08,13.39,6.51,0.8,739,0.6002621599073987,3694
Chad,2003,TCD,Sub-Saharan Africa,47.42,14.27,17,0.14,0.83,0.59,0.08,14.77,6.61,0.84,740,0.6098538536644038,3501
Chad,2004,TCD,Sub-Saharan Africa,51.01,13.98,17,0.14,0.81,0.59,0.1,15.16,6.35,0.83,741,0.6095046305428347,3507
Chad,2005,TCD,Sub-Saharan Africa,56.22,13.69,17,0.15,0.86,0.6,0.1,15.64,6.3,1.15,742,0.6037500674508253,3636
Chad,2006,TCD,Sub-Saharan Africa,63.66,13.39,20,0.15,0.91,0.6,0.1,16.06,5.89,1.37,743,0.5996770946617328,3700
Chad,2007,TCD,Sub-Saharan Africa,64.92,13.08,18,0.14,0.92,0.6,0.1,18.5,6.03,0.61,744,0.6034050563056917,3650
Chad,2008,TCD,Sub-Saharan Africa,68.82,12.77,16,0.14,0.94,0.6,0.1,20.95,5.82,0.47,745,0.6014408382809953,3674
Chad,2009,TCD,Sub-Saharan Africa,65.01,12.44,16,0.14,0.96,0.6,0.09,22.99,5.35,1.24,746,0.5984084624180913,3718
Chad,2010,TCD,Sub-Saharan Africa,67.58,12.12,17,0.14,0.95,0.61,0.1,22.59,5.69,1.18,747,0.597225496417334,3749
Chad,2011,TCD,Sub-Saharan Africa,60.77,11.79,20,0.14,1,0.61,0.1,23.07,5.73,0.97,748,0.605125390775089,3600
Chad,2012,TCD,Sub-Saharan Africa,59.43,11.46,19,0.14,1,0.6,0.1,22.32,5.62,0.55,749,0.6091266600172067,3514
Chad,2013,TCD,Sub-Saharan Africa,58.64,11.13,19,0.13,1.03,0.6,0.09,24.68,5.35,1.01,750,0.6056444213597111,3591
Chad,2014,TCD,Sub-Saharan Africa,55.72,10.8,22,0.13,1.04,0.6,0.1,23.04,5.18,0.86,751,0.6108086460800264,3484
Chad,2015,TCD,Sub-Saharan Africa,56.72,10.46,22,0.13,1.07,0.59,0.1,22.42,12.56,1.29,752,0.6003532272107331,3693
Chad,2016,TCD,Sub-Saharan Africa,56.65,10.12,20,0.13,1.12,0.59,0.09,22.56,12.99,0.94,753,0.600724104633602,3686
Chad,2017,TCD,Sub-Saharan Africa,59.21,9.77,20,0.13,1.13,0.58,0.09,20.68,13,1.03,754,0.5984831095114015,3716
Chad,2018,TCD,Sub-Saharan Africa,64.38,9.42,19,0.13,1.13,0.58,0.09,20.21,13.12,1.53,755,0.5900671285996127,3850
Chad,2019,TCD,Sub-Saharan Africa,62.62,9.06,20,0.13,1.12,0.58,0.09,20.56,12.46,1.31,756,0.5943901341110414,3794
Chad,2020,TCD,Sub-Saharan Africa,59.48,8.69,21,0.13,1.64,0.58,0.14727802197802192,25.28203,8.747293333333335,1.19,757,0.6053640095556209,3597
Chad,2021,TCD,Sub-Saharan Africa,59.96591722943722,13.515628859751367,20,0.12,1.54,0.58,0.14011302197802192,23.87,8.138664166666667,1.15,758,0.6049556629128896,3607
Chad,2022,TCD,Sub-Saharan Africa,53.14622651515152,28.79517154696183,19,0.09,5.358048528431587,0.6278440476190473,0.18327968864468855,37.770855,6.768229444444446,0.74,759,0.6070903408616557,3562
Chile,2000,CHL,Latin America and Caribbean,42.81,92.09,74,0.59,10.49,0.73,0.28,85.52,21.55,-0.18,760,0.6936812778457644,1044
Chile,2001,CHL,Latin America and Caribbean,42.62,92.59,75,0.59,10.39,0.72,0.28,87.48890999999999,19.84,0.05,761,0.6977095462459161,939
Chile,2002,CHL,Latin America and Caribbean,42.48,93.07,75,0.58,10.17,0.72,0.29,88.94,21.22,0.14,762,0.6971736131808488,951
Chile,2003,CHL,Latin America and Caribbean,42.76,93.48,74,0.58,9.77,0.71,0.3,91.27,19.93,0.31,763,0.701650425049847,849
Chile,2004,CHL,Latin America and Caribbean,41.84,93.88,74,0.58,10.16,0.72,0.3,92.38,20.53,0.56,764,0.6957489511782691,981
Chile,2005,CHL,Latin America and Caribbean,42.47,94.29,73,0.58,9.34,0.73,0.31,93.5,21.71,0.28,765,0.699067123067628,911
Chile,2006,CHL,Latin America and Caribbean,40.75,94.71,73,0.59,9.02,0.74,0.32,93.26,22.64,0.58,766,0.696795780670215,959
Chile,2007,CHL,Latin America and Caribbean,39.19,95.12,70,0.59,8.43,0.74,0.32,92.09,23.49,-0.22,767,0.705343037265142,783
Chile,2008,CHL,Latin America and Caribbean,37.43,95.54,69,0.59,9.29,0.74,0.32,91.39,25.81,0.5,768,0.6922570575467836,1084
Chile,2009,CHL,Latin America and Caribbean,34.59,95.96,67,0.59,11.31,0.74,0.32,88.98,21.69,0.52,769,0.6879056750404157,1181
Chile,2010,CHL,Latin America and Caribbean,34.47,96.38,72,0.58,8.41,0.75,0.33,90.01,24.36,-0.02,770,0.7049851294568719,788
Chile,2011,CHL,Latin America and Caribbean,34.5,96.8,72,0.58,7.32,0.76,0.34,90.47,27.39,0.21,771,0.7019205923237534,841
Chile,2012,CHL,Latin America and Caribbean,33.41,97.23,72,0.58,6.64,0.76,0.34,89.5,29.08,0.7,772,0.6973336936611164,946
Chile,2013,CHL,Latin America and Caribbean,33.64,97.66,71,0.58,6.2,0.75,0.35,99.59,28.7,0.43,773,0.7087412244110475,723
Chile,2014,CHL,Latin America and Caribbean,34.27,98.09,73,0.59,6.65,0.75,0.35,100.68,27.26,0.49,774,0.7102103740969646,693
Chile,2015,CHL,Latin America and Caribbean,34.51,98.52,70,0.59,6.49,0.74,0.36,101.78,27.43,0.85,775,0.7073064489001771,747
Chile,2016,CHL,Latin America and Caribbean,34.75,98.95,66,0.59,6.73,0.74,0.37,101.78,27.03,1.02,776,0.7023011887694611,833
Chile,2017,CHL,Latin America and Caribbean,33.31,99.39,67,0.59,6.95,0.73,0.37,101.83,26.61,0.87,777,0.7081570943469261,735
Chile,2018,CHL,Latin America and Caribbean,33.25,99.59,67,0.58,7.21,0.73,0.38,102.37,26.9,0.54,778,0.7111472075391013,681
Chile,2019,CHL,Latin America and Caribbean,32.8,99.75,67,0.56,7.27,0.72,0.38,103.67,26.06,0.68,779,0.7119507480035967,673
Chile,2020,CHL,Latin America and Caribbean,29.38,99.75,67,0.59,11.14,0.72,0.36088064102564105,103.64,29.136619999999997,0.95,780,0.6908673034158964,1120
Chile,2021,CHL,Latin America and Caribbean,31.825587857142864,98.28061591317308,67,0.59,9.35,0.72,0.3599673076923079,103.77321166666665,26.447536666666664,0.88,781,0.701686088648351,848
Chile,2022,CHL,Latin America and Caribbean,31.305091904761916,97.81085475877192,67,0.57,9.11137368131868,0.7165391020091019,0.3594689743589746,102.36304666666663,26.66670000000001,0.41,782,0.7074675558296455,746
China,2000,CHN,East Asia and Pacific,60.13,65.12,31,0.04,4.263960558426257,0.5,0.37,60.26,9.59,0.57,783,0.6456817604887908,2393
China,2001,CHN,East Asia and Pacific,64.19,65.75,35,0.04,4.268908058426257,0.51,0.37,60.08,10.16,1.04,784,0.639915710100477,2642
China,2002,CHN,East Asia and Pacific,62.85,68.35,35,0.05,4.0004780281232275,0.53,0.37,60.28,11.05,1.13,785,0.6398543237517806,2647
China,2003,CHN,East Asia and Pacific,60.72,70.91,34,0.06,3.979289694789894,0.54,0.37,62.14,12.26,0.82,786,0.6438714146708765,2479
China,2004,CHN,East Asia and Pacific,58.77,73.43,34,0.06,3.9509163614565614,0.55,0.36,70.37581000000002,14,1.11,787,0.6429640572684165,2512
China,2005,CHN,East Asia and Pacific,57.69,75.9,32,0.06,3.831198482668683,0.56,0.36,72.66544166666665,15.56,1.05,788,0.6418369841378413,2552
China,2006,CHN,East Asia and Pacific,55.99,78.3,33,0.06,3.8402987346226127,0.56,0.36,71.33,16.82,1.23,789,0.6407498147139034,2608
China,2007,CHN,East Asia and Pacific,51.29,80.63,35,0.05,4.012661057854935,0.56,0.35,76.79,19.03,1.54,790,0.6405322804801389,2619
China,2008,CHN,East Asia and Pacific,47.37,82.91,36,0.05,3.6684749764526776,0.56,0.35,81.71,21.03,1.09,791,0.6500357878589318,2241
China,2009,CHN,East Asia and Pacific,43.46,85.12,36,0.05,3.8111063230064497,0.56,0.35,85.45,23.95,1.33,792,0.6482312709162447,2306
China,2010,CHN,East Asia and Pacific,40.8,87.26,35,0.05,3.6185284694874196,0.57,0.35,88.17,27.44,0.97,793,0.6498604069728451,2248
China,2011,CHN,East Asia and Pacific,40.27,87.96,36,0.05,3.649119302820753,0.56,0.34,88.72508666666667,31.66,0.79,794,0.6484892835842382,2296
China,2012,CHN,East Asia and Pacific,39.23,88.62,37.78383333333334,0.05,3.7265013987803486,0.55,0.34,90.1940845238095,32.54,0.63,795,0.6526686823380111,2165
China,2013,CHN,East Asia and Pacific,38.16,89.26,39.204333333333345,0.05,3.8142432344446853,0.56,0.34,92.26807333333335,33.18,1.07,796,0.6486484182078973,2292
China,2014,CHN,East Asia and Pacific,36.56,89.86,40.35500000000001,0.05,3.8253422820637324,0.55,0.34,93.42934,33.36,1.06,797,0.6521006859738018,2181
China,2015,CHN,East Asia and Pacific,35.09,90.44,39.278833333333345,0.04,4.456768639079265,0.56,0.34,93.82277000000003,34.44,1.3,798,0.6441473893228155,2469
China,2016,CHN,East Asia and Pacific,35.91,90.99,39.63250000000001,0.04,4.460705305745932,0.55,0.34,94.8403216666667,34.47,1.32,799,0.6450581336534563,2425
China,2017,CHN,East Asia and Pacific,36.05,91.51,41.37516666666668,0.04,4.505905128313716,0.56,0.34,96.10105666666666,34.98,1.57,800,0.6420364289351218,2545
China,2018,CHN,East Asia and Pacific,35.75,91.99,42.054833333333356,0.04,4.414350999525836,0.56,0.34,95.58984666666669,35.74,1.36,801,0.64446154045601,2447
China,2019,CHN,East Asia and Pacific,35.23,92.45,43.81016666666668,0.04,4.416650999525837,0.56,0.33,95.57871500000003,36.37,1.42,802,0.6441395628106833,2470
China,2020,CHN,East Asia and Pacific,34.79,92.88,45.66283333333334,0.04,4.628580268173855,0.56,0.33724333333333306,97.20964833333335,34.11903499999997,1.62,803,0.6468065825095171,2346
China,2021,CHN,East Asia and Pacific,35.45688769841269,89.21353893939391,42.923666666666676,0.04,4.643061220554807,0.57,0.3372516666666665,97.49305166666664,32.58910476190474,1.7,804,0.643693483111705,2486
China,2022,CHN,East Asia and Pacific,36.87304603174602,88.7001583333333,42.14766666666667,0.04,4.895829169272755,0.5499304282106785,0.3487799999999999,96.58728333333333,33.430327640692624,1.9,805,0.6401146541737449,2635
Colombia,2000,COL,Latin America and Caribbean,13.69,90.38,32,0.36,20.52,0.71,0.36,73.09,9.45,-0.01,806,0.6286882314932914,3036
Colombia,2001,COL,Latin America and Caribbean,13.4,90.73,38,0.36,15.04,0.71,0.36,78.63881333333336,9.24,0.44,807,0.6594730935206686,1950
Colombia,2002,COL,Latin America and Caribbean,11.49,91.08,36,0.36,15.63,0.71,0.36,74.64,9.48,0.68,808,0.6517808873062518,2190
Colombia,2003,COL,Latin America and Caribbean,8.6,91.42,37,0.36,14.19,0.7,0.36,80.78658333333334,10.1,0.69,809,0.6638576288761376,1829
Colombia,2004,COL,Latin America and Caribbean,13.76,91.75,38,0.37,13.72,0.69,0.36,79.11,9.82,0.59,810,0.6678212458506919,1727
Colombia,2005,COL,Latin America and Caribbean,16.41,92.08,40,0.37,11.87,0.68,0.36,82.86,10.28,0.68,811,0.6786167503522762,1437
Colombia,2006,COL,Latin America and Caribbean,17.93,92.41,39,0.38,10.96,0.68,0.35,86.29,10.95,0.53,812,0.6835936983411528,1288
Colombia,2007,COL,Latin America and Caribbean,19.25,92.72,38,0.39,10.25,0.69,0.35,89.21,11.45,0.64,813,0.6836878945116878,1287
Colombia,2008,COL,Latin America and Caribbean,20.85,93.03,38,0.39,10.52,0.69,0.35,90.79,12.07,0.39,814,0.6843110104910382,1266
Colombia,2009,COL,Latin America and Caribbean,18.01,93.34,37,0.38,11.32,0.69,0.35,95.27,12.32,0.86,815,0.676892149520499,1492
Colombia,2010,COL,Latin America and Caribbean,17,93.64,35,0.42,10.98,0.68,0.35,97.55,12.77,1.04,816,0.6802760258558638,1397
Colombia,2011,COL,Latin America and Caribbean,15.32,93.93,34,0.44,10.11,0.68,0.35,99.15,12.47,0.47,817,0.6928797143046795,1070
Colombia,2012,COL,Latin America and Caribbean,17.86,94.22,36,0.44,9.74,0.66,0.36,95.4,12.65,0.67,818,0.6955555860168169,990
Colombia,2013,COL,Latin America and Caribbean,17.15,94.5,36,0.44,9.05,0.66,0.36,96.14,13.3,0.83,819,0.696599485988048,964
Colombia,2014,COL,Latin America and Caribbean,16.28,94.78,37,0.44,8.57,0.66,0.37,94.99,13.62,0.85,820,0.6996595372511782,892
Colombia,2015,COL,Latin America and Caribbean,15.4,95.05,37,0.45,8.3,0.65,0.37,94.72,12.59,1.25,821,0.6994374083040882,899
Colombia,2016,COL,Latin America and Caribbean,15.61,95.32,37,0.48,8.69,0.65,0.37,95.01,13.89,1.08,822,0.701405238295134,854
Colombia,2017,COL,Latin America and Caribbean,15.36,95.55,37,0.47,8.87,0.65,0.37,95.73,12.7,0.82,823,0.7047692936218497,792
Colombia,2018,COL,Latin America and Caribbean,15.13,95.83,36,0.47,9.11,0.66,0.37,97.51,12.69,1.14,824,0.6977536560808689,937
Colombia,2019,COL,Latin America and Caribbean,14.13,96.02,37,0.45,9.96,0.68,0.36,100.81,13.87,1.4,825,0.6867685049461966,1201
Colombia,2020,COL,Latin America and Caribbean,13.59,96.2,39,0.42,15.04,0.69,0.3588183333333332,101.8,16.89437333333333,1.58,826,0.656170920649916,2055
Colombia,2021,COL,Latin America and Caribbean,17.18523499999999,94.23954579670334,39,0.43,13.9,0.69,0.35630666666666677,96.73029333333334,13.897299999999998,1.07,827,0.6682858183584001,1718
Colombia,2022,COL,Latin America and Caribbean,18.61428666666667,94.91195631257631,39,0.47,10.45440976190476,0.6717890468227422,0.3612775000000002,96.45055166666666,14.291026666666676,0.87,828,0.6921680284481008,1090
Comoros,2000,COM,Sub-Saharan Africa,79.78,66.48,24.303000000000008,0.18,4.66,0.74,0.2,41.34884166666666,14.582250495169083,0.01,829,0.5960153414809225,3774
Comoros,2001,COM,Sub-Saharan Africa,81.36,66.4,24.197000000000006,0.19,4.7,0.74,0.2,40.86114166666667,14.568745495169084,0.16,830,0.5941037310450162,3801
Comoros,2002,COM,Sub-Saharan Africa,76.27,66.32,26.242000000000004,0.24,4.66,0.74,0.2,36.28,14.556397161835752,0.61,831,0.5979073958066154,3733
Comoros,2003,COM,Sub-Saharan Africa,73.19,66.25,26.30725,0.26,4.62,0.74,0.2,40.07,14.713813828502417,0.29,832,0.6054038649744935,3594
Comoros,2004,COM,Sub-Saharan Africa,73.08,66.17,26.486749999999997,0.28,4.57,0.74,0.2,44.01,14.083758828502416,0.21,833,0.6097464037328862,3503
Comoros,2005,COM,Sub-Saharan Africa,76.22,66.09,25.933916666666665,0.29,4.92,0.73,0.21,45.987183333333334,11.231614661835748,0.31,834,0.6111036198661658,3476
Comoros,2006,COM,Sub-Saharan Africa,79.53,66.02,25.607000000000003,0.29,5.28,0.72,0.21,48.66499499999999,11.65072466183575,0.12,835,0.6102221977157438,3494
Comoros,2007,COM,Sub-Saharan Africa,81.81,65.94,26,0.29,5.66,0.7,0.21,49.487435000000005,11.011654444444446,0.45,836,0.6081385345690908,3539
Comoros,2008,COM,Sub-Saharan Africa,83.37,65.87,25,0.28,5.97,0.69,0.22,51.41533666666668,10.839377777777777,0.28,837,0.6083337497082691,3536
Comoros,2009,COM,Sub-Saharan Africa,84.12,65.79,23,0.29,6.34,0.68,0.22,52.990878333333356,10.057913333333335,0.64,838,0.6053282364975378,3598
Comoros,2010,COM,Sub-Saharan Africa,80.46,65.72,21,0.29,6.69,0.67,0.22,54.66542666666667,9.464668333333334,0.88,839,0.605944643444361,3581
Comoros,2011,COM,Sub-Saharan Africa,64.04,65.65,24,0.31,7.04,0.66,0.22,57.14347333333335,9.85247,0.52,840,0.6266270186365368,3114
Comoros,2012,COM,Sub-Saharan Africa,67.97,65.58,28,0.31,7.41,0.64,0.23,58.585513333333346,9.99930333333333,0.48,841,0.6290534549198019,3022
Comoros,2013,COM,Sub-Saharan Africa,68.01,65.51,28,0.32,7.74,0.63,0.23,59.98,10.755948333333336,0.42,842,0.6300474582587213,2987
Comoros,2014,COM,Sub-Saharan Africa,65.51,65.45,26,0.32,8.14,0.62,0.23,61.09,10.315926666666666,0.51,843,0.63033095075834,2978
Comoros,2015,COM,Sub-Saharan Africa,74.99,65.38,26,0.28,8.14,0.62,0.23,58.41213642857145,10.270190238095235,0.73,844,0.6163736229339586,3379
Comoros,2016,COM,Sub-Saharan Africa,71.27,65.4,24,0.28,8.08,0.62,0.23,56.92207500000002,10.084839999999998,0.7,845,0.618091208551496,3349
Comoros,2017,COM,Sub-Saharan Africa,63.84,65.41,27,0.27,8.06,0.62,0.24,55.51,10.386328571428571,0.95,846,0.6234333131490292,3218
Comoros,2018,COM,Sub-Saharan Africa,67.24,65.43,27,0.26,8.04,0.62,0.24,59.47,10.389596904761902,0.71,847,0.6235884992121283,3215
Comoros,2019,COM,Sub-Saharan Africa,61.83,65.44,25,0.22,8.06,0.62,0.24,57.976555000000026,10.032391666666669,1.3,848,0.6173218327325165,3362
Comoros,2020,COM,Sub-Saharan Africa,67.65,49.57230436507935,21,0.21,9.03,0.62,0.23694499999999993,53.41281666666666,7.625213333333335,1.03,849,0.6059943828659937,3579
Comoros,2021,COM,Sub-Saharan Africa,60.69123761904759,50.890789603174596,20,0.21,8.98,0.62,0.23447000000000004,53.758359999999996,7.9309683333333325,0.65,850,0.613955869102612,3426
Comoros,2022,COM,Sub-Saharan Africa,59.232825952380935,49.55234246031743,19,0.21,8.836811413308915,0.6311810678210672,0.23496333333333339,53.47582833333333,8.193304999999999,0.52,851,0.6140945443792714,3424
Cook Islands,2000,COK,East Asia and Pacific,7.12,84.54,33.96383333333334,0.27714564880075915,4.196640707311756,0.5751831832815036,0.27403261904761883,80.62601666666669,24.266535714285723,0.3,852,0.6937430313511785,1041
Cook Islands,2001,COK,East Asia and Pacific,5.94,84.76,33.527166666666666,0.28838481546742584,4.195286692160242,0.5775678153161359,0.2723726190476188,80.37320000000001,23.80751071428572,0.4,853,0.6939225144568395,1036
Cook Islands,2002,COK,East Asia and Pacific,5.96,84.98,34.010333333333335,0.2738756488007592,4.190780707311757,0.5743548499481704,0.2784126190476188,82.31935166666668,25.018167380952395,0.29,854,0.6943208121335271,1028
Cook Islands,2003,COK,East Asia and Pacific,7.07,85.2,33.70316666666667,0.2718756488007592,4.141742373978424,0.5768698499481705,0.2795192857142856,82.37899333333334,24.27749738095239,0.26,855,0.6944850843696081,1024
Cook Islands,2004,COK,East Asia and Pacific,6.94,85.42,34.42883333333334,0.2716006488007592,4.239676540645091,0.573306516614837,0.2805109523809522,81.93049333333336,25.03977738095239,0.26,856,0.6944755468082094,1025
Cook Islands,2005,COK,East Asia and Pacific,5.2,85.64,34.252,0.2630973154674259,3.6947834413048177,0.5773982557452719,0.28540761904761885,81.446585,24.573775714285727,0.12,857,0.6970980024280468,955
Cook Islands,2006,COK,East Asia and Pacific,6.46,85.86,34.12016666666667,0.2760073154674258,3.8873113532344616,0.57363651661483706,0.2832076190476189,82.69016166666667,25.193220714285722,0.31,858,0.695689028889545,983
Cook Islands,2007,COK,East Asia and Pacific,6.04,86.08,33.95250000000001,0.27798481546742587,3.9539699779430855,0.5756765166148371,0.28012261904761887,82.65748833333333,25.142775714285726,0.34,859,0.6949648848872669,1012
Cook Islands,2008,COK,East Asia and Pacific,7.7,86.3,33.27033333333333,0.26073898213409247,3.4745676167535526,0.5780460335230497,0.28725928571428555,83.05585166666664,23.97145738095238,0.21,860,0.6961480467811813,974
Cook Islands,2009,COK,East Asia and Pacific,5.44,86.52,33.68183333333334,0.30008995435631475,4.004364414340024,0.570966148649469,0.27833095238095223,82.83960166666665,25.87192000000001,0.08,861,0.6993845864002456,901
Cook Islands,2010,COK,East Asia and Pacific,5.83,86.74,34.57366666666666,0.3007358237646842,3.8474715703539455,0.5728497200780406,0.2753159523809522,82.17104833333332,24.293245000000002,0.6,862,0.6965436009661378,965
Cook Islands,2011,COK,East Asia and Pacific,6.41,86.96,34.30583333333333,0.30042685911821954,3.8885057370206124,0.5723013867447072,0.27633928571428557,82.18557000000001,25.109805000000005,0.55,863,0.6956783319596463,984
Cook Islands,2012,COK,East Asia and Pacific,6.54,87.18,34.37,0.29694674007060046,4.233997585335695,0.5685536486494691,0.2782509523809523,83.51237666666664,26.375630000000015,0.26,864,0.6970613565902628,957
Cook Islands,2013,COK,East Asia and Pacific,6.94,87.4,34.46849999999999,0.30560221626107664,4.346691780976655,0.5691130534113737,0.2764759523809523,82.48099499999998,25.314490000000006,0.46,865,0.6961884264818444,972
Cook Islands,2014,COK,East Asia and Pacific,6.69,87.41,35.13733333333333,0.2853296765785369,4.185161827759938,0.5707875772208976,0.2798109523809522,85.03715166666665,26.319026666666677,0.16,866,0.698272501614251,928
Cook Islands,2015,COK,East Asia and Pacific,7.66,87.41,34.43749999999999,0.32187300991187023,5.084765447473555,0.5685578802512007,0.27393928571428566,83.43760833333334,26.37761,-0.43,867,0.7024751268011132,829
Cook Islands,2016,COK,East Asia and Pacific,5.91,87.42,34.42116666666666,0.30187467657853695,4.397811674971548,0.5678870460853664,0.277602619047619,84.33446999999998,25.77988333333334,0.31,868,0.698011048753569,933
Cook Islands,2017,COK,East Asia and Pacific,6.74,87.42,35.0595,0.30456252056461613,4.545122051846136,0.5721329032282236,0.27230428571428555,82.6156,25.14425833333334,0.68,869,0.6933036022477789,1059
Cook Islands,2018,COK,East Asia and Pacific,7.28,87.43,34.724333333333334,0.2849663432452036,4.5027801405874595,0.5730604140507344,0.27688928571428556,83.94208333333331,26.168051666666674,0.24,870,0.6950422077456158,1005
Cook Islands,2019,COK,East Asia and Pacific,6.7,87.43,34.838,0.2864996765785369,4.494396807254127,0.573041474656795,0.27793928571428556,84.49881166666665,26.689911666666674,0.22,871,0.6954545671318939,994
Cook Islands,2020,COK,East Asia and Pacific,6.95,87.43,34.61883333333333,0.3025563432452036,4.76789423149655,0.5731937473840678,0.2730459523809523,82.87152666666667,26.565861666666677,0.27,872,0.6945710938167146,1021
Cook Islands,2021,COK,East Asia and Pacific,7.882570000000004,85.47753287957214,34.171499999999995,0.3050042364630968,4.767880093804177,0.5724123188126391,0.2717259523809522,81.74514500000004,24.458863333333344,0.57,873,0.6926138876446989,1075
Cook Islands,2022,COK,East Asia and Pacific,7.936145000000006,85.78187165635092,34.28666666666666,0.29182384324520355,4.670068292272375,0.5728189854793059,0.27202595238095223,82.85610166666669,25.421498333333343,0.48,874,0.691949322544155,1095
Costa Rica,2000,CRI,Latin America and Caribbean,31.57,94.15,54,0.63,5.08,0.66,0.28,62.06,12.03,-0.02,875,0.7227605412111641,525
Costa Rica,2001,CRI,Latin America and Caribbean,31.63,94.62,45,0.64,5.92,0.66,0.29,66.86,12.67,0.61,876,0.7082173290204594,732
Costa Rica,2002,CRI,Latin America and Caribbean,30.69,95.08,45,0.66,6.33,0.66,0.29,68.1,16.28,0.89,877,0.7023308134901723,832
Costa Rica,2003,CRI,Latin America and Caribbean,30.77,95.51,43,0.65,6.56,0.66,0.29,80.79953333333337,13.24,0.86,878,0.708323708483102,729
Costa Rica,2004,CRI,Latin America and Caribbean,32.06,95.92,49,0.65,6.39,0.66,0.28,79.51,13.28,0.8,879,0.713267496056046,656
Costa Rica,2005,CRI,Latin America and Caribbean,32.77,96.32,42,0.65,6.57,0.66,0.29,81.59,14.12,0.58,880,0.7087259721697678,724
Costa Rica,2006,CRI,Latin America and Caribbean,31.08,96.69,41,0.66,5.74,0.66,0.3,88.42,12.81,0.78,881,0.7149528716251168,637
Costa Rica,2007,CRI,Latin America and Caribbean,30.91,97.05,50,0.7,4.49,0.66,0.3,89.84,14.45,0.75,882,0.7298246282061924,419
Costa Rica,2008,CRI,Latin America and Caribbean,29.51,97.39,51,0.7,4.78,0.66,0.31,91.27,14.56,0.35,883,0.7373947193022778,344
Costa Rica,2009,CRI,Latin America and Caribbean,26.4,97.71,53,0.7,7.71,0.66,0.31,98.09,12.73,1.05,884,0.7267709715571276,462
Costa Rica,2010,CRI,Latin America and Caribbean,25.38,97.97,53,0.7,7.17,0.66,0.31,101.08,13.12,0.99,885,0.731374845685387,404
Costa Rica,2011,CRI,Latin America and Caribbean,25.78,98.22,48,0.7,9.52,0.66,0.31,103.8,14.48,0.56,886,0.7216956198358542,548
Costa Rica,2012,CRI,Latin America and Caribbean,24.5,98.46,54,0.7,9.11,0.67,0.33,107.49,15.35,0.6803943650793652,887,0.7290185536842544,433
Costa Rica,2013,CRI,Latin America and Caribbean,23.23,98.67,53,0.69,8.22,0.68,0.33,114.39,15.62,0.8018035075914421,888,0.7308163492940112,408
Costa Rica,2014,CRI,Latin America and Caribbean,24.41,98.88,54,0.69,8.5,0.67,0.33,120.13,14.71,0.9006266740171592,889,0.7333919971835524,381
Costa Rica,2015,CRI,Latin America and Caribbean,22.6,99.06,55,0.68,8.42,0.67,0.33,122.79,14.18,1.269632705162484,890,0.7311988893138662,407
Costa Rica,2016,CRI,Latin America and Caribbean,22.2,99.24,58,0.68,8.09,0.68,0.32,125.82,14.25,1.20705315338822,891,0.7346567857762822,370
Costa Rica,2017,CRI,Latin America and Caribbean,21.26,99.37,59,0.67,7.73,0.66,0.32,128.93,13.94,1.1196043248671617,892,0.7441579855737898,291
Costa Rica,2018,CRI,Latin America and Caribbean,22.42,99.34,56,0.66,9.01,0.67,0.32,132.82,14.17,1.1127227614174326,893,0.7332395092864218,385
Costa Rica,2019,CRI,Latin America and Caribbean,22.32,99.31,19,0.66,10.81,0.67,0.33,141.36,14.37,1.3336245694338345,894,0.6847345038436999,1251
Costa Rica,2020,CRI,Latin America and Caribbean,20.29,99.28,19,0.66,16.43,0.7,0.34204064102564075,142.02,21.805411666666668,1.4649285371161098,895,0.6466894925780523,2352
Costa Rica,2021,CRI,Latin America and Caribbean,24.098844999999994,98.29075868734333,58,0.65,15.14,0.7,0.3412989743589743,112.67526833333335,21.9550692857143,1.1674741930863457,896,0.6822442277856244,1332
Costa Rica,2022,CRI,Latin America and Caribbean,23.92523666666666,97.85458303571426,54,0.63,11.160699047619044,0.6760850851370853,0.3354123076923075,107.58074500000001,18.98287595238095,1.0393193015904132,897,0.7063059554281368,766
Croatia,2000,HRV,Europe and Central Asia,13.86,90.14,37,0.47,16.06,0.46,0.4,85.53,15.76,1.6,898,0.6771786151606283,1482
Croatia,2001,HRV,Europe and Central Asia,14.39,90.17,39,0.48,15.82,0.46,0.4,85.76,17.56,1.57,899,0.6795538799444615,1415
Croatia,2002,HRV,Europe and Central Asia,18.63,90.19,38,0.48,15.05,0.45,0.4,86.87,18.18,1.23,900,0.6859069139069875,1224
Croatia,2003,HRV,Europe and Central Asia,16.64,90.21,37,0.48,13.92,0.44,0.4,88.34,19.63,1.24,901,0.69173909928363,1099
Croatia,2004,HRV,Europe and Central Asia,18.12,90.24,35,0.47,13.66,0.45,0.4,91.20687333333332,20.1,0.63,902,0.6970919498112577,956
Croatia,2005,HRV,Europe and Central Asia,13.39,90.26,34,0.48,12.6,0.46,0.41,93.17,21.24,0.25,903,0.7085367041922545,726
Croatia,2006,HRV,Europe and Central Asia,13.31,90.29,34,0.49,11.13,0.46,0.41,94.93,23.85,0.68,904,0.7095808537196214,703
Croatia,2007,HRV,Europe and Central Asia,12.39,90.31,41,0.49,9.91,0.47,0.4,96.6,23.87,1.94,905,0.7040319278516417,806
Croatia,2008,HRV,Europe and Central Asia,14.51,93.0891339177489,44,0.49,8.53,0.47,0.41,98.37,23.92,1.42,906,0.7230287067264155,516
Croatia,2009,HRV,Europe and Central Asia,13.75,95.82388772727273,41,0.52,9.2,0.46,0.42,99.85,20.54,1.45,907,0.7254157509291231,484
Croatia,2010,HRV,Europe and Central Asia,13.96,96.20616296536798,41,0.57,11.62,0.46,0.43,99.9,19.5,0.82,908,0.7287655050120727,439
Croatia,2011,HRV,Europe and Central Asia,12.05,95.98196748917746,40,0.58,13.68,0.47,0.42,99.19,21.19,1.22,909,0.7083313486589459,728
Croatia,2012,HRV,Europe and Central Asia,11.47,94.8910189177489,46,0.6,15.93,0.47,0.43,98.92,18.3,1.81,910,0.6974877411772485,944
Croatia,2013,HRV,Europe and Central Asia,8.83,96.81982173160169,48,0.62,17.25,0.46,0.42,99.35,17.72,1.23,911,0.7040606075883018,805
Croatia,2014,HRV,Europe and Central Asia,11.28,95.56313119047616,48,0.61,17.29,0.47,0.42,98.7,17.18,2,912,0.6896514839813463,1154
Croatia,2015,HRV,Europe and Central Asia,10.94,95.77305119047614,51,0.6,16.18,0.47,0.42,98.65,17.25,1.9,913,0.7001671734778788,886
Croatia,2016,HRV,Europe and Central Asia,10.97,96.19429296536796,49,0.54,13.1,0.46,0.41,98.87,17.35,1.81,914,0.7138184472324107,647
Croatia,2017,HRV,Europe and Central Asia,10.97,96.91009987012988,49,0.52,11.21,0.46,0.41,99.4,17.4,1.52,915,0.7276865742206107,452
Croatia,2018,HRV,Europe and Central Asia,10.48,96.18959428571426,48,0.52,8.43,0.47,0.41,100.08,18.12,2.28,916,0.724150122549178,502
Croatia,2019,HRV,Europe and Central Asia,11.46,96.51834287545788,35,0.52,6.62,0.47,0.41,100.12,18.37,2.08,917,0.7199010953383516,575
Croatia,2020,HRV,Europe and Central Asia,10.45,96.4780778754579,36,0.54,7.51,0.47,0.4058116666666664,100.4,21.00202166666665,1.99,918,0.7184062324928336,589
Croatia,2021,HRV,Europe and Central Asia,13.75793190476191,97.09597393606397,47,0.52,7.61,0.47,0.40656333333333317,101.01586166666664,23.578923333333332,1.58,919,0.7324591344792926,390
Croatia,2022,HRV,Europe and Central Asia,14.130085000000003,96.0235492857143,50,0.51,7.943384343311484,0.472229423076923,0.41306833333333304,101.16409,22.718564999999998,2.21,920,0.7222617851896214,533
Cuba,2000,CUB,Latin America and Caribbean,16.23,81.82,40.360166666666665,0.07,5.45,0.64,0.28,82.75,10.05,0.51,921,0.6735280620401481,1585
Cuba,2001,CUB,Latin America and Caribbean,18.71,82.02,41.8325,0.07,4.08,0.65,0.29,84.53,9.87,0.54,922,0.6773121145845922,1476
Cuba,2002,CUB,Latin America and Caribbean,19.38,82.22,41.68483333333334,0.07,3.31,0.65,0.29,88.32,9.73,0.95,923,0.676243498965579,1506
Cuba,2003,CUB,Latin America and Caribbean,20.33,82.4,46,0.07,2.33,0.64,0.3,91.39,9.35,1.09,924,0.6835022606812576,1294
Cuba,2004,CUB,Latin America and Caribbean,19.6,82.55,37,0.07,1.85,0.63,0.31,90.95,9.05,0.87,925,0.6818613349611777,1343
Cuba,2005,CUB,Latin America and Caribbean,14.84,83.22,38,0.07,1.95,0.62,0.31,93.05,9.22,0.79,926,0.6874452826661562,1190
Cuba,2006,CUB,Latin America and Caribbean,14.26,83.89,35,0.07,1.91,0.61,0.32,95.42,10.09,0.91,927,0.6858619304361525,1227
Cuba,2007,CUB,Latin America and Caribbean,9.78,84.56,42,0.07,1.79,0.63,0.32,95.56,10.1,0.9,928,0.6916941218390036,1102
Cuba,2008,CUB,Latin America and Caribbean,8.84,85.23,43,0.07,1.58,0.61,0.33,94.94,10.86,0.64,929,0.6985581622977083,917
Cuba,2009,CUB,Latin America and Caribbean,8.1,85.91,44,0.08,1.67,0.59,0.33,92.78,9.87,0.93,930,0.7003875012846901,880
Cuba,2010,CUB,Latin America and Caribbean,9.18,86.58,37,0.08,2.5,0.59,0.33,92.25,11.43,0.96,931,0.6902022927358819,1139
Cuba,2011,CUB,Latin America and Caribbean,10.82,87.26,42,0.08,3.18,0.57,0.34,91.53,10.93,0.54,932,0.7001808734234665,885
Cuba,2012,CUB,Latin America and Caribbean,13.13,87.94,48,0.08,3.46,0.56,0.35,90.19,10.71,0.61,933,0.7046725685283894,794
Cuba,2013,CUB,Latin America and Caribbean,12.27,88.62,46,0.07,3.29,0.56,0.35,90.98,10.63,0.89,934,0.6997740769912457,891
Cuba,2014,CUB,Latin America and Caribbean,9.64,89.29,46,0.07,2.7,0.56,0.35,97,10.7,1.14,935,0.7014514120364467,853
Cuba,2015,CUB,Latin America and Caribbean,9.62,89.97,47,0.07,2.4,0.56,0.36,97.89,10.59,1.44,936,0.7002419220757231,883
Cuba,2016,CUB,Latin America and Caribbean,10.29,90.65,47,0.07,2,0.56,0.36,100.11,10.59,1.37,937,0.7025943328092633,827
Cuba,2017,CUB,Latin America and Caribbean,10.7,91.34,47,0.07,1.7,0.57,0.37,101.31,10.23,1.28,938,0.7043337496098537,802
Cuba,2018,CUB,Latin America and Caribbean,11.17,92.03,47,0.08,1.7,0.57,0.37,101.14,10.57,1.18,939,0.7064522568254822,763
Cuba,2019,CUB,Latin America and Caribbean,10.85,92.73,47,0.09,1.2,0.57,0.37,100.34,10.78,1.63,940,0.7026566470509263,826
Cuba,2020,CUB,Latin America and Caribbean,8.92,93.42,47,0.09,1.4,0.59,0.34293499999999993,99.95,14.882088333333334,1.72,941,0.6943056603064071,1029
Cuba,2021,CUB,Latin America and Caribbean,10.21381833333333,88.63741499999998,46,0.09,1.47,0.59,0.3415583333333332,89.13,11.891246666666664,1.3,942,0.6966548697097962,961
Cuba,2022,CUB,Latin America and Caribbean,10.287546666666664,88.75421,45,0.09,1.8584200969100473,0.5852962900824669,0.33388833333333323,94.34155166666666,11.939129999999999,1.44,943,0.6951341185118459,1001
Cyprus,2000,CYP,Europe and Central Asia,55.9,99.89,54.155533333333345,0.52,4.97,0.47,0.32,93.37,36.19,0.62,944,0.7009661371905297,866
Cyprus,2001,CYP,Europe and Central Asia,55.22,99.89,55.227333333333334,0.53,3.98,0.48,0.33,93.45,36.96,1.16,945,0.6981696305575944,931
Cyprus,2002,CYP,Europe and Central Asia,52.77,99.89,57.95616666666666,0.54,3.3,0.49,0.33,96.92,38.23,0.84,946,0.7091652816944233,710
Cyprus,2003,CYP,Europe and Central Asia,47.65,99.88,61,0.53,4.14,0.48,0.34,98.42,38.01,0.59,947,0.7205205377977184,568
Cyprus,2004,CYP,Europe and Central Asia,49.88,99.87,54,0.57,4.33,0.43,0.33,97.72,35.46,0.61,948,0.7210415690781717,565
Cyprus,2005,CYP,Europe and Central Asia,49.83,99.87,57,0.56,5.3,0.43,0.34,96.54,35.54,0.34,949,0.7235018805676225,510
Cyprus,2006,CYP,Europe and Central Asia,48.33,99.86,56,0.57,4.54,0.44,0.34,96.6,36.65,0.62,950,0.7216227646350553,550
Cyprus,2007,CYP,Europe and Central Asia,48.8,99.85,53,0.57,3.92,0.43,0.35,97.78,37.38,0.81,951,0.7183849819036621,590
Cyprus,2008,CYP,Europe and Central Asia,51.4,99.84,64,0.57,3.65,0.47,0.36,98.33,38.95,1.03,952,0.718037516100336,597
Cyprus,2009,CYP,Europe and Central Asia,49.92,99.83,66,0.57,5.36,0.47,0.36,98.39,38.31,0.98,953,0.717588237953486,604
Cyprus,2010,CYP,Europe and Central Asia,43.11,99.83,63,0.57,6.26,0.46,0.37,91.44,37.69,2.03,954,0.7011472504518681,862
Cyprus,2011,CYP,Europe and Central Asia,41.37,99.82,63,0.57,7.86,0.49,0.38,92.83,39.21,0.72,955,0.7135339667747099,654
Cyprus,2012,CYP,Europe and Central Asia,42.37,99.81,66,0.57,11.8,0.5,0.4,95.3,39.64,0.97,956,0.6924312056599273,1079
Cyprus,2013,CYP,Europe and Central Asia,42.6,99.8,63,0.58,15.87,0.53,0.41,98.31,41.64,1.24,957,0.6587427762190908,1972
Cyprus,2014,CYP,Europe and Central Asia,45.11,99.8,63,0.58,16.09,0.5,0.41,99.42,41.7,1.05,958,0.6613908718569942,1902
Cyprus,2015,CYP,Europe and Central Asia,43.62,99.79,61,0.58,14.91,0.5,0.4,99.78,43.55,1.14,959,0.6634287517002041,1847
Cyprus,2016,CYP,Europe and Central Asia,44.61,99.78,55,0.57,12.95,0.48,0.41,99.12,44.12,1.49,960,0.6641259645470533,1816
Cyprus,2017,CYP,Europe and Central Asia,44.76,99.77,57,0.57,11.05,0.47,0.39,100.33,45.06,0.78,961,0.6844308960007788,1261
Cyprus,2018,CYP,Europe and Central Asia,44.36,99.77,59,0.56,8.37,0.49,0.39,100.25,46.01,2.12,962,0.6742260319759326,1564
Cyprus,2019,CYP,Europe and Central Asia,32.12,99.77,48,0.56,7.07,0.46,0.39,100.85,46.15,1.52,963,0.6934110686131204,1055
Cyprus,2020,CYP,Europe and Central Asia,14.01,99.77,47,0.52,7.59,0.46,0.39126595238095246,101.43,32.63128833333334,1.67,964,0.7189806905426716,582
Cyprus,2021,CYP,Europe and Central Asia,25.72294166666667,98.43297406862753,53,0.51,7.46,0.46,0.39672499999999994,102.07950499999997,29.94757666666667,1.99,965,0.7159072186886409,625
Cyprus,2022,CYP,Europe and Central Asia,25.235183333333318,96.357142753867,52,0.48,8.050651572871573,0.4945626754385966,0.3922299999999999,99.88744833333334,29.73816000000001,1.24,966,0.7188095325028386,584
Czech Republic,2000,CZE,Europe and Central Asia,10.2,96.32,43,0.59,8.76,0.39,0.38,88.32,31.24,1.91,967,0.712683480328533,663
Czech Republic,2001,CZE,Europe and Central Asia,10.64,96.32,39,0.59,7.99,0.39,0.38,94.81,31.46,1.23,968,0.7254149013731434,485
Czech Republic,2002,CZE,Europe and Central Asia,10,96.44,37,0.59,7.02,0.38,0.38,95.5,32.74,1.53,969,0.7212157552684703,560
Czech Republic,2003,CZE,Europe and Central Asia,10.37,96.55,39,0.63,7.54,0.38,0.37,96.49,33.29,1.08,970,0.7304690924271054,414
Czech Republic,2004,CZE,Europe and Central Asia,10.71,96.67,42,0.63,8.21,0.39,0.36,95.44,33.11,0.82,971,0.7338182878671006,378
Czech Republic,2005,CZE,Europe and Central Asia,11.09,96.79,43,0.63,7.93,0.39,0.35,95.67,32.88,0.75,972,0.7369285173924565,350
Czech Republic,2006,CZE,Europe and Central Asia,11.65,96.91,48,0.63,7.15,0.39,0.35,96.04,33.16,0.96,973,0.742701270246196,301
Czech Republic,2007,CZE,Europe and Central Asia,13.63,97.03,52,0.63,5.32,0.39,0.35,94.96,33.59,2.18,974,0.7292585161905668,426
Czech Republic,2008,CZE,Europe and Central Asia,16.13,97.15,52,0.63,4.39,0.41,0.36,94.15,34.36,1.65,975,0.7396896635210682,329
Czech Republic,2009,CZE,Europe and Central Asia,15.05,97.27,49,0.62,6.66,0.38,0.36,93.85,31.63,1.44,976,0.7376343327613653,343
Czech Republic,2010,CZE,Europe and Central Asia,15.25,97.39,46,0.61,7.28,0.39,0.36,94.66,31.58,0.43,977,0.7467916601891076,268
Czech Republic,2011,CZE,Europe and Central Asia,15.02,97.51,44,0.62,6.71,0.37,0.37,95.8,30.78,1.05,978,0.7414871631715871,313
Czech Republic,2012,CZE,Europe and Central Asia,15.29,97.64,49,0.62,6.98,0.39,0.37,96.79,30.94,1.6,979,0.7358762010425478,359
Czech Republic,2013,CZE,Europe and Central Asia,13.59,97.76,48,0.6,6.95,0.38,0.36,104,29.43,0.8,980,0.7536409111152105,224
Czech Republic,2014,CZE,Europe and Central Asia,14.08,97.88,51,0.59,6.11,0.39,0.37,104.7,29.75,2.53,981,0.7260418492793372,471
Czech Republic,2015,CZE,Europe and Central Asia,14.83,97.88,56,0.58,5.05,0.4,0.37,105.09,29.75,2.14,982,0.7418497041838346,311
Czech Republic,2016,CZE,Europe and Central Asia,15.02,97.88,55,0.58,3.95,0.39,0.37,104.63,29.97,2.1,983,0.7451054315914627,277
Czech Republic,2017,CZE,Europe and Central Asia,14.55,97.88,57,0.57,2.89,0.39,0.37,103.49,29.54,1.62,984,0.7600313183552438,185
Czech Republic,2018,CZE,Europe and Central Asia,14.19,97.88,59,0.55,2.24,0.38,0.38,102.3,29.27,2.67,985,0.7398594580651795,326
Czech Republic,2019,CZE,Europe and Central Asia,14.09,97.88,58,0.54,2.01,0.38,0.38,101.3,29.11,2.56,986,0.7410584562708323,316
Czech Republic,2020,CZE,Europe and Central Asia,11.53,97.88,57,0.54,2.55,0.38,0.37263999999999997,100.94,30.37037000000001,2.36,987,0.742286576228211,309
Czech Republic,2021,CZE,Europe and Central Asia,16.070272499999994,97.95341256132751,54,0.53,2.81,0.38,0.37289714285714276,102.35718666666666,31.395971666666682,1.32,988,0.7559507404653952,210
Czech Republic,2022,CZE,Europe and Central Asia,22.33112666666666,98.42324111111111,56,0.57,4.335919206349207,0.4249760256410255,0.38635000000000014,104.61715500000003,34.38340666666668,2.39,989,0.726077066071686,470
Democratic People's Republic of Korea,2000,PRK,East Asia and Pacific,44.37353044372294,78.74,14.791666666666664,0.04,3.01,0.54,0.3283023809523808,75.29850833333336,8.02,0.59,990,0.6498536999575218,2249
Democratic People's Republic of Korea,2001,PRK,East Asia and Pacific,43.83718544372293,78.74,14.403833333333331,0.04,3.03,0.54,0.3245423809523808,79.02704,8.94,0.86,991,0.6476377005803439,2315
Democratic People's Republic of Korea,2002,PRK,East Asia and Pacific,43.906765443722925,78.74,14.925,0.04,2.99,0.56,0.3248773809523808,79.10425666666669,8.83,0.84,992,0.646677779754614,2354
Democratic People's Republic of Korea,2003,PRK,East Asia and Pacific,43.4636521103896,78.74,15.162833333333333,0.04,3,0.56,0.3271440476190475,80.54252000000002,9.16,0.93,993,0.6466111713331724,2355
Democratic People's Republic of Korea,2004,PRK,East Asia and Pacific,44.5575402056277,78.69,16.144833333333334,0.04,2.96,0.56,0.32622571428571406,83.02251833333332,9.12,1.58,994,0.6412055683146798,2582
Democratic People's Republic of Korea,2005,PRK,East Asia and Pacific,44.004960443722936,78.4,14.555000000000001,0.04,2.93,0.56,0.3252473809523807,82.53192500000003,9.54,0.85,995,0.6467631144483101,2348
Democratic People's Republic of Korea,2006,PRK,East Asia and Pacific,44.60602211038961,78.1,14.44716666666667,0.04,2.9,0.56,0.32597238095238074,81.57849833333336,9.58,0.69,996,0.6474358833262056,2324
Democratic People's Republic of Korea,2007,PRK,East Asia and Pacific,44.535766872294374,77.81,15.040666666666668,0.04,2.91,0.56,0.32578738095238075,82.23398500000003,7.96,1.61,997,0.6407195607338062,2612
Democratic People's Republic of Korea,2008,PRK,East Asia and Pacific,43.54011853896103,77.51,13.966500000000002,0.04,2.87,0.56,0.32316238095238076,82.3338816666667,8.27,1.53,998,0.6409367801660348,2601
Democratic People's Republic of Korea,2009,PRK,East Asia and Pacific,41.979770205627716,77.22,16.6045,0.04,2.9,0.57,0.3325402380952379,79.91842000000004,8.32,1.06,999,0.6475427424517223,2319
Democratic People's Republic of Korea,2010,PRK,East Asia and Pacific,41.36034107142857,76.93,17.638500000000004,0.04,2.81,0.58,0.32828523809523785,75.89954000000004,7.47,0.38,1000,0.6533081257729355,2149
Democratic People's Republic of Korea,2011,PRK,East Asia and Pacific,43.99119544372295,76.64,10,0.04,2.89,0.56,0.3216757142857141,78.65184500000005,5.51,0.52,1001,0.6473913122209503,2326
Democratic People's Republic of Korea,2012,PRK,East Asia and Pacific,43.197485205627714,76.36,8,0.04,2.92,0.55,0.32589904761904753,82.20098166666672,5.55,0.42,1002,0.6489139308239563,2281
Democratic People's Republic of Korea,2013,PRK,East Asia and Pacific,42.79773520562772,76.07,8,0.04,2.92,0.55,0.3259490476190475,82.85305833333341,4.55,0.3,1003,0.6510664854534273,2211
Democratic People's Republic of Korea,2014,PRK,East Asia and Pacific,43.16967687229437,75.79,8,0.04,2.87,0.55,0.32794738095238074,85.96326833333336,4.63,1.52,1004,0.6410445441887419,2593
Democratic People's Republic of Korea,2015,PRK,East Asia and Pacific,43.71101687229438,75.51,8,0.04,2.9,0.55,0.3245690476190475,92.27,4.6,1.22,1005,0.6451541524548913,2421
Democratic People's Republic of Korea,2016,PRK,East Asia and Pacific,43.79849853896104,75.23,12,0.04,2.92,0.55,0.3255723809523808,84.7614816666667,4.81,1.42,1006,0.6443740248409142,2452
Democratic People's Republic of Korea,2017,PRK,East Asia and Pacific,43.2567302056277,74.95,17,0.04,2.86,0.55,0.3402323809523808,85.85882333333339,4.88,1.59,1007,0.648466238890936,2297
Democratic People's Republic of Korea,2018,PRK,East Asia and Pacific,42.436428538961046,74.68,14,0.04,2.81,0.55,0.3286257142857142,81.69306333333338,6.17,0.86,1008,0.6506634352330725,2222
Democratic People's Republic of Korea,2019,PRK,East Asia and Pacific,42.21153353896105,74.41,17,0.04,2.78,0.55,0.33743642857142836,85.93946000000004,7.15,1.83,1009,0.6446709593784448,2437
Democratic People's Republic of Korea,2020,PRK,East Asia and Pacific,43.571176872294366,74.43,18,0.04,3.06,0.5,0.35061095238095225,87.44547499999999,14.03382282608696,1.86,1010,0.642683204923618,2526
Democratic People's Republic of Korea,2021,PRK,East Asia and Pacific,44.57625377705627,79.72484142857144,16,0.05,3.21,0.5,0.34828928571428575,87.38294666666667,14.441284492753626,1.86,1011,0.6410801790809912,2590
Democratic People's Republic of Korea,2022,PRK,East Asia and Pacific,44.34731377705628,77.94273299156984,17,0.05,3.1917432833768267,0.5218607843137254,0.3314540476190475,88.96312333333333,9.515452826086953,1.61,1012,0.6470906708911394,2333
Democratic Republic of the Congo,2000,COD,Sub-Saharan Africa,51.08,10,21.633500000000005,0.1,2.96,0.61,0.19,26.31314500000001,2.23,0.54,1013,0.6171758383090199,3366
Democratic Republic of the Congo,2001,COD,Sub-Saharan Africa,70.12,10.35,20.378833333333333,0.1,2.93,0.61,0.2,27.00007833333333,2.57,0.39,1014,0.6056957587144797,3590
Democratic Republic of the Congo,2002,COD,Sub-Saharan Africa,69.02,10.71,20.403166666666667,0.11,2.89,0.61,0.2,28.107181666666666,2.66,0.87,1015,0.6040603536054194,3627
Democratic Republic of the Congo,2003,COD,Sub-Saharan Africa,66.52,11.08,20.39833333333333,0.11,2.87,0.61,0.19,28.772786666666672,2.75,0.96,1016,0.6047399041516375,3614
Democratic Republic of the Congo,2004,COD,Sub-Saharan Africa,70.73,11.46,20,0.12,2.86,0.61,0.2,29.705516666666657,2.76,0.91,1017,0.6037036858144249,3639
Democratic Republic of the Congo,2005,COD,Sub-Saharan Africa,68.51,11.84,21,0.13,2.85,0.61,0.2,29.472243333333335,2.88,1.01,1018,0.605732528666565,3588
Democratic Republic of the Congo,2006,COD,Sub-Saharan Africa,67.86,12.24,20,0.19,3.09,0.61,0.19,31.636656666666664,2.87,0.84,1019,0.6107290098807222,3487
Democratic Republic of the Congo,2007,COD,Sub-Saharan Africa,63.57,12.65,19,0.23,3.32,0.61,0.19,36.6,2.63,0.77,1020,0.6177945235792637,3353
Democratic Republic of the Congo,2008,COD,Sub-Saharan Africa,49.8,13.07,17,0.23,3.55,0.6,0.2,39.45,2.72,0.66,1021,0.628495737211734,3043
Democratic Republic of the Congo,2009,COD,Sub-Saharan Africa,45.38,13.49,19,0.23,3.81,0.6,0.2,41.5,2.6,0.93,1022,0.6308969334351032,2965
Democratic Republic of the Congo,2010,COD,Sub-Saharan Africa,37.05,13.94,20,0.24,4.02,0.6,0.21,41.21,2.57,1.35,1023,0.633726147315951,2865
Democratic Republic of the Congo,2011,COD,Sub-Saharan Africa,38.82,14.39,20,0.24,4.25,0.6,0.22,43.32,2.44,0.84,1024,0.6384552514992546,2696
Democratic Republic of the Congo,2012,COD,Sub-Saharan Africa,40.28,14.85,21,0.22,4.49,0.6,0.22,43.23,2.33,0.52,1025,0.6390835848133137,2677
Democratic Republic of the Congo,2013,COD,Sub-Saharan Africa,39.43,15.33,22,0.21,4.47,0.6,0.23,42.91,2.4,1,1026,0.6360637934347165,2778
Democratic Republic of the Congo,2014,COD,Sub-Saharan Africa,38.72,15.81,22,0.21,4.45,0.6,0.23,45.5,2.38,0.98,1027,0.6378445712715212,2716
Democratic Republic of the Congo,2015,COD,Sub-Saharan Africa,37.43,16.31,22,0.21,4.46,0.6,0.23,46.17,2.32,1.05,1028,0.6383731104159696,2699
Democratic Republic of the Congo,2016,COD,Sub-Saharan Africa,37.29,16.82,21,0.21,4.48,0.6,0.23,44.98917833333332,2.2,1.55,1029,0.632527848343773,2910
Democratic Republic of the Congo,2017,COD,Sub-Saharan Africa,40.12,17.34,21,0.21,4.46,0.6,0.24,44.02226333333333,2.19,1.32,1030,0.6335696488002256,2869
Democratic Republic of the Congo,2018,COD,Sub-Saharan Africa,41.61,17.88,20,0.21,4.43,0.6,0.24,43.728713333333324,2.08,1.45,1031,0.6307995610947548,2969
Democratic Republic of the Congo,2019,COD,Sub-Saharan Africa,38.5,18.43,18,0.22,4.44,0.6,0.24,43.83284166666667,1.95,1.48,1032,0.6317829344385363,2933
Democratic Republic of the Congo,2020,COD,Sub-Saharan Africa,39.72,18.99,18,0.22,5.13,0.6,0.24796857142857134,45.68006499999999,3.031233333333331,1.69,1033,0.6273568721879574,3079
Democratic Republic of the Congo,2021,COD,Sub-Saharan Africa,43.32467,24.97400738095239,19,0.2,5.11,0.6,0.25783690476190463,48.749664999999965,3.920991666666664,1.66,1034,0.6271094197170288,3091
Democratic Republic of the Congo,2022,COD,Sub-Saharan Africa,46.95737500000003,20.86690599206349,20,0.19,4.710467368742369,0.605180897435898,0.23366690476190471,44.98641666666666,3.2397666666666654,1.48,1035,0.6241335735590142,3200
Denmark,2000,DNK,Europe and Central Asia,15.36,96.76,98,0.73,4.48,0.41,0.39,126.99,41.47,1.72,1036,0.7812263112578841,76
Denmark,2001,DNK,Europe and Central Asia,15.12,96.76,95,0.73,4.16,0.4,0.4,130.96,38.61,1.04,1037,0.8064546145119319,8
Denmark,2002,DNK,Europe and Central Asia,14.73,96.76,95,0.73,4.27,0.39,0.4,126.26,40.24,1.65,1038,0.7871262008599158,54
Denmark,2003,DNK,Europe and Central Asia,14.56,96.76,95,0.72,5.4,0.38,0.4,126.4,41.91,0.71,1039,0.8007363866754971,17
Denmark,2004,DNK,Europe and Central Asia,14.87,96.76,95,0.72,5.2,0.39,0.4,123.59,42.04,1.03,1040,0.7928761915591788,34
Denmark,2005,DNK,Europe and Central Asia,14.71,96.76,95,0.72,4.83,0.4,0.4,124.1,42.19,1.28,1041,0.7882301827164958,49
Denmark,2006,DNK,Europe and Central Asia,14.53,96.75,95,0.72,3.9,0.41,0.4,120,44.6,1.35,1042,0.7826601731840109,66
Denmark,2007,DNK,Europe and Central Asia,14.56,96.75,94,0.71,3.8,0.4,0.4,118.76,43.19,2.14,1043,0.7663374475099831,151
Denmark,2008,DNK,Europe and Central Asia,14.12,96.75,93,0.71,3.68,0.4,0.41,117.84,40.63,1.85,1044,0.7788701817121841,89
Denmark,2009,DNK,Europe and Central Asia,13.68,96.75,93,0.72,6.41,0.4,0.42,117.98,36.92,1.32,1045,0.7900039149570695,42
Denmark,2010,DNK,Europe and Central Asia,13.71,96.75,93,0.72,7.75,0.42,0.42,119.5,37.33,-0.2,1046,0.8100776519674698,7
Denmark,2011,DNK,Europe and Central Asia,13.9,96.74,94,0.72,7.77,0.42,0.42,122.7,36.27,0.68,1047,0.799306584408827,21
Denmark,2012,DNK,Europe and Central Asia,13.51,96.74,90,0.71,7.8,0.42,0.42,123.41,33.66,1.14,1048,0.7927523365386772,36
Denmark,2013,DNK,Europe and Central Asia,13.35,96.74,91,0.71,7.38,0.43,0.42,129.34,34.02,0.4,1049,0.8119542111493161,6
Denmark,2014,DNK,Europe and Central Asia,13.34,96.74,92,0.71,6.93,0.44,0.42,129.33,33.29,2.68,1050,0.7599150030684063,186
Denmark,2015,DNK,Europe and Central Asia,13.46,96.74,91,0.71,6.28,0.44,0.42,130.25,31.69,1.52,1051,0.7959339693538233,27
Denmark,2016,DNK,Europe and Central Asia,13.52,96.74,90,0.71,5.99,0.44,0.42,129.12,31.95,1.85,1052,0.7872603531469033,53
Denmark,2017,DNK,Europe and Central Asia,13.69,96.73,88,0.71,5.83,0.44,0.41,129.08,31.68,1.62,1053,0.7927815325203876,35
Denmark,2018,DNK,Europe and Central Asia,13.82,96.73,88,0.71,5.13,0.44,0.41,129.75,32.19,2.11,1054,0.7817974460689624,73
Denmark,2019,DNK,Europe and Central Asia,13.79,96.73,87,0.7,5.02,0.44,0.41,129.89,29.67,2.18,1055,0.783338015082793,62
Denmark,2020,DNK,Europe and Central Asia,12.83,96.73,88,0.7,5.64,0.44,0.4124433333333333,130.86,34.308585000000015,2.63,1056,0.7629085858521031,166
Denmark,2021,DNK,Europe and Central Asia,13.524831666666664,97.46325684704173,88,0.69,5.06,0.45,0.39498000000000005,126.62557000000001,42.16501166666668,1.69,1057,0.7710060226346704,125
Denmark,2022,DNK,Europe and Central Asia,13.38974666666666,97.07775142857132,90,0.7,5.62907442982456,0.4496160683760684,0.4100666666666668,127.70512500000008,41.69216833333334,2.22,1058,0.7597020482432086,189
Djibouti,2000,DJI,Middle East and North Africa,51.33,44.56,29.953499999999995,0.12,28.68,0.59,0.28,14.05,6.66,0.83,1059,0.5303538440561109,4319
Djibouti,2001,DJI,Middle East and North Africa,54.73,44.64,29.411666666666665,0.12,28.52,0.59,0.28,16,6.65,0.81,1060,0.529559667068945,4323
Djibouti,2002,DJI,Middle East and North Africa,42.81,44.72,29.130166666666668,0.12,28.35,0.59,0.28,16.8,6.64,1.36,1061,0.532426355312253,4316
Djibouti,2003,DJI,Middle East and North Africa,36.94,44.79,29.437333333333342,0.12,28.22,0.59,0.29,23.0887875,6.72,1.47,1062,0.5375845251049163,4303
Djibouti,2004,DJI,Middle East and North Africa,41.3,44.87,28.538000000000007,0.12,28.09,0.6,0.29,20.52,6.74,0.95,1063,0.5379884033738676,4302
Djibouti,2005,DJI,Middle East and North Africa,41.68,44.95,28.903500000000005,0.12,27.95,0.6,0.29,22.93,6.79,1.21,1064,0.5370900229159972,4304
Djibouti,2006,DJI,Middle East and North Africa,37.76,45.02,28.789500000000004,0.14,27.77,0.6,0.29,22.84,6.9,0.89,1065,0.5436354432690729,4289
Djibouti,2007,DJI,Middle East and North Africa,35.84,45.1,29,0.14,27.62,0.61,0.29,26.74,6.94,0.86,1066,0.5459573694996214,4284
Djibouti,2008,DJI,Middle East and North Africa,31.61,45.18,30,0.14,27.45,0.61,0.29,31.96,6.98,0.3,1067,0.555582428793123,4230
Djibouti,2009,DJI,Middle East and North Africa,30.17,45.26,28,0.14,27.4,0.61,0.29,34.99,7.05,1.4,1068,0.5471429866391792,4277
Djibouti,2010,DJI,Middle East and North Africa,29.04,45.34,32,0.14,27.19,0.62,0.29,40.894013333333326,7.1,1.04,1069,0.5549712247720145,4236
Djibouti,2011,DJI,Middle East and North Africa,24.23,45.43,30,0.14,26.97,0.62,0.29,40.86,7.19,0.9,1070,0.5583204218859577,4214
Djibouti,2012,DJI,Middle East and North Africa,22.95,45.52,36,0.14,26.87,0.62,0.3,43.86,7.21,1.0929787512556246,1071,0.562871232524133,4177
Djibouti,2013,DJI,Middle East and North Africa,24.06,45.62,36,0.14,26.71,0.62,0.3,45.25,7.16,1.23,1072,0.562341884776197,4182
Djibouti,2014,DJI,Middle East and North Africa,22.66,45.72,34,0.14,26.51,0.62,0.3,46.17,7.09,1.09,1073,0.564345251327433,4162
Djibouti,2015,DJI,Middle East and North Africa,20.54,45.83,34,0.14,26.34,0.61,0.3,46.76,7.01,1.59,1074,0.5629580865074867,4175
Djibouti,2016,DJI,Middle East and North Africa,23.18,45.94,30,0.14,26.2,0.61,0.3,48.11,6.93,1.35,1075,0.5624464225810701,4180
Djibouti,2017,DJI,Middle East and North Africa,26.16,46.06,31,0.14,26.06,0.6,0.3,47.85,6.84,1.81,1076,0.558943558176795,4209
Djibouti,2018,DJI,Middle East and North Africa,29.1,46.18,31,0.14,26.15,0.6,0.3,51.46,6.82,1.42,1077,0.561650847124141,4190
Djibouti,2019,DJI,Middle East and North Africa,31.23,46.31,30,0.14,26.32,0.6,0.31,51.97,6.8,1.47,1078,0.5593785932747116,4204
Djibouti,2020,DJI,Middle East and North Africa,26.59,46.39,27,0.14,28.05,0.6,0.2860374908424907,54.27,7.8234249999999985,1.53,1079,0.549941083988978,4256
Djibouti,2021,DJI,Middle East and North Africa,29.40005333333334,47.631521640696256,30,0.14,27.95,0.6,0.2894936446886445,55.21,7.433079999999998,1.13,1080,0.5553423432939374,4233
Djibouti,2022,DJI,Middle East and North Africa,28.91028619047619,63.728427496392506,30,0.15,23.19060999372796,0.5989413154982276,0.2631418589743589,75.427075,9.62565,1.55,1081,0.5795644246090116,3984
Dominica,2000,DMA,Latin America and Caribbean,33.02,65.29,40.97914285714284,0.33866344503600254,10.542715073730362,0.66799081895793,0.2956709523809523,111.51,19.008655714285712,0.28,1082,0.6709773402357658,1649
Dominica,2001,DMA,Latin America and Caribbean,41.14,66.47,43.714333333333336,0.30594962269168013,9.544672428156982,0.668354670685912,0.299387619047619,111.47,22.580120714285723,0.52,1083,0.662143329563723,1881
Dominica,2002,DMA,Latin America and Caribbean,41.7,67.64,44.269333333333336,0.30403314764711675,9.94541028529984,0.6681880040192452,0.3001742857142856,112.63,24.53616738095239,0.68,1084,0.6568091221598608,2034
Dominica,2003,DMA,Latin America and Caribbean,40.08,68.82,41.20364285714286,0.30607035002806915,9.908131951966505,0.6709030040192454,0.2992059523809523,114.38,19.840404635854338,0.78,1085,0.6606348692109196,1917
Dominica,2004,DMA,Latin America and Caribbean,40.67,70,44.280976190476196,0.29894250147955886,9.322034451966505,0.6666663373525787,0.300607619047619,107.71,24.198124047619054,0.49,1086,0.661450102010096,1900
Dominica,2005,DMA,Latin America and Caribbean,40.02,71.19,42.837809523809526,0.3024353500280692,8.946550972113023,0.6698930040192453,0.303042619047619,103.23,22.835837969187683,0.82,1087,0.6590878838279717,1963
Dominica,2006,DMA,Latin America and Caribbean,39.93,72.38,45,0.2951034669111861,8.911909821319375,0.6679430040192454,0.3036942857142856,98.5,25.60380404761905,0.72,1088,0.6571016938121748,2024
Dominica,2007,DMA,Latin America and Caribbean,42.96,73.57,56,0.2952191811969003,8.592115118938422,0.6742563373525786,0.3147609523809523,95.71,36.86073833333333,0.87,1089,0.6466807891776438,2353
Dominica,2008,DMA,Latin America and Caribbean,44.35,74.76,60,0.32099158356414104,8.75544887795718,0.6694446706859122,0.3181059523809523,92.69,38.322413333333316,0.4,1090,0.6535029827962981,2143
Dominica,2009,DMA,Latin America and Caribbean,42.24,75.96,59,0.2904563326483901,8.211143452271752,0.6655746706859118,0.31792428571428555,92.27,37.112039999999986,0.54,1091,0.6548106961871901,2097
Dominica,2010,DMA,Latin America and Caribbean,38.8,77.15,52,0.29645445681017607,8.411595595128897,0.6668393029396228,0.3123942857142856,88.91,31.222776666666668,1.19,1092,0.6511339687582302,2208
Dominica,2011,DMA,Latin America and Caribbean,36.78,78.36,52,0.2890615851736427,8.138014910421447,0.6629970516382926,0.313442857142857,89.14,32.90581500000001,0.59,1093,0.658757708264205,1971
Dominica,2012,DMA,Latin America and Caribbean,35.47,79.56,58,0.29585365991262913,8.376391417639722,0.6615087183049595,0.3192711904761903,91.88693285714284,37.088408333333334,0.7,1094,0.6588475002859367,1969
Dominica,2013,DMA,Latin America and Caribbean,35.36,80.77,58,0.2698046834724027,8.359637529469069,0.6623120516382928,0.32629428571428554,93.89009,38.42601880952381,0.72,1095,0.6553935842401125,2076
Dominica,2014,DMA,Latin America and Caribbean,35.74,80.77,55.8319761904762,0.2645957983297675,8.266150256741795,0.6625620516382927,0.3256942857142856,90.72,38.102087142857144,0.7,1096,0.6527095852741563,2163
Dominica,2015,DMA,Latin America and Caribbean,34.05,80.77,58,0.2642587516264708,8.252137399598938,0.6673102095330296,0.3250459523809522,94.25,37.505675476190476,0.92,1097,0.654557451007076,2106
Dominica,2016,DMA,Latin America and Caribbean,32.23,80.77,59,0.2641041498948691,8.187439066265606,0.6652775172253372,0.3244359523809522,97.31677333333327,36.53936880952381,1.06,1098,0.6580476290450473,1996
Dominica,2017,DMA,Latin America and Caribbean,28.56,80.77,57,0.241164227816947,8.147006237318235,0.659695384971626,0.32520428571428567,97.07096333333332,35.960935476190485,0.82,1099,0.6614564446574943,1899
Dominica,2018,DMA,Latin America and Caribbean,30.91,75.92740360028866,57,0.24022902662108409,8.394539927794426,0.6610470516382927,0.32594952380952386,97.84746333333334,37.81910380952381,0.56,1100,0.658158486194525,1990
Dominica,2019,DMA,Latin America and Caribbean,33.86,76.22409860028868,55,0.23740470400742322,8.323769451603948,0.6632403849716259,0.3271561904761906,101.06,37.63485380952381,0.75,1101,0.6534928546739602,2144
Dominica,2020,DMA,Latin America and Caribbean,29.3,79.41895158730165,55,0.24436002291074208,8.256776118270619,0.6685008505586704,0.3237828571428571,101.58,37.095737142857146,1.09,1102,0.6542111564762321,2118
Dominica,2021,DMA,Latin America and Caribbean,34.46630500000001,75.54767337301595,55,0.23526345400742318,8.689252784937283,0.6651120516382925,0.32678785714285724,102.55,38.778392142857136,0.73,1103,0.6498744703736404,2246
Dominica,2022,DMA,Latin America and Caribbean,34.226210000000016,79.42017420634926,55,0.24207270309167225,8.810717784937284,0.6652370516382925,0.3271411904761905,99.10582166666663,38.82657547619046,0.69,1104,0.650127094430811,2237
Dominican Republic,2000,DOM,Latin America and Caribbean,55.32,74.81,30.02266666666666,0.42,6.43,0.67,0.3,60.06,12.69,0.63,1105,0.6517978392891202,2189
Dominican Republic,2001,DOM,Latin America and Caribbean,54.5,75.98,31,0.43,7.26,0.67,0.3,68.86703666666666,12.69,0.91,1106,0.652129553147893,2176
Dominican Republic,2002,DOM,Latin America and Caribbean,53.45,77.15,35,0.43,6.78,0.67,0.31,68.4,12.39,0.96,1107,0.6586376696269406,1975
Dominican Republic,2003,DOM,Latin America and Caribbean,61.65,78.4,33,0.43,6.94,0.67,0.32,70.93330666666668,11.25,1.24,1108,0.648989761298331,2280
Dominican Republic,2004,DOM,Latin America and Caribbean,62.25,79.69,29,0.42,6.3,0.67,0.31,69.47,9.97,0.81,1109,0.6511829503836671,2206
Dominican Republic,2005,DOM,Latin America and Caribbean,53.88,80.96,30,0.42,6.59,0.67,0.32,71.15,11.21,0.97,1110,0.6569852547094014,2027
Dominican Republic,2006,DOM,Latin America and Caribbean,54.75,82.23,28,0.41,5.65,0.67,0.32,72.85260666666667,11.73,1,1111,0.6567184179787481,2037
Dominican Republic,2007,DOM,Latin America and Caribbean,46.18,83.49,30,0.41,5.16,0.67,0.32,80.12,13.05,1.26,1112,0.6658643831988649,1769
Dominican Republic,2008,DOM,Latin America and Caribbean,41.58,84.74,30,0.41,4.76,0.67,0.33,78.95,13.56,0.67,1113,0.6770878923953795,1484
Dominican Republic,2009,DOM,Latin America and Caribbean,38.94,85.98,30,0.41,5.47,0.67,0.33,80.9,12.54,0.71,1114,0.6784197611322548,1448
Dominican Republic,2010,DOM,Latin America and Caribbean,36.45,87.21,30,0.4,5.21,0.67,0.34,78.15,13.02,1.22,1115,0.6737007103551526,1581
Dominican Republic,2011,DOM,Latin America and Caribbean,35.28,88.41,26,0.4,6.09,0.67,0.35,77.47,13.45,0.54,1116,0.6752170954445026,1542
Dominican Republic,2012,DOM,Latin America and Caribbean,33.4,89.59,32,0.39,6.72,0.67,0.35,78.02,13.42,0.75,1117,0.6778900967643685,1465
Dominican Republic,2013,DOM,Latin America and Caribbean,32.21,90.76,29,0.38,7.35,0.68,0.34,79.2,12.95,1.21,1118,0.6664697622108635,1753
Dominican Republic,2014,DOM,Latin America and Caribbean,31.05,91.92,32,0.38,6.72,0.67,0.35,80.14,12.83,1.11,1119,0.6762396699543511,1508
Dominican Republic,2015,DOM,Latin America and Caribbean,29.99,93.08,33,0.36,7.61,0.67,0.35,79.98,12.81,1.34,1120,0.6703854007213051,1657
Dominican Republic,2016,DOM,Latin America and Caribbean,29.48,94.23,31,0.35,7.28,0.67,0.35,79.88,12.63,1.02,1121,0.6731594241581458,1594
Dominican Republic,2017,DOM,Latin America and Caribbean,28.29,94.4,29,0.34,5.83,0.64,0.36,79.74,12.35,1.03,1122,0.6809928460303067,1373
Dominican Republic,2018,DOM,Latin America and Caribbean,28.92,94.56,30,0.35,5.86,0.68,0.35,79.94,12.57,1.16,1123,0.6742541023056685,1563
Dominican Republic,2019,DOM,Latin America and Caribbean,27.94,94.71,28,0.36,6.18,0.64,0.36,81.59,13.4,1.27,1124,0.6776927688823592,1470
Dominican Republic,2020,DOM,Latin America and Caribbean,24.65,94.85,28,0.43,6.13,0.64,0.3482966666666665,79.77,15.113261666666672,1.49,1125,0.6798385469785464,1405
Dominican Republic,2021,DOM,Latin America and Caribbean,33.44681166666666,92.20434642857138,30,0.46,7.7,0.64,0.33457333333333344,75.45,14.034963333333337,1,1126,0.6774250982097231,1473
Dominican Republic,2022,DOM,Latin America and Caribbean,33.98287666666667,92.17579821428568,32,0.46,6.917115011914014,0.6498683333333338,0.3377450000000002,80.81586666666666,13.89664833333333,0.98,1127,0.6832107835489497,1302
Ecuador,2000,ECU,Latin America and Caribbean,63.58,76.69,26,0.48,4.8,0.68,0.27,57.71,9.55,0.24,1128,0.6528622226933111,2159
Ecuador,2001,ECU,Latin America and Caribbean,60.98,77.39,23,0.48,4.25,0.68,0.27,58.03,11.55,0.48,1129,0.6503307352688644,2232
Ecuador,2002,ECU,Latin America and Caribbean,62.64,78.04,22,0.48,4.9,0.68,0.28,59.09,12.35,0.78,1130,0.6437479055580854,2483
Ecuador,2003,ECU,Latin America and Caribbean,62.05,78.66,22,0.49,5.66,0.68,0.28,58.7,12.21,0.83,1131,0.6421782964629973,2539
Ecuador,2004,ECU,Latin America and Caribbean,60.88,79.28,24,0.49,5,0.67,0.28,59.37,12.5,0.84,1132,0.6482344096635378,2305
Ecuador,2005,ECU,Latin America and Caribbean,62.83,80.31,25,0.49,3.78,0.65,0.29,62.01,12.52,0.84,1133,0.6552811550929318,2081
Ecuador,2006,ECU,Latin America and Caribbean,60.96,81.34,23,0.51,3.55,0.64,0.28,64.27,12.57,0.81,1134,0.6588987132860044,1968
Ecuador,2007,ECU,Latin America and Caribbean,55.39,82.38,21,0.49,3.14,0.68,0.28,65.85,13.52,0.82,1135,0.6561293633572427,2058
Ecuador,2008,ECU,Latin America and Caribbean,54.8,83.42,20,0.48,3.92,0.63,0.28,72.86357833333335,12.14,0.7,1136,0.6647502906781595,1796
Ecuador,2009,ECU,Latin America and Caribbean,52.02,84.47,22,0.45,4.61,0.63,0.29,88.64,12.46,0.96,1137,0.6686167715238595,1709
Ecuador,2010,ECU,Latin America and Caribbean,47.35,85.52,25,0.43,4.09,0.64,0.29,92.32,13.62,1.09,1138,0.6731281376174124,1596
Ecuador,2011,ECU,Latin America and Caribbean,46.45,86.57,27,0.42,3.46,0.6,0.28,96.47,13.33,0.78,1139,0.6869989435371943,1196
Ecuador,2012,ECU,Latin America and Caribbean,43.18,87.62,32,0.42,3.23,0.62,0.29,99.54,13.28,0.66,1140,0.6962832367217264,969
Ecuador,2013,ECU,Latin America and Caribbean,38.03,88.68,35,0.37,3.08,0.61,0.28,102.11,13.67,0.49,1141,0.702908944164566,822
Ecuador,2014,ECU,Latin America and Caribbean,33.16,89.74,33,0.37,3.48,0.59,0.28,104.86,13.61,1.01,1142,0.7013670909563038,855
Ecuador,2015,ECU,Latin America and Caribbean,36.27,90.81,32,0.37,3.62,0.58,0.28,104.03,12.81,1.39,1143,0.6945586569806736,1022
Ecuador,2016,ECU,Latin America and Caribbean,33.15,91.88,31,0.37,4.6,0.57,0.29,103.75,12.05,1.55,1144,0.6935213975333376,1050
Ecuador,2017,ECU,Latin America and Caribbean,32.43,92.81,32,0.39,3.84,0.59,0.29,102.2,11.72,1.16,1145,0.7016956553272472,847
Ecuador,2018,ECU,Latin America and Caribbean,30.46,93.57,34,0.46,3.53,0.59,0.29,101.44,12.05,0.97,1146,0.7143789100232825,643
Ecuador,2019,ECU,Latin America and Caribbean,30.88,94.33,38,0.43,3.81,0.58,0.29,100.57,11.53,1.28,1147,0.7125551723392883,666
Ecuador,2020,ECU,Latin America and Caribbean,33.83,95.09,39,0.44,6.11,0.63,0.34308666666666665,100.56,15.033540000000006,1.51,1148,0.694846641562378,1015
Ecuador,2021,ECU,Latin America and Caribbean,37.34849190476191,91.08270999999999,36,0.43,4.5,0.63,0.30792833333333325,93.328614999999985,12.52436833333333,1.03,1149,0.6968609950389667,958
Ecuador,2022,ECU,Latin America and Caribbean,39.654593571428556,90.64464154761902,36,0.46,5.34364712376289,0.6414028696741858,0.32244999999999996,88.55289833333332,12.965852142857138,0.74,1150,0.6952626338406167,999
Egypt,2000,EGY,Middle East and North Africa,62.49,90.05,31,0.08,8.98,0.59,0.15,81.99,8.91,0.05,1151,0.6271942750608909,3086
Egypt,2001,EGY,Middle East and North Africa,63.83,90.52,36,0.07,9.26,0.59,0.18,83.28,7.89,0.66,1152,0.6265208729848847,3122
Egypt,2002,EGY,Middle East and North Africa,63.77,91,34,0.08,10.01,0.59,0.17,82.71,7.89,0.83,1153,0.620981895746174,3287
Egypt,2003,EGY,Middle East and North Africa,65.41,91.48,33,0.08,10.91,0.59,0.15,82.43,8.55,0.73,1154,0.6144649700342668,3410
Egypt,2004,EGY,Middle East and North Africa,64.55,91.95,32,0.08,10.32,0.59,0.13,81.86,8.08,0.65,1155,0.6162038888459715,3384
Egypt,2005,EGY,Middle East and North Africa,64.58,92.43,34,0.09,11.05,0.59,0.13,81.04117166666666,9.08,0.51,1156,0.6158258975027465,3393
Egypt,2006,EGY,Middle East and North Africa,60.42,92.91,33,0.08,10.49,0.59,0.14,79.03466333333331,9.13,0.73,1157,0.6177012017776744,3354
Egypt,2007,EGY,Middle East and North Africa,60.33,93.38,29,0.08,8.8,0.59,0.16,74.68525999999994,9.57,0.6,1158,0.6216359695339495,3269
Egypt,2008,EGY,Middle East and North Africa,61.82,93.86,28,0.08,8.52,0.59,0.15,73.49538499999996,10.19,0.94,1159,0.6160392908219928,3389
Egypt,2009,EGY,Middle East and North Africa,60.44,94.33,28,0.08,9.09,0.58,0.15,67.16,10.15,0.92,1160,0.6143061644626046,3415
Egypt,2010,EGY,Middle East and North Africa,62.63,94.8,31,0.08,8.76,0.57,0.15,68.91,10.02,2.33,1161,0.6035172252874541,3645
Egypt,2011,EGY,Middle East and North Africa,60.5,95.28,29,0.1,11.85,0.57,0.15,77.6,10.25,0.63,1162,0.6134799739933544,3436
Egypt,2012,EGY,Middle East and North Africa,60.88,95.75,32,0.12,12.6,0.58,0.16,78.69,10.53,0.94,1163,0.6112484069229778,3473
Egypt,2013,EGY,Middle East and North Africa,57.94,96.23,32,0.08,13.15,0.58,0.16,80.32,9.99,1.05,1164,0.6078915486052214,3547
Egypt,2014,EGY,Middle East and North Africa,55.12,96.71,37,0.05,13.1,0.59,0.16,80.8,10.5,1.25,1165,0.6078566170560831,3548
Egypt,2015,EGY,Middle East and North Africa,59.45,97.19,36,0.06,13.05,0.59,0.15,83.75390500000003,10.27,1.21,1166,0.6059788075764596,3580
Egypt,2016,EGY,Middle East and North Africa,59,97.67,34,0.06,12.45,0.59,0.18,85.15,10.66,1.4,1167,0.6075115522996593,3551
Egypt,2017,EGY,Middle East and North Africa,56.4,98.15,32,0.06,11.77,0.58,0.17,86.71,10.63,0.62,1168,0.618877882868597,3335
Egypt,2018,EGY,Middle East and North Africa,62.61,98.21,35,0.06,9.85,0.58,0.14,87.91,10.25,2.05,1169,0.608098605311734,3541
Egypt,2019,EGY,Middle East and North Africa,62.51,98.27,35,0.07,7.85,0.57,0.15,89.48,9.85,1.04,1170,0.6288675534490447,3031
Egypt,2020,EGY,Middle East and North Africa,59.31,98.32,33,0.07,7.94,0.57,0.15931416666666673,84.33222666666663,11.081703333333337,1.12,1171,0.6267030995372299,3110
Egypt,2021,EGY,Middle East and North Africa,48.303405000000005,94.80295591575091,33,0.07,7.4,0.57,0.1608025000000001,84.70167333333328,14.289446666666668,1.73,1172,0.6268493418527895,3103
Egypt,2022,EGY,Middle East and North Africa,57.317239285714265,94.68631563797317,30,0.09,9.960581019024831,0.5839318309049579,0.15594250000000007,78.631425,10.632659999999996,0.66,1173,0.621574782255525,3271
El Salvador,2000,SLV,Latin America and Caribbean,45.36,71.92,41,0.33,6.96,0.67,0.31,58.33,7.5,0.32,1174,0.6678968798450625,1725
El Salvador,2001,SLV,Latin America and Caribbean,45.14,72.14,36,0.33,6.96,0.67,0.31,60.02,7.58,0.57,1175,0.662106430626892,1885
El Salvador,2002,SLV,Latin America and Caribbean,44.85,73.36,34,0.34,6.2,0.67,0.31,62.92,7.53,0.69,1176,0.6641728767204838,1813
El Salvador,2003,SLV,Latin America and Caribbean,45.69,74.59,37,0.33,6.9,0.65,0.32,65.69,7.46,0.88,1177,0.6658648318594468,1768
El Salvador,2004,SLV,Latin America and Caribbean,44.67,75.81,42,0.34,6.8,0.65,0.3,68.72,7.34,0.64,1178,0.6751067769520934,1546
El Salvador,2005,SLV,Latin America and Caribbean,44.03,77.02,42,0.33,7.22,0.68,0.31,67.75,7.51,0.51,1179,0.6704403046490104,1656
El Salvador,2006,SLV,Latin America and Caribbean,38.75,78.24,40,0.35,6.57,0.65,0.32,67.05,7.76,0.5,1180,0.6816490156616312,1353
El Salvador,2007,SLV,Latin America and Caribbean,41.64,79.46,40,0.35,6.41,0.66,0.31,66.75,7.97,0.43,1181,0.6784044942656655,1450
El Salvador,2008,SLV,Latin America and Caribbean,42.01,80.79,39,0.35,5.88,0.66,0.32,66.17,7.85,0.2,1182,0.6817656686039899,1345
El Salvador,2009,SLV,Latin America and Caribbean,38.43,82.09,34,0.37,7.33,0.65,0.32,67.34,6.93,0.79,1183,0.6738801174150941,1575
El Salvador,2010,SLV,Latin America and Caribbean,37.81,83.37,36,0.38,4.89,0.64,0.32,69.14,6.82,0.5,1184,0.6905067986533804,1130
El Salvador,2011,SLV,Latin America and Caribbean,38.15,84.64,34,0.39,4.3,0.63,0.32,71.51,7.06,0.51,1185,0.6932043982032545,1063
El Salvador,2012,SLV,Latin America and Caribbean,39.04,85.89,38,0.39,3.84,0.62,0.32,73.42,6.89,0.63,1186,0.6991060531901044,909
El Salvador,2013,SLV,Latin America and Caribbean,37.4,87.12,38,0.4,3.69,0.66,0.32,77.17,6.96,0.62,1187,0.6973800263358386,945
El Salvador,2014,SLV,Latin America and Caribbean,36.57,88.33,39,0.42,4.15,0.66,0.33,76.9,6.79,0.65,1188,0.699911135018884,889
El Salvador,2015,SLV,Latin America and Caribbean,35.22,89.52,39,0.42,4,0.63,0.32,76.69523166666666,6.72,1.29,1189,0.6978009041548648,935
El Salvador,2016,SLV,Latin America and Caribbean,34.54,90.69,36,0.42,4.42,0.64,0.32,75.409285,6.45,1.26,1190,0.6929073735433617,1069
El Salvador,2017,SLV,Latin America and Caribbean,37.28,91.34,33,0.42,4.39,0.62,0.32,75.41994833333334,6.01,0.72,1191,0.6976994670987744,940
El Salvador,2018,SLV,Latin America and Caribbean,37.6,91.75,35,0.4,4.01,0.6,0.32,76.42798166666667,5.68,0.77,1192,0.7018594627877616,844
El Salvador,2019,SLV,Latin America and Caribbean,36.02,92,34,0.37,4.17,0.6,0.31,74.62102333333333,5.84,0.97,1193,0.6951132361094453,1002
El Salvador,2020,SLV,Latin America and Caribbean,32.88,92.22,36,0.32,5.02,0.6,0.3223883333333333,88.35587499999998,9.538292142857141,1.48,1194,0.6890146489674034,1162
El Salvador,2021,SLV,Latin America and Caribbean,40.250370000000004,84.43137181818177,34,0.26,4.35,0.6,0.3134283333333334,75.40373500000001,8.317246666666666,1,1195,0.6783650137891953,1453
El Salvador,2022,SLV,Latin America and Caribbean,38.27926999999999,75.47887651515153,33,0.22,7.125077731738852,0.6337807142857139,0.32237333333333335,77.97120166666666,8.730522142857138,0.66,1196,0.6653176407678725,1783
Equatorial Guinea,2000,GNQ,Sub-Saharan Africa,78.13,10.35,19.171499999999995,0.05,8,0.63,0.3,23.49,8.017433333333331,0.36,1197,0.5786873339743122,3996
Equatorial Guinea,2001,GNQ,Sub-Saharan Africa,78.09,10.77,19.063999999999997,0.05,8.1,0.63,0.29,22.03,8.331191666666664,0.38,1198,0.5770135163680921,4023
Equatorial Guinea,2002,GNQ,Sub-Saharan Africa,84.18,11.2,19.37683333333333,0.05,8.18,0.62,0.28,22.74,7.7568433333333315,0.63,1199,0.5722818554348544,4085
Equatorial Guinea,2003,GNQ,Sub-Saharan Africa,82.55,11.64,18.954166666666666,0.05,8.21,0.62,0.28,24.39535166666667,7.690216666666665,0.85,1200,0.5720065936120177,4088
Equatorial Guinea,2004,GNQ,Sub-Saharan Africa,82.29,12.09,19.025333333333332,0.05,8.13,0.62,0.27,25.322693333333333,7.846136666666666,0.74,1201,0.5730457773194718,4075
Equatorial Guinea,2005,GNQ,Sub-Saharan Africa,77.64,12.55,19,0.05,8.1,0.62,0.27,26.07,7.864108333333333,0.77,1202,0.5763171301612224,4032
Equatorial Guinea,2006,GNQ,Sub-Saharan Africa,71.88,13.02,21,0.05,8.04,0.62,0.27,26.55584833333333,7.760825,0.66,1203,0.5828699812629294,3950
Equatorial Guinea,2007,GNQ,Sub-Saharan Africa,70.79,13.49,19,0.04,7.99,0.62,0.27,28.535621666666657,8.183681666666665,0.82,1204,0.5807750317010314,3967
Equatorial Guinea,2008,GNQ,Sub-Saharan Africa,76.73,13.98,17,0.04,7.94,0.61,0.27,32.468895,8.29343833333333,0.69,1205,0.5787534439490201,3994
Equatorial Guinea,2009,GNQ,Sub-Saharan Africa,57.76,14.47,18,0.04,8.06,0.62,0.26,33.05108333333334,7.339271666666666,0.82,1206,0.5903736837956244,3845
Equatorial Guinea,2010,GNQ,Sub-Saharan Africa,66.19,14.96,19,0.04,8.4,0.62,0.27,34.78625,7.71227833333333,0.98,1207,0.5839702737886666,3932
Equatorial Guinea,2011,GNQ,Sub-Saharan Africa,64.34,15.46,19,0.05,8.3,0.62,0.27,35.27088166666667,7.52134333333333,0.68,1208,0.5891573186643452,3861
Equatorial Guinea,2012,GNQ,Sub-Saharan Africa,48.66,15.96,20,0.05,8.19,0.62,0.27,37.631311666666676,7.500339999999999,0.58,1209,0.6020715183093163,3666
Equatorial Guinea,2013,GNQ,Sub-Saharan Africa,71.67,16.28,19,0.05,8.08,0.62,0.28,38.50103666666667,7.842846666666666,0.77,1210,0.58559875010465,3912
Equatorial Guinea,2014,GNQ,Sub-Saharan Africa,74.48,16.39,18.165606060606063,0.05,8.1,0.62,0.28,39.272275,8.091581666666663,0.86,1211,0.5823425421090509,3955
Equatorial Guinea,2015,GNQ,Sub-Saharan Africa,77.15,16.5,17.5805,0.05,8.2,0.62,0.28,39.168743333333325,8.096916666666663,0.85,1212,0.5798696382137086,3978
Equatorial Guinea,2016,GNQ,Sub-Saharan Africa,74.36,16.6,17.254939393939395,0.05,8.23,0.62,0.28,39.916124999999994,8.147753333333329,1.46,1213,0.5766049215745153,4028
Equatorial Guinea,2017,GNQ,Sub-Saharan Africa,75.43,16.71,17,0.05,8.26,0.63,0.3,42.380385000000004,8.358269999999997,1.31,1214,0.5775459142555899,4016
Equatorial Guinea,2018,GNQ,Sub-Saharan Africa,75.13,17.74730310468686,16,0.05,8.2,0.63,0.31,40.04078166666667,7.944875,0.84,1215,0.5815496900497017,3961
Equatorial Guinea,2019,GNQ,Sub-Saharan Africa,75.4,25.378420312479044,16,0.05,8.28,0.63,0.31,49.63539666666666,8.602688333333331,1.6,1216,0.5784635829123369,4001
Equatorial Guinea,2020,GNQ,Sub-Saharan Africa,74.17,23.070276026764773,16,0.05,9.3,0.63,0.2886024999999999,47.49826999999999,8.738123333333332,1.48,1217,0.5746691342328154,4053
Equatorial Guinea,2021,GNQ,Sub-Saharan Africa,70.66666978458136,20.094220788669535,17,0.05,9.15,0.63,0.28217000000000003,41.13873666666667,8.020623333333331,1.2,1218,0.5785127647121256,3998
Equatorial Guinea,2022,GNQ,Sub-Saharan Africa,71.03122478458137,19.324313922144245,17,0.05,8.618613796495474,0.6247982142857146,0.2789716666666668,40.62520000000001,8.058934999999998,1.25,1219,0.5795661933544259,3983
Eritrea,2000,ERI,Sub-Saharan Africa,63.77,26.82,23.45483333333333,0.01,5.62,0.52,0.33,34.55,5.68,0.56,1220,0.614125352665506,3423
Eritrea,2001,ERI,Sub-Saharan Africa,55.93,27.32,24.306499999999996,0.01,5.67,0.52,0.36,34.51,5.44,0.5,1221,0.6221918442477343,3249
Eritrea,2002,ERI,Sub-Saharan Africa,46.02,27.83,26.03583333333333,0.01,5.69,0.52,0.37,35.42,5.14,1.08,1222,0.6261803564534408,3133
Eritrea,2003,ERI,Sub-Saharan Africa,38.93,28.35,26.515333333333327,0.01,5.68,0.53,0.35,36.06,5.21,0.67,1223,0.6330662325351532,2892
Eritrea,2004,ERI,Sub-Saharan Africa,35.14,28.88,26.93416666666666,0.01,5.59,0.53,0.37,36.67,5.17,1.13,1224,0.6330737256196233,2891
Eritrea,2005,ERI,Sub-Saharan Africa,35.24,29.42,26.871000000000002,0.01,5.62,0.53,0.38,40.36,5.01,0.8,1225,0.6379734817269231,2711
Eritrea,2006,ERI,Sub-Saharan Africa,34.45,29.98,26,0.01,5.64,0.53,0.39,42.51,4.63,0.93,1226,0.6382284606450365,2705
Eritrea,2007,ERI,Sub-Saharan Africa,44.09,30.54,26,0.01,5.65,0.54,0.39,41.61,4.78,0.28,1227,0.636665593409738,2764
Eritrea,2008,ERI,Sub-Saharan Africa,33.42,31.12,29,0.01,5.6,0.54,0.39,44.91,4.55,1.1,1228,0.6400905002131891,2637
Eritrea,2009,ERI,Sub-Saharan Africa,46.12,31.43,28,0.01,5.64,0.54,0.4,49.03,4.68,1.76,1229,0.6269429400895807,3097
Eritrea,2010,ERI,Sub-Saharan Africa,49.41,31.75,26,0.01,5.89,0.55,0.37,51.99,4.54,1.64,1230,0.6229184734601527,3227
Eritrea,2011,ERI,Sub-Saharan Africa,37.06,32.07,26,0.01,5.78,0.55,0.38,55.62,4.65,1.48,1231,0.6341603948370796,2855
Eritrea,2012,ERI,Sub-Saharan Africa,52.97,32.4,26,0.01,5.69,0.55,0.39,59.33,4.7,1.48,1232,0.6260507865301161,3141
Eritrea,2013,ERI,Sub-Saharan Africa,49.12,32.8,25,0.01,5.63,0.55,0.39,59.89,4.77,1.19,1233,0.6310486098521494,2959
Eritrea,2014,ERI,Sub-Saharan Africa,52.65,33.2,18,0.01,5.68,0.55,0.41,58.95,4.78,0.99,1234,0.62549156518519,3160
Eritrea,2015,ERI,Sub-Saharan Africa,42.14,33.6,18,0.01,5.8,0.55,0.4,51.82,4.82,1.81,1235,0.6213136399964435,3279
Eritrea,2016,ERI,Sub-Saharan Africa,56.46,34.01,18,0.01,5.81,0.55,0.4,51.31754452380951,4.83,0.99,1236,0.6197560974080065,3315
Eritrea,2017,ERI,Sub-Saharan Africa,40.94,31.537203197383125,20,0.01,5.81,0.55,0.39,47.49,4.81,1.31,1237,0.6260825954600241,3139
Eritrea,2018,ERI,Sub-Saharan Africa,48.9,32.25890242704236,24,0.01,5.7,0.55,0.4,47.7,4.82,0.98,1238,0.6281853702390006,3054
Eritrea,2019,ERI,Sub-Saharan Africa,43.19,31.677127833204818,23,0.01,5.7,0.55,0.39,46.44,4.93,0.91,1239,0.6305768237480304,2974
Eritrea,2020,ERI,Sub-Saharan Africa,45.25,34.75147920013039,21,0.01,7.28,0.55,0.35604484848484846,50.97679166666665,4.663030357142857,1.2460595796197267,1240,0.620910021667229,3290
Eritrea,2021,ERI,Sub-Saharan Africa,45.30608422077921,36.73410586679705,22,0.01,6.8,0.55,0.34739212121212104,52.32913666666666,4.812907857142857,1.49,1241,0.621153742393954,3282
Eritrea,2022,ERI,Sub-Saharan Africa,48.49450375000001,33.9460616625699,22,0.01,6.967045982678246,0.5538983381483873,0.3699774242424243,50.76334166666665,4.702685357142857,0.53,1242,0.6268672271208982,3102
Estonia,2000,EST,Europe and Central Asia,20.36,93.58,57,0.6,13.36,0.55,0.44,93.83,54.66,2.07,1243,0.6478503956410139,2312
Estonia,2001,EST,Europe and Central Asia,19.25,93.76,56,0.6,13.13,0.54,0.43,94.95,54.05,1.84,1244,0.6548436953140645,2094
Estonia,2002,EST,Europe and Central Asia,20.56,93.94,56,0.6,10.03,0.55,0.44,97.69,54.25,1.48,1245,0.6753874489616367,1535
Estonia,2003,EST,Europe and Central Asia,20.51,94.12,55,0.64,11.29,0.57,0.43,97.67,55.36,0.23,1246,0.6821917860170977,1334
Estonia,2004,EST,Europe and Central Asia,22.4,94.3,60,0.64,10.25,0.54,0.41,100.09,54.15,1.18,1247,0.6847688552300062,1249
Estonia,2005,EST,Europe and Central Asia,22.64,94.49,64,0.64,8.03,0.56,0.41,102.79,55.47,1.6,1248,0.6875696659922758,1187
Estonia,2006,EST,Europe and Central Asia,23.17,94.67,67,0.64,5.91,0.53,0.39,103.11,54.62,1.26,1249,0.7087670063668464,720
Estonia,2007,EST,Europe and Central Asia,22.65,95.21,65,0.63,4.59,0.52,0.4,103.24,52.67,2.27,1250,0.6993289161758682,904
Estonia,2008,EST,Europe and Central Asia,20.72,95.37,66,0.63,5.45,0.5,0.42,102.27,50.4,2.61,1251,0.6987188324290743,914
Estonia,2009,EST,Europe and Central Asia,20.33,95.53,66,0.62,13.55,0.47,0.44,102.74,46.04,1.62,1252,0.6908952454575593,1117
Estonia,2010,EST,Europe and Central Asia,21.92,95.7,65,0.63,16.71,0.49,0.43,105.29,46.41,0.55,1253,0.6835783193044997,1291
Estonia,2011,EST,Europe and Central Asia,21.56,95.86,64,0.62,12.33,0.5,0.42,107.37,46.41,1.3,1254,0.6977590683607799,936
Estonia,2012,EST,Europe and Central Asia,21.52,96.02,64,0.62,10.02,0.51,0.41,107.81,47.07,1.47,1255,0.7046179127938164,796
Estonia,2013,EST,Europe and Central Asia,22.61,96.19,68,0.61,8.63,0.52,0.42,108.17,46.61,1.18,1256,0.7185850380556857,587
Estonia,2014,EST,Europe and Central Asia,23.55,96.35,69,0.61,7.35,0.52,0.43,108.41,46.11,2.45,1257,0.702055826390445,838
Estonia,2015,EST,Europe and Central Asia,23.77,96.35,70,0.62,6.41,0.49,0.42,111.04,44.15,2.38,1258,0.7158758225160906,626
Estonia,2016,EST,Europe and Central Asia,23.79,96.15,70,0.64,6.88,0.49,0.44,115.01,43.22,1.94,1259,0.7285872294893491,443
Estonia,2017,EST,Europe and Central Asia,24.89,96.16,71,0.63,5.81,0.48,0.43,116.87,42.19,1.5,1260,0.7444366239486,286
Estonia,2018,EST,Europe and Central Asia,24.66,96.18,73,0.64,5.41,0.48,0.45,116.65,41.66,2.41,1261,0.7305062595382174,413
Estonia,2019,EST,Europe and Central Asia,24.07,96.2,74,0.63,4.51,0.53,0.45,115.61,40.51,2.22,1262,0.7338670187870929,377
Estonia,2020,EST,Europe and Central Asia,21.59,96.2,75,0.62,6.96,0.52,0.4219933333333335,114.95,44.94482,3.63,1263,0.6879676842037812,1180
Estonia,2021,EST,Europe and Central Asia,23.149845610766025,96.18943579365082,74,0.63,6.18,0.52,0.42527166666666666,114.2739233333333,43.305041666666675,2.17,1264,0.7245630930433252,496
Estonia,2022,EST,Europe and Central Asia,19.72851775362319,96.78734126984129,74,0.62,7.832232261904761,0.48368473655429567,0.4229266666666668,120.30614499999997,44.01549666666667,1.96,1265,0.7290199105858821,432
Eswatini,2000,SWZ,Sub-Saharan Africa,18.53,28.01,29.5015,0.14,24.27,0.71,0.35,43.84,18.89,-0.06,1266,0.5587096117810019,4211
Eswatini,2001,SWZ,Sub-Saharan Africa,17.86,29.01,29.956500000000002,0.14,24.87,0.71,0.36,45.41,19.24,0.52,1267,0.5526294674307324,4245
Eswatini,2002,SWZ,Sub-Saharan Africa,16.88,30.04,29.67333333333334,0.14,25.36,0.7,0.36,47.1,19.32,0.6,1268,0.5516763817664748,4249
Eswatini,2003,SWZ,Sub-Saharan Africa,15.06,31.1,29.48283333333334,0.13,25.95,0.7,0.36,47.08,19.76,0.72,1269,0.5477677696775762,4271
Eswatini,2004,SWZ,Sub-Saharan Africa,14.64,32.17,29.3415,0.13,26.53,0.7,0.36,51.09,19.87,0.53,1270,0.5481497484954078,4269
Eswatini,2005,SWZ,Sub-Saharan Africa,13.24,33.27,27,0.13,27.04,0.69,0.36,52.83,20.02,1.15,1271,0.5413201377386236,4297
Eswatini,2006,SWZ,Sub-Saharan Africa,12.4,34.4,25,0.13,27.62,0.69,0.36,57.22,20.22,0.37,1272,0.5457425856351669,4285
Eswatini,2007,SWZ,Sub-Saharan Africa,12.14,35.57,33,0.13,28.24,0.69,0.37,61.38,20.21,1.13,1273,0.5434798241829474,4291
Eswatini,2008,SWZ,Sub-Saharan Africa,10.54,36.93,36,0.13,27.72,0.68,0.37,63.330408333333324,20.26,0.64,1274,0.5544078284090265,4238
Eswatini,2009,SWZ,Sub-Saharan Africa,10.42,38.31,36,0.13,27.07,0.68,0.37,61.41,20.46,0.38,1275,0.5591187214902296,4206
Eswatini,2010,SWZ,Sub-Saharan Africa,10.46,39.72,32,0.13,26.39,0.68,0.38,65.47,20.8,1.29,1276,0.5533714843215359,4242
Eswatini,2011,SWZ,Sub-Saharan Africa,10.48,41.16,31,0.13,25.81,0.69,0.38,67.91,21.14,0.9,1277,0.558459055407535,4213
Eswatini,2012,SWZ,Sub-Saharan Africa,10.51,42.59,37,0.13,25.11,0.69,0.38,69.58,21.78,0.7,1278,0.567345417821552,4132
Eswatini,2013,SWZ,Sub-Saharan Africa,10.53,44.03,39,0.13,24.52,0.69,0.38,71.02,22.26,0.57,1279,0.5727340123633129,4080
Eswatini,2014,SWZ,Sub-Saharan Africa,10.55,45.51,43,0.13,23.97,0.7,0.38,73.84,22.72,0.78,1280,0.5756192598792829,4043
Eswatini,2015,SWZ,Sub-Saharan Africa,10.57,47.01,36.75016666666666,0.13,23.32,0.7,0.38,76.04,22.92,1.24,1281,0.5710630475345437,4099
Eswatini,2016,SWZ,Sub-Saharan Africa,10.59,48.53,36.772499999999994,0.13,22.72,0.7,0.38,82.41,23.17,1.22,1282,0.5760531406056614,4038
Eswatini,2017,SWZ,Sub-Saharan Africa,10.5,49.25,39,0.13,22.73,0.7,0.38,75.71407666666666,23.29,0.69,1283,0.580460507880219,3971
Eswatini,2018,SWZ,Sub-Saharan Africa,10.13,49.96,38,0.12,22.76,0.7,0.37,76.72840166666666,23.4,1.06,1284,0.5754046201979165,4045
Eswatini,2019,SWZ,Sub-Saharan Africa,10.58,50.68,34,0.12,22.78,0.7,0.37,74.70867833333332,23.49,1.62,1285,0.5663929660104259,4145
Eswatini,2020,SWZ,Sub-Saharan Africa,11.29,50.79,33,0.12,25.08,0.7,0.3652926190476189,69.80884666666668,21.838074444444437,0.77,1286,0.5629219021885271,4176
Eswatini,2021,SWZ,Sub-Saharan Africa,12.300870784313723,46.00247282051282,32,0.11,24.56,0.7,0.3663083333333334,66.69606,22.147241111111097,0.67,1287,0.5621685316326643,4184
Eswatini,2022,SWZ,Sub-Saharan Africa,37.630595238095246,43.942459827525425,30,0.08,20.434938351418477,0.634504799331104,0.31657499999999983,56.449083333333334,14.191676944444445,1.37,1288,0.5680721042377999,4122
Ethiopia,2000,ETH,Sub-Saharan Africa,35.96,4.98,32,0.1,3.51,0.52,0.31,13.54,0.25,0.57,1289,0.6415913765023914,2564
Ethiopia,2001,ETH,Sub-Saharan Africa,34.55,5.38,29.938571428571432,0.1,3.3,0.52,0.32,16.44,0.29,0.73,1290,0.6418659118461282,2551
Ethiopia,2002,ETH,Sub-Saharan Africa,37.46,5.81,35,0.1,3.15,0.52,0.32,18.74,0.28,1.03,1291,0.6427584958445258,2521
Ethiopia,2003,ETH,Sub-Saharan Africa,34.46,6.27,25,0.1,2.97,0.53,0.31,19.71,0.31,1.09,1292,0.6362665409664962,2769
Ethiopia,2004,ETH,Sub-Saharan Africa,34.87,6.76,23,0.1,2.68,0.53,0.31,22.2,0.31,0.83,1293,0.6385763814663039,2692
Ethiopia,2005,ETH,Sub-Saharan Africa,31.34,7.28,22,0.11,2.5,0.53,0.31,25.1,0.33,1.09,1294,0.6399595281812114,2641
Ethiopia,2006,ETH,Sub-Saharan Africa,38.78,7.82,23,0.09,2.47,0.53,0.31,29.23,0.36,1,1295,0.6375870404735761,2734
Ethiopia,2007,ETH,Sub-Saharan Africa,37,8.4,23,0.09,2.44,0.54,0.31,32.3,0.36,0.88,1296,0.6402085019291996,2629
Ethiopia,2008,ETH,Sub-Saharan Africa,38.48,9.09,26,0.09,2.41,0.54,0.31,33.41,0.41,0.83,1297,0.6427392444343176,2524
Ethiopia,2009,ETH,Sub-Saharan Africa,41.54,9.82,27,0.09,2.39,0.54,0.31,33.6,0.44,1.34,1298,0.6374345962659306,2738
Ethiopia,2010,ETH,Sub-Saharan Africa,42.29,10.59,27,0.09,2.34,0.55,0.31,34.84,0.39,1.28,1299,0.6375424554202874,2735
Ethiopia,2011,ETH,Sub-Saharan Africa,46.54,11.4,27,0.09,2.31,0.55,0.31,36,0.39,1.17,1300,0.6366635244595213,2765
Ethiopia,2012,ETH,Sub-Saharan Africa,42.17,12.25,33,0.09,2.29,0.55,0.31,37.58,0.5,1.1,1301,0.6452203631192274,2418
Ethiopia,2013,ETH,Sub-Saharan Africa,42.4,13.12,33,0.09,2.25,0.55,0.31,33.62,0.56,1.23,1302,0.6426209412442192,2528
Ethiopia,2014,ETH,Sub-Saharan Africa,38.47,14.04,33,0.09,2.41,0.55,0.31,34.15,0.6,1.19,1303,0.6453929344973589,2408
Ethiopia,2015,ETH,Sub-Saharan Africa,36.74,15,33,0.09,2.57,0.55,0.32,34.94,0.6,1.44,1304,0.6446725103572494,2436
Ethiopia,2016,ETH,Sub-Saharan Africa,35.43,16,34,0.09,2.73,0.55,0.32,37.155273333333334,0.63,1.53,1305,0.64597171034058,2379
Ethiopia,2017,ETH,Sub-Saharan Africa,34.4,17.03,35,0.09,2.9,0.55,0.33,37.64561166666667,0.66,1.5,1306,0.6481218416082278,2307
Ethiopia,2018,ETH,Sub-Saharan Africa,35.49,18.11,34,0.11,3.06,0.55,0.33,37.34552833333334,0.66,0.99,1307,0.6533705905153722,2148
Ethiopia,2019,ETH,Sub-Saharan Africa,37.93,19.23,37,0.16,3.22,0.55,0.34,42.270246666666665,0.65,1.32,1308,0.6580017362701361,1997
Ethiopia,2020,ETH,Sub-Saharan Africa,33.08,20.4,38,0.16,4.13,0.55,0.3148449999999999,45.74664666666666,2.9218016666666675,1.34,1309,0.6578383982078233,2004
Ethiopia,2021,ETH,Sub-Saharan Africa,41.4888163888889,22.837195396825397,39,0.16,3.93,0.55,0.30460166666666666,51.21662166666666,3.2888199999999994,1.52,1310,0.653909719079475,2134
Ethiopia,2022,ETH,Sub-Saharan Africa,40.458730912698414,29.442443015873025,38,0.17,5.143192307692308,0.5545472727272724,0.3055349999999999,56.717511666666624,3.7930249999999988,1.46,1311,0.6551673818722998,2086
Fiji,2000,FJI,East Asia and Pacific,10.84,76.04,42.22745454545455,0.21,4.91,0.5882208680477174,0.23,78.35,28.02186404761905,0.71,1312,0.6745558681209595,1562
Fiji,2001,FJI,East Asia and Pacific,13.18,76.2,42.46116666666667,0.17,4.8,0.5885890731759226,0.23,79.08,31.518970714285725,0.73,1313,0.6652278744716255,1784
Fiji,2002,FJI,East Asia and Pacific,12.32,76.36,42.07828787878789,0.19,4.76,0.5868307398425893,0.23,82.38,28.209145714285718,0.72,1314,0.6735217411550463,1586
Fiji,2003,FJI,East Asia and Pacific,12.85,75.9,40.56816666666666,0.29,4.83,0.5748694819828023,0.23,86.1,25.644215714285714,0.58,1315,0.6902660855541222,1137
Fiji,2004,FJI,East Asia and Pacific,12.96,75.44,40,0.29,4.7,0.5735561486494691,0.22,90.9,25.72031404761905,0.53,1316,0.6916523639324437,1105
Fiji,2005,FJI,East Asia and Pacific,12.09,75,38.748333333333335,0.29,3.89,0.5779740057923263,0.22,88.2486933333333,23.575824047619047,0.7,1317,0.6921799574446873,1089
Fiji,2006,FJI,East Asia and Pacific,14.35,74.56,41.228500000000004,0.22,3.96,0.5822228261386462,0.22,90.95,24.324410714285708,0.64,1318,0.685915712700427,1223
Fiji,2007,FJI,East Asia and Pacific,15.59,74.13,42.391833333333324,0.09,4.12,0.583275478404681,0.23,88.98,26.556802380952387,1.03,1319,0.663913168982324,1825
Fiji,2008,FJI,East Asia and Pacific,16.51,73.76,41.84883333333333,0.09,4.17,0.585020844705047,0.23,87.61,25.609234047619058,0.58,1320,0.6680234589831674,1721
Fiji,2009,FJI,East Asia and Pacific,24.59,73.4,33.606166666666674,0.08,4.32,0.5828558447050471,0.24,86.66,20.955997424242415,0.41,1321,0.6624013887692272,1872
Fiji,2010,FJI,East Asia and Pacific,22.37,73.05,34.89183333333333,0.08,4.31,0.5832621450713475,0.24,89.27769499999997,20.85376242424242,0.98,1322,0.6599885236988545,1935
Fiji,2011,FJI,East Asia and Pacific,25.32,72.72,34.546833333333346,0.08,4.41,0.5839071450713476,0.24,91.32,20.63259409090908,0.9,1323,0.659405156704656,1953
Fiji,2012,FJI,East Asia and Pacific,24.79,72.39,36.33050000000001,0.08,4.43,0.5842300113717137,0.24,89.88,20.604280757575744,0.59,1324,0.6638387184035652,1830
Fiji,2013,FJI,East Asia and Pacific,22.55,72.07,37.758500000000005,0.09,4.32,0.5841896450713475,0.24,91.25107166666665,20.57311742424242,0.92,1325,0.6648592486590095,1794
Fiji,2014,FJI,East Asia and Pacific,19.9,71.76,43.2105,0.11,4.28,0.5858123526415551,0.23,97.6,27.96893666666668,0.65,1326,0.6689694670506107,1698
Fiji,2015,FJI,East Asia and Pacific,21.03,71.46,41.19150000000001,0.2,4.29,0.5826359030617231,0.23,97.38,21.308078333333324,0.52,1327,0.6864899447033672,1212
Fiji,2016,FJI,East Asia and Pacific,20.64,71.17,43.708666666666666,0.2,4.32,0.5813489341972544,0.22,97.4,27.59400857142857,0.97,1328,0.6756936351849472,1527
Fiji,2017,FJI,East Asia and Pacific,15.59,70.89,44.91399999999999,0.21,4.26,0.5818711008639211,0.22,94.75041833333331,28.634265238095235,1.13,1329,0.6764432282462152,1501
Fiji,2018,FJI,East Asia and Pacific,13.9,70.62,44.262,0.2,4.32,0.5849094341972543,0.22,97.15,29.18223023809524,0.95,1330,0.6773068386384569,1477
Fiji,2019,FJI,East Asia and Pacific,13.19,70.35,44.51533333333333,0.19,4.44,0.5841251694913719,0.22,79.61,30.112536904761907,1.07,1331,0.6672093775318088,1737
Fiji,2020,FJI,East Asia and Pacific,13.66,70.63,46.04533333333334,0.2,4.79,0.5800650294353498,0.24523787878787867,95.14,32.097701904761905,1.24,1332,0.6721144403328794,1621
Fiji,2021,FJI,East Asia and Pacific,16.36445755411255,72.3250181862745,55,0.2,4.93,0.5824933627686829,0.25535645021645026,96.44,38.93583523809522,1.08,1333,0.6715396546031861,1634
Fiji,2022,FJI,East Asia and Pacific,20.32591683982683,75.05760365079364,53,0.22,4.559500158730161,0.5659058423301844,0.271896212121212,93.00060166666664,36.37988857142857,1.35,1334,0.6740478898448873,1570
Finland,2000,FIN,Europe and Central Asia,21.63,99.55,100,0.64,11.13,0.44,0.41,124.58,50,2.02,1335,0.7183076886952472,594
Finland,2001,FIN,Europe and Central Asia,21.22,99.56,99,0.63,10.29,0.43,0.41,127.12,50.36,1.37,1336,0.735520148723008,362
Finland,2002,FIN,Europe and Central Asia,20.74,99.56,97,0.63,10.42,0.43,0.42,128.8,49.62,1.17,1337,0.7407675514634734,319
Finland,2003,FIN,Europe and Central Asia,20.34,99.57,97,0.63,10.47,0.42,0.42,131.54,54.08,0.71,1338,0.7406017253899977,321
Finland,2004,FIN,Europe and Central Asia,19.86,99.57,97,0.63,10.36,0.43,0.42,110.73,55.81,1.23,1339,0.7214286153408247,554
Finland,2005,FIN,Europe and Central Asia,19.58,99.57,96,0.63,8.38,0.42,0.42,111.79,51.1,2.2,1340,0.7231137580493905,515
Finland,2006,FIN,Europe and Central Asia,18.82,99.58,96,0.63,7.72,0.43,0.41,111.46,58.34,1.2,1341,0.7294339831534793,425
Finland,2007,FIN,Europe and Central Asia,19,99.58,94,0.63,6.85,0.43,0.41,110.11,58.47,1.95,1342,0.717750139192194,601
Finland,2008,FIN,Europe and Central Asia,18.57,99.58,90,0.63,6.37,0.45,0.41,108.61,53.32,2.13,1343,0.7229265676490542,521
Finland,2009,FIN,Europe and Central Asia,18.32,99.59,89,0.63,8.25,0.44,0.43,107.48,44.17,1.7,1344,0.742672222063451,303
Finland,2010,FIN,Europe and Central Asia,18.8,99.59,92,0.63,8.39,0.44,0.43,107.59,49.25,0.24,1345,0.7582458144853498,198
Finland,2011,FIN,Europe and Central Asia,18.15,99.61,94,0.63,7.78,0.44,0.43,108.1,45.72,1.35,1346,0.7514082573106298,237
Finland,2012,FIN,Europe and Central Asia,17.46,99.62,90,0.63,7.69,0.43,0.43,108.24,43.96,1.54,1347,0.751177021946342,240
Finland,2013,FIN,Europe and Central Asia,17.79,99.63,89,0.62,8.19,0.43,0.44,144.29,42.44,1.42,1348,0.7657158669115948,154
Finland,2014,FIN,Europe and Central Asia,17.64,99.63,89,0.62,8.66,0.43,0.44,146.43,41.84,2.59,1349,0.7381810031918312,341
Finland,2015,FIN,Europe and Central Asia,18.63,99.63,90,0.61,9.38,0.44,0.44,150.02,40.62,2.61,1350,0.7354672777985679,365
Finland,2016,FIN,Europe and Central Asia,19.27,99.63,89,0.61,8.82,0.44,0.44,152.16,40.79,2.15,1351,0.7482869331967722,261
Finland,2017,FIN,Europe and Central Asia,19.05,99.63,85,0.61,8.64,0.44,0.43,153.96,39.99,1.49,1352,0.7635701515275153,163
Finland,2018,FIN,Europe and Central Asia,18.43,99.63,85,0.62,7.36,0.44,0.43,154.82,42.19,2.16,1353,0.7516121080891354,235
Finland,2019,FIN,Europe and Central Asia,17.42,99.64,86,0.62,6.69,0.44,0.44,145.32,38.16,1.45,1354,0.7786194467064158,90
Finland,2020,FIN,Europe and Central Asia,16.41,99.64,85,0.62,7.76,0.45,0.4244480952380952,144.23,46.97214166666664,3.32,1355,0.712011865136746,672
Finland,2021,FIN,Europe and Central Asia,17.366051666666667,99.6974465416528,88,0.61,7.61,0.45,0.41966642857142844,139.65549333333328,46.60456833333332,1.94,1356,0.7441621204731199,290
Finland,2022,FIN,Europe and Central Asia,17.346121666666665,99.70238011308136,87,0.61,8.158290469187671,0.4453087581699348,0.4195030952380951,139.81385333333333,46.5661833333333,2.06,1357,0.7390742903767935,333
France,2000,FRA,Europe and Central Asia,7.27,99.9,67,0.65,10.22,0.45,0.3491516666666665,105.59,33.17,1.18,1358,0.7476329361424187,265
France,2001,FRA,Europe and Central Asia,7.34,99.91,67,0.65,8.61,0.45,0.35014833333333323,104.57,32.2,1.39,1359,0.7532226813019796,227
France,2002,FRA,Europe and Central Asia,7.14,99.91,63,0.66,8.7,0.44,0.3492066666666665,103.19,31.39,1.05,1360,0.7576312598354682,202
France,2003,FRA,Europe and Central Asia,7.38,99.92,69,0.66,8.31,0.45,0.3606516666666664,102.77,31.18,1.8,1361,0.7500359410735571,246
France,2004,FRA,Europe and Central Asia,7.25,99.93,71,0.66,8.91,0.45,0.3494549999999999,102.22,32.02,0.97,1362,0.7630552176212574,165
France,2005,FRA,Europe and Central Asia,7.37,99.94,75,0.66,8.49,0.45,0.3507233333333333,106.78,31.4,1.02,1363,0.7709900873892763,126
France,2006,FRA,Europe and Central Asia,9.36,99.95,74,0.66,8.45,0.44,0.3525571428571427,106.93,30.94,1.31,1364,0.7656092965362404,155
France,2007,FRA,Europe and Central Asia,9.53,99.95,73,0.66,7.66,0.45,0.355435,106.69,31.94,1.41,1365,0.7641178945109537,161
France,2008,FRA,Europe and Central Asia,10.03,99.96,69,0.66,7.06,0.45,0.3576150000000002,106.43,31.08,0.99,1366,0.7731858975401104,117
France,2009,FRA,Europe and Central Asia,10.17,99.97,69,0.66,8.74,0.43,0.3794706277056276,106.24,28.59,1.21,1367,0.7677340084703873,142
France,2010,FRA,Europe and Central Asia,10.24,99.98,68,0.66,8.87,0.44,0.3807072943722942,106.42,28.75,0.4,1368,0.7798112991912465,83
France,2011,FRA,Europe and Central Asia,10.24,99.98,70,0.66,8.81,0.44,0.38656562770562763,106.61,29.36,1.53,1369,0.7602155688017332,182
France,2012,FRA,Europe and Central Asia,10.12,99.99,71,0.66,9.4,0.44,0.3838439610389608,105.81,26.99,1.22,1370,0.7674080936033618,143
France,2013,FRA,Europe and Central Asia,10.1,100,71,0.65,9.92,0.43,0.38829729437229416,104.38,26.66,0.71,1371,0.7743669032005567,112
France,2014,FRA,Europe and Central Asia,10.04,100,69,0.65,10.29,0.44,0.400565476190476,103.43,25.83,2.05,1372,0.7442134292942095,289
France,2015,FRA,Europe and Central Asia,9.82,100,70,0.64,10.35,0.43,0.41,103.4,25.46,1.61,1373,0.7555091041237916,213
France,2016,FRA,Europe and Central Asia,9.72,100,69,0.63,10.05,0.43,0.41,103.31,25.06,1.79,1374,0.7523386143297001,228
France,2017,FRA,Europe and Central Asia,9.76,100,70,0.63,9.41,0.42,0.41,103.76,25.59,1.8,1375,0.7565507499956121,206
France,2018,FRA,Europe and Central Asia,9.51,100,72,0.61,9.02,0.42,0.41,103.77,25.3,2.06,1376,0.7533420396791607,226
France,2019,FRA,Europe and Central Asia,9.46,100,69,0.62,8.41,0.43,0.41,104.29,24.67,2.02,1377,0.7558788715821659,211
France,2020,FRA,Europe and Central Asia,8.94,100,69,0.61,8.01,0.41,0.40331833333333306,104.63,29.442363333333343,2.55,1378,0.7394923757536059,331
France,2021,FRA,Europe and Central Asia,13.26033611111111,99.82467666666662,71,0.61,7.86,0.42,0.41043166666666664,114.60887833333328,34.53227500000002,1.34,1379,0.7630883598371422,164
France,2022,FRA,Europe and Central Asia,23.262278333333324,99.45902880952379,72,0.6,8.40824789364716,0.4547914393939393,0.4175616666666667,116.46240333333331,35.406180000000006,2.93,1380,0.7155900804759863,629
Gabon,2000,GAB,Sub-Saharan Africa,53.19,41.55,29.741999999999997,0.24,17.39,0.61,0.27,50.684981666666665,35.19,0.31,1381,0.5621362112061001,4185
Gabon,2001,GAB,Sub-Saharan Africa,50.86,43.41,29.960166666666673,0.24,17.23,0.61,0.27,52.33,33.95,0.29,1382,0.5678632006018643,4127
Gabon,2002,GAB,Sub-Saharan Africa,54.16,45.28,30.4095,0.24,17.2,0.61,0.27,53.09,32.64,0.66,1383,0.5650312337881936,4156
Gabon,2003,GAB,Sub-Saharan Africa,50.15,47.17,31.212500000000006,0.24,17.08,0.61,0.27,55.55662333333335,31.22,0.89,1384,0.5702796486637307,4104
Gabon,2004,GAB,Sub-Saharan Africa,49.96,49.07,33,0.24,17.03,0.61,0.28,57.24477833333336,30.21,0.83,1385,0.5757829801642819,4042
Gabon,2005,GAB,Sub-Saharan Africa,52.17,50.98,29,0.24,16.91,0.61,0.28,57.00836000000002,29.05,0.81,1386,0.5739161376141139,4064
Gabon,2006,GAB,Sub-Saharan Africa,51.18,52.91,30,0.24,17.74,0.61,0.28,58.98328666666667,28.01,0.74,1387,0.5747150263367897,4052
Gabon,2007,GAB,Sub-Saharan Africa,50.53,54.85,33,0.25,18.27,0.6,0.28,62.49330333333333,26.63,0.93,1388,0.5784725017458594,4000
Gabon,2008,GAB,Sub-Saharan Africa,52.05,56.8,31,0.24,19.19,0.6,0.28,68.00995333333333,25.25,0.78,1389,0.5763163145034171,4033
Gabon,2009,GAB,Sub-Saharan Africa,50.69,58.75,29,0.24,19.83,0.6,0.28,67.73357500000002,23.59,0.82,1390,0.5748733529160706,4049
Gabon,2010,GAB,Sub-Saharan Africa,25.51,60.72,28,0.26,20.39,0.59,0.28,71.65188666666668,22.5,1.08,1391,0.5910897377290605,3838
Gabon,2011,GAB,Sub-Saharan Africa,27.73,62.69,30,0.26,20.42,0.59,0.29,73.620715,20.85,0.66,1392,0.5992611381643872,3705
Gabon,2012,GAB,Sub-Saharan Africa,28,64.68,35,0.26,20.49,0.58,0.29,76.13046333333335,19.67,0.62,1393,0.6069538820754681,3566
Gabon,2013,GAB,Sub-Saharan Africa,28.59,66.67,34,0.27,20.51,0.58,0.29,76.41168666666667,18.54,0.79,1394,0.6067452086764298,3570
Gabon,2014,GAB,Sub-Saharan Africa,28.13,68.66,37,0.26,20.57,0.57,0.29,80.22887166666666,17.55,0.81,1395,0.6120405644925556,3454
Gabon,2015,GAB,Sub-Saharan Africa,25.9,69.04,34,0.26,20.6,0.57,0.29,76.27151666666667,16.26,1.02,1396,0.6089889713700032,3516
Gabon,2016,GAB,Sub-Saharan Africa,22.55,69.4,35,0.27,20.67,0.56,0.29,74.29570666666665,15.31,1.51,1397,0.6084511189911399,3533
Gabon,2017,GAB,Sub-Saharan Africa,25.16,69.75,32,0.28,20.73,0.56,0.29,74.28523500000001,14.45,1.35,1398,0.607941213730609,3545
Gabon,2018,GAB,Sub-Saharan Africa,23.11,70.08,31,0.27,20.75,0.56,0.29,73.51068166666668,13.74,1.03,1399,0.6113772110306097,3468
Gabon,2019,GAB,Sub-Saharan Africa,23.09,70.4,31,0.27,20.69,0.56,0.29,73.06,13.07,1.53,1400,0.607110320266623,3560
Gabon,2020,GAB,Sub-Saharan Africa,20.13,70.61,30,0.26,21.73,0.56,0.27855666666666634,74.35409000000003,15.338389166666664,1.38,1401,0.6005442553096212,3689
Gabon,2021,GAB,Sub-Saharan Africa,24.603832380952397,68.2307923961039,31,0.26,21.84,0.56,0.2886849999999995,74.50313000000001,15.820391944444445,1.06,1402,0.6012356317403854,3678
Gabon,2022,GAB,Sub-Saharan Africa,41.9200647835498,53.20629909523808,29,0.25,16.90268896043826,0.5864842063492065,0.2717849999999999,64.85894166666668,20.986945833333333,0.99,1403,0.5967381565250565,3756
Gambia,2000,GMB,Sub-Saharan Africa,13.01,23.5,28.228333333333335,0.15,8.47,0.66,0.18,35.51304500000001,4.31,0.96,1404,0.6257154395475837,3151
Gambia,2001,GMB,Sub-Saharan Africa,12.72,24.5,27.46083333333334,0.15,8.53,0.66,0.19,35.76908,4.21,1.32,1405,0.6228036498844884,3229
Gambia,2002,GMB,Sub-Saharan Africa,13.05,25.52,26.849833333333336,0.16,8.78,0.66,0.19,36.76463666666668,3.92,1.38,1406,0.6224866723083466,3240
Gambia,2003,GMB,Sub-Saharan Africa,11.66,26.55,25,0.16,8.66,0.65,0.2,38.35952166666668,3.93,1.1,1407,0.6272799192327606,3083
Gambia,2004,GMB,Sub-Saharan Africa,9.85,27.53,28,0.15,8.73,0.65,0.2,38.25825333333333,4.06,1.19,1408,0.6284781535765482,3046
Gambia,2005,GMB,Sub-Saharan Africa,11.51,28.53,27,0.15,8.99,0.65,0.21,41.74469666666668,4,1.5,1409,0.6253879502942358,3163
Gambia,2006,GMB,Sub-Saharan Africa,13.04,29.54,25,0.15,9.03,0.65,0.21,42.05943166666666,4.04,1.22,1410,0.6261348389715247,3135
Gambia,2007,GMB,Sub-Saharan Africa,15.07,30.57,23,0.15,9.04,0.64,0.21,43.716651666666664,3.95,1.09,1411,0.6269142934657058,3098
Gambia,2008,GMB,Sub-Saharan Africa,16.44,31.61,19,0.15,9.06,0.64,0.21,50.11,4,1.38,1412,0.6227812697597088,3230
Gambia,2009,GMB,Sub-Saharan Africa,17,32.67,29,0.14,9.13,0.64,0.22,51.03,4.22,0.69,1413,0.636961858902274,2757
Gambia,2010,GMB,Sub-Saharan Africa,18.03,33.75,32,0.14,9.23,0.63,0.22,50.13,4.28,1.32,1414,0.6334504918004201,2873
Gambia,2011,GMB,Sub-Saharan Africa,19.23,34.83,35,0.14,9.61,0.62,0.22,46.90440666666668,3.93,1.06,1415,0.6368927134514709,2758
Gambia,2012,GMB,Sub-Saharan Africa,19.45,35.94,34,0.14,9.42,0.61,0.23,46.68920333333333,3.75,0.89,1416,0.640435772334616,2621
Gambia,2013,GMB,Sub-Saharan Africa,20.9,37.05,28,0.14,8.59,0.59,0.23,47.6284995238095,3.59,1,1417,0.6396550489024321,2653
Gambia,2014,GMB,Sub-Saharan Africa,26.83,38.18,29,0.14,7.79,0.58,0.23,47.565884523809515,3.57,1.19,1418,0.6395176799965784,2662
Gambia,2015,GMB,Sub-Saharan Africa,23.42,39.32,28,0.14,6.81,0.56,0.23,46.43994952380952,3.45,1.2,1419,0.6454183433935566,2404
Gambia,2016,GMB,Sub-Saharan Africa,30.5,40.47,26,0.14,5.96,0.56,0.24,50.78891785714285,3.41,1.64,1420,0.6406222843074287,2615
Gambia,2017,GMB,Sub-Saharan Africa,26.67,41.63,30,0.31,5.04,0.56,0.24,53.981468333333325,3.4,1.74,1421,0.6641058693491204,1817
Gambia,2018,GMB,Sub-Saharan Africa,22.44,42.8,37,0.35,4.13,0.56,0.24,61.46723499999998,3.41,1.03,1422,0.6909593027452219,1116
Gambia,2019,GMB,Sub-Saharan Africa,20.21,43.98,37,0.34,4.18,0.56,0.24,63.761638333333295,3.5,1.35,1423,0.68852287365865394,1168
Gambia,2020,GMB,Sub-Saharan Africa,23.52,45.17,37,0.32,5.1,0.56,0.2587683333333332,70.73719666666668,5.042423333333334,1.77,1424,0.680283403902049,1396
Gambia,2021,GMB,Sub-Saharan Africa,27.65073833333333,36.81750000000002,37,0.33,4.98,0.56,0.2617983333333332,114.71,4.449690476190477,1.68,1425,0.6942552457987945,1031
Gambia,2022,GMB,Sub-Saharan Africa,35.60403833333334,40.952108914141405,34,0.4,7.396644490823186,0.5947664285714286,0.2615716666666666,54.98091666666665,4.727043809523809,1.32,1426,0.6638041867782086,1833
Georgia,2000,GEO,Europe and Central Asia,80.98,86.59,24.27483333333333,0.13,10.82,0.59,0.36,87.21,9.6,0.97,1427,0.6097275198289396,3504
Georgia,2001,GEO,Europe and Central Asia,76.44,86.63,25.54233333333334,0.13,11.16,0.59,0.37,89.27,9.28,1.29,1428,0.6116685227485017,3460
Georgia,2002,GEO,Europe and Central Asia,77.13,86.74,24,0.12,12.59,0.57,0.38,92.67,9.11,1.06,1429,0.6093726577578895,3511
Georgia,2003,GEO,Europe and Central Asia,79.21,86.93,18,0.15,11.51,0.56,0.37,95.47,9.98,-0.24,1430,0.6204800514670256,3299
Georgia,2004,GEO,Europe and Central Asia,79.44,87.7,20,0.33,12.62,0.56,0.38,91.53,10.62,0.92,1431,0.6208895744100265,3291
Georgia,2005,GEO,Europe and Central Asia,79.59,88.46,23,0.33,13.81,0.57,0.37,94.39,11.75,0.54,1432,0.620183066543996,3305
Georgia,2006,GEO,Europe and Central Asia,77.26,89.22,28,0.33,13.57,0.57,0.37,95.3,13.31,1.28,1433,0.6189977249642686,3334
Georgia,2007,GEO,Europe and Central Asia,75.67,89.97,34,0.32,13.28,0.59,0.36,100.62,13.59,0.91,1434,0.6283689087373103,3049
Georgia,2008,GEO,Europe and Central Asia,66.55,90.71,39,0.31,17.87,0.58,0.35,99.32,12.61,0.7,1435,0.622112762595469,3253
Georgia,2009,GEO,Europe and Central Asia,68.91,91.45,41,0.31,20.71,0.56,0.36,95.13,10.66,0.71,1436,0.6108954928702697,3483
Georgia,2010,GEO,Europe and Central Asia,72.73,92.18,38,0.32,20.2,0.57,0.38,93.9450366666667,10.94,2.49,1437,0.5898005855009761,3852
Georgia,2011,GEO,Europe and Central Asia,75.61,92.91,41,0.33,19.63,0.61,0.37,95.38272166666663,12.61,0.43,1438,0.6080028661693068,3544
Georgia,2012,GEO,Europe and Central Asia,73.44,93.63,52,0.34,19.65,0.58,0.36,95.44164999999997,14.37,1.22,1439,0.6112956732569017,3471
Georgia,2013,GEO,Europe and Central Asia,69.08,94.34,49,0.4,19.42,0.61,0.35,97.44,14.49,1.4,1440,0.6135316190096319,3434
Georgia,2014,GEO,Europe and Central Asia,65.98,95.05,52,0.44,17.44,0.58,0.37,97.45,14.73,1.28,1441,0.637083482772091,2753
Georgia,2015,GEO,Europe and Central Asia,57.32,95.75,52,0.45,16.51,0.58,0.38,99.35,14.78,1.78,1442,0.6457184708014899,2390
Georgia,2016,GEO,Europe and Central Asia,55.52,96.45,57,0.46,16.6,0.59,0.39,100.91,14.86,1.37,1443,0.6564950503584213,2044
Georgia,2017,GEO,Europe and Central Asia,54.76,96.97,56,0.45,13.94,0.6,0.38,103.38,14.64,0.81,1444,0.6758450427074901,1523
Georgia,2018,GEO,Europe and Central Asia,47.67,97.1,58,0.45,12.67,0.59,0.39,105.98,14.94,2.51,1445,0.6686404507998874,1708
Georgia,2019,GEO,Europe and Central Asia,46.77,97.22,56,0.41,11.57,0.59,0.4,106.3,15.75,1.75,1446,0.6815105049947153,1356
Georgia,2020,GEO,Europe and Central Asia,46.84,97.35,56,0.4,11.73,0.59,0.39488333333333314,102.55,18.44602,2.01,1447,0.671342099576265,1640
Georgia,2021,GEO,Europe and Central Asia,50.61761000000001,95.28297916666672,55,0.41,12.21,0.59,0.37858499999999995,101.33,18.103875000000002,1.65,1448,0.6698930974924917,1675
Georgia,2022,GEO,Europe and Central Asia,51.27100166666668,93.09129333333338,56,0.41,12.496799428602804,0.5642510714285719,0.38751499999999994,99.3077483333333,19.940200000000008,1.51,1449,0.6713251327433479,1642
Germany,2000,DEU,Europe and Central Asia,12.29,100,76,0.66,7.92,0.44,0.31,99.93,44.85,1.76,1450,0.7281841229095537,448
Germany,2001,DEU,Europe and Central Asia,12.28,100,74,0.66,7.77,0.44,0.31,100.5,43.74,1.29,1451,0.7387666987904958,337
Germany,2002,DEU,Europe and Central Asia,12.58,100,73,0.66,8.48,0.44,0.31,101.47,42.22,1.49,1452,0.734045101221701,374
Germany,2003,DEU,Europe and Central Asia,12.84,100,77,0.65,9.78,0.43,0.32,101.82,41.76,1.26,1453,0.736597539136616,353
Germany,2004,DEU,Europe and Central Asia,14.02,100,82,0.65,10.73,0.44,0.33,102.14,42.5,1,1454,0.7373217784540291,346
Germany,2005,DEU,Europe and Central Asia,14.12,100,82,0.65,11.17,0.47,0.32,102.28,42.57,1.03,1455,0.7304529616101512,415
Germany,2006,DEU,Europe and Central Asia,14.51,100,80,0.66,10.25,0.47,0.32,103.06,44.22,1.25,1456,0.7282661120055061,446
Germany,2007,DEU,Europe and Central Asia,14.41,100,78,0.66,8.66,0.48,0.33,102.24,43.51,2.09,1457,0.7195909081717441,576
Germany,2008,DEU,Europe and Central Asia,14.12,100,79,0.66,7.52,0.48,0.33,103.31,43.36,1.54,1458,0.7373899787648386,345
Germany,2009,DEU,Europe and Central Asia,13.9,100,80,0.66,7.74,0.48,0.34,103.16,39.56,1.28,1459,0.7499579033414586,247
Germany,2010,DEU,Europe and Central Asia,13.96,100,79,0.66,6.97,0.48,0.34,103.97,40.65,0.2,1460,0.7694373489456667,134
Germany,2011,DEU,Europe and Central Asia,14.01,100,80,0.66,5.82,0.48,0.34,103.76,40.94,1.12,1461,0.7590676327087285,195
Germany,2012,DEU,Europe and Central Asia,14.17,100,79,0.66,5.38,0.48,0.35,102.17,39.09,1.35,1462,0.7589848510509224,196
Germany,2013,DEU,Europe and Central Asia,13.32,100,78,0.65,5.23,0.5,0.35,100.81,39.73,0.58,1463,0.768405493237269,139
Germany,2014,DEU,Europe and Central Asia,13.01,100,79,0.64,4.98,0.5,0.36,99.71,39.15,2.52,1464,0.7314072214754506,403
Germany,2015,DEU,Europe and Central Asia,13.09,100,81,0.64,4.62,0.5,0.36,98.82,38.34,1.67,1465,0.7536208962442651,225
Germany,2016,DEU,Europe and Central Asia,12.97,100,81,0.64,4.12,0.5,0.36,98.81,38.02,1.99,1466,0.7488727610699218,254
Germany,2017,DEU,Europe and Central Asia,12.93,100,81,0.64,3.75,0.49,0.36,98.41,37.6,1.65,1467,0.7592751896820604,194
Germany,2018,DEU,Europe and Central Asia,13.19,100,80,0.64,3.38,0.49,0.36,97.59,36.99,2.39,1468,0.7435250855741121,295
Germany,2019,DEU,Europe and Central Asia,13.48,100,80,0.64,3.14,0.49,0.36,97.54,34.09,2.33,1469,0.7499476737539381,248
Germany,2020,DEU,Europe and Central Asia,12.54,100,80,0.63,3.86,0.49,0.3602666666666665,97.11,40.138557424242414,2.52,1470,0.7335540296766795,380
Germany,2021,DEU,Europe and Central Asia,16.704893547273972,98.57649595238098,80,0.63,3.57,0.49,0.3740733333333334,112.08028309523806,45.208165,1.33,1471,0.7560978852649105,208
Germany,2022,DEU,Europe and Central Asia,16.657594420289847,98.70877277777778,79,0.62,4.9908392640692645,0.4794282142857142,0.37864833333333336,114.3514980952381,44.50186333333334,2.6,1472,0.7264349977427936,467
Ghana,2000,GHA,Sub-Saharan Africa,52.61,13.28,35,0.36,10.46,0.59,0.28,35.13,2.83,0.43,1473,0.6346372588999785,2839
Ghana,2001,GHA,Sub-Saharan Africa,46.82,13.56,34,0.39,9.49,0.59,0.28,33.3,3.02,0.57,1474,0.6417207025540271,2560
Ghana,2002,GHA,Sub-Saharan Africa,54.18,14.52,39,0.4,8.52,0.6,0.28,34.56,3.05,0.83,1475,0.6415827163490593,2565
Ghana,2003,GHA,Sub-Saharan Africa,51.08,15.77,33,0.4,7.54,0.6,0.28,35.76,3.2,0.99,1476,0.6417815015110482,2556
Ghana,2004,GHA,Sub-Saharan Africa,48,17.06,36,0.4,6.57,0.61,0.28,38.18,3.46,0.74,1477,0.652121763311924,2177
Ghana,2005,GHA,Sub-Saharan Africa,37.13,18.38,35,0.4,5.61,0.61,0.28,40.03,3.49,0.97,1478,0.66082458209892,1911
Ghana,2006,GHA,Sub-Saharan Africa,38.8,19.72,33,0.4,4.64,0.61,0.28,41.58,3.75,0.99,1479,0.661524742998313,1897
Ghana,2007,GHA,Sub-Saharan Africa,38.47,21.09,37,0.39,4.86,0.61,0.28,45.33,3.84,0.95,1480,0.666179663761198,1759
Ghana,2008,GHA,Sub-Saharan Africa,37.02,22.5,39,0.39,4.97,0.61,0.28,47.35,3.77,0.7,1481,0.6724906018353058,1617
Ghana,2009,GHA,Sub-Saharan Africa,31.04,23.93,39,0.4,5.24,0.61,0.28,48.8,3.35,0.88,1482,0.6759973431605039,1516
Ghana,2010,GHA,Sub-Saharan Africa,27.59,25.39,41,0.41,5.38,0.6,0.27,51.69210833333334,3.65,1.28,1483,0.6778056668094632,1468
Ghana,2011,GHA,Sub-Saharan Africa,36.05,26.87,39,0.4,4.22,0.6,0.28,55.57,4.33,0.88,1484,0.6800758530203914,1402
Ghana,2012,GHA,Sub-Saharan Africa,38.31,28.39,45,0.41,3.22,0.6,0.28,56.44,4.65,0.61,1485,0.6906279967526475,1126
Ghana,2013,GHA,Sub-Saharan Africa,38.88,29.93,46,0.38,2.17,0.6,0.28,67.76,4.4,0.84,1486,0.6944487297299413,1026
Ghana,2014,GHA,Sub-Saharan Africa,45.05,31.49,48,0.38,4.49,0.61,0.28,64.06,4.36,0.89,1487,0.682289639593029,1330
Ghana,2015,GHA,Sub-Saharan Africa,35.8,33.09,47,0.38,6.81,0.61,0.28,67.91,4.3,1.13,1488,0.6807279140120349,1384
Ghana,2016,GHA,Sub-Saharan Africa,37.82,34.7,43,0.37,5.11,0.61,0.28,68.9,4.17,1.22,1489,0.6803844239485753,1395
Ghana,2017,GHA,Sub-Saharan Africa,41.4,36.34,40,0.39,3.37,0.61,0.28,69.01,3.69,1.29,1490,0.681711260716472,1347
Ghana,2018,GHA,Sub-Saharan Africa,37.39,38.01,41,0.39,3.43,0.61,0.29,71.32,3.73,1.08,1491,0.6900093085228189,1148
Ghana,2019,GHA,Sub-Saharan Africa,35.78,39.7,41,0.35,3.46,0.61,0.29,74.68,3.77,1.32,1492,0.6865789411147365,1209
Ghana,2020,GHA,Sub-Saharan Africa,30.77,41.41,43,0.36,3.77,0.61,0.2818216666666666,77.67,5.431178333333334,1.28,1493,0.6921881423702971,1088
Ghana,2021,GHA,Sub-Saharan Africa,34.06626,33.39752833333335,43,0.33,3.92,0.61,0.28671333333333326,68.77105166666666,4.7758683333333325,1.49,1494,0.6791760269435139,1425
Ghana,2022,GHA,Sub-Saharan Africa,39.32652666666666,38.596205000000005,43,0.32,6.073022584733276,0.5910736075036074,0.2760066666666666,63.68370833333335,4.464766904761905,1,1495,0.6752323847651029,1541
Greece,2000,GRC,Europe and Central Asia,36.27,99.12,49,0.59,11.24,0.54,0.28,87.81,36.84,0.68,1496,0.6792647693139419,1422
Greece,2001,GRC,Europe and Central Asia,34.78,99.19,42,0.6,10.46,0.54,0.29,92.36,36.75,1.31,1497,0.6725142458258164,1614
Greece,2002,GRC,Europe and Central Asia,37.38,99.26,42,0.6,9.98,0.52,0.29,97.82,36.33,0.44,1498,0.6892608155312897,1160
Greece,2003,GRC,Europe and Central Asia,37.9,99.34,43,0.6,9.41,0.5,0.3,95.55,32.95,0.39,1499,0.7004764197324085,875
Greece,2004,GRC,Europe and Central Asia,38.96,99.41,43,0.59,10.31,0.5,0.31,95.87,32.52,0.34,1500,0.6966615875474041,960
Greece,2005,GRC,Europe and Central Asia,36.88,99.47,43,0.59,9.99,0.51,0.31,100.82,33.03,0.21,1501,0.7017601805492422,846
Greece,2006,GRC,Europe and Central Asia,36.05,99.54,44,0.59,9.01,0.49,0.32,100.77,32.75,0.25,1502,0.7113288086547118,679
Greece,2007,GRC,Europe and Central Asia,34.22,99.6,46,0.6,8.4,0.48,0.33,98.2,32.2,1.08,1503,0.7092064152713946,709
Greece,2008,GRC,Europe and Central Asia,32.21,99.67,47,0.61,7.76,0.46,0.34,100.484575,31.61,0.88,1504,0.723171689609506,514
Greece,2009,GRC,Europe and Central Asia,29.5,99.73,38,0.6,9.62,0.45,0.36,100.11087166666668,32.83,0.77,1505,0.7076237773309682,744
Greece,2010,GRC,Europe and Central Asia,28.26,99.79,35,0.61,12.71,0.46,0.34,106.32,29.92,1.58,1506,0.6829205738111814,1309
Greece,2011,GRC,Europe and Central Asia,31.16,99.85,34,0.61,17.86,0.45,0.33,103.18,26.48,0.39,1507,0.6696664955577446,1679
Greece,2012,GRC,Europe and Central Asia,30.45,99.91,36,0.61,24.44,0.46,0.34,104.56,25.44,1.24,1508,0.6243836932652918,3187
Greece,2013,GRC,Europe and Central Asia,33.74,99.97,40,0.6,27.47,0.46,0.35,105.77,23.84,1.32,1509,0.6089992224130613,3515
Greece,2014,GRC,Europe and Central Asia,37.2,100,43,0.6,26.49,0.49,0.36,102.29,23.47,1.06,1510,0.6150437754910316,3404
Greece,2015,GRC,Europe and Central Asia,36.03,100,46,0.62,24.9,0.48,0.36,102.2,22.8,0.9,1511,0.6322388923196285,2918
Greece,2016,GRC,Europe and Central Asia,34.31,100,44,0.62,23.54,0.47,0.36,102.96,22.21,1.56,1512,0.6344695354831614,2845
Greece,2017,GRC,Europe and Central Asia,35,100,48,0.61,21.49,0.46,0.36,104.5,22.67,0.64,1513,0.660983826141371,1909
Greece,2018,GRC,Europe and Central Asia,36.08,100,45,0.61,19.29,0.45,0.37,104.88,21.35,1.91,1514,0.6582413566782825,1988
Greece,2019,GRC,Europe and Central Asia,33.64,100,48,0.61,17.31,0.45,0.37,108.08,20.04,1.38,1515,0.6849371851575378,1245
Greece,2020,GRC,Europe and Central Asia,33.44,100,50,0.58,16.31,0.44,0.38049000000000005,105.55,24.98462023809524,1.31,1516,0.6865507064706801,1211
Greece,2021,GRC,Europe and Central Asia,27.51341166666667,98.49518833333336,49,0.54,14.71,0.44,0.40990666666666664,102.38957499999998,23.631075000000006,1.66,1517,0.6933767835260695,1056
Greece,2022,GRC,Europe and Central Asia,30.25257666666666,98.74576333333334,52,0.54,15.224084831932773,0.47002434065934084,0.39818166666666677,101.74638833333333,24.862873333333354,1.04,1518,0.6955142342959382,993
Grenada,2000,GRD,Latin America and Caribbean,59.3,78.72,32.51602380952381,0.32764045602501346,10.570002146771701,0.6693968445989555,0.2864959523809523,84.76915166666666,24.970845714285716,0.46,1519,0.6245326886860465,3185
Grenada,2001,GRD,Latin America and Caribbean,56.12,79.61,36.3655,0.3109369355259047,10.02390528529984,0.6684680040192452,0.29498928571428573,104.45493999999997,25.35422404761906,0.69,1520,0.636036611238407,2779
Grenada,2002,GRD,Latin America and Caribbean,50.99,80.5,38.21983333333333,0.30181697117652856,9.894414094823649,0.6683880040192453,0.2982459523809524,114.45,24.135487380952387,0.63,1521,0.6474422107290253,2323
Grenada,2003,GRD,Latin America and Caribbean,53.71,81.4,36.666000000000004,0.3067490405042596,9.920263618633172,0.672496161913982,0.29516928571428575,120.63,24.75992238095239,0.91,1522,0.6413809581947644,2575
Grenada,2004,GRD,Latin America and Caribbean,47.23,82.3,37.839166666666664,0.3180066681462256,10.17252631343837,0.6665080040192454,0.30249833333333337,114.87,24.983410714285714,0.43,1523,0.6525909041430047,2167
Grenada,2005,GRD,Latin America and Caribbean,48.58,83.21,33.502212121212125,0.30351184353456273,9.240541448303501,0.6716428285806489,0.30188500000000007,109.95,26.216407380952383,1,1524,0.6403196746888046,2624
Grenada,2006,GRD,Latin America and Caribbean,52.81,84.12,35,0.2947034669111861,8.789688154652707,0.6679930040192454,0.30084500000000003,108.58312666666664,26.468110714285714,0.74,1525,0.6417947379419907,2555
Grenada,2007,GRD,Latin America and Caribbean,55.37,85.03,34,0.2921886454826146,8.86050916655747,0.6707663373525787,0.30025999999999997,123.03,26.579477380952376,0.68,1526,0.6424908693690943,2533
Grenada,2008,GRD,Latin America and Caribbean,55.2,85.95,36.75366666666666,0.2886629993150568,8.222636468863005,0.6700963373525788,0.2989366666666665,120.78,26.709917380952376,0.5,1527,0.6484546399436032,2300
Grenada,2009,GRD,Latin America and Caribbean,54.58,86.86,40.14766666666665,0.2904729993150568,8.216043452271753,0.6648796706859117,0.3050266666666666,109.49,27.874158333333334,0.51,1528,0.6486090009178619,2293
Grenada,2010,GRD,Latin America and Caribbean,56.57,87.79,38.79716666666666,0.29645445681017607,8.411595595128897,0.6673393029396227,0.3110049999999999,116.73,28.14542166666667,1.2,1529,0.6398772655771275,2644
Grenada,2011,GRD,Latin America and Caribbean,54.28,88.71,40.37866666666666,0.2927963980078673,8.48633641763972,0.6624087183049593,0.3121216666666666,106.6791216666666,27.825418333333335,0.68,1530,0.6467444446507112,2350
Grenada,2012,GRD,Latin America and Caribbean,54.76,89.53,44.265666666666675,0.28706670422126174,8.07636491042145,0.6626470516382927,0.3057416666666666,107.54162166666661,31.905096666666665,0.58,1531,0.6462657632720313,2370
Grenada,2013,GRD,Latin America and Caribbean,55.12,89.92,47.2715,0.27141519629291555,8.098860148516685,0.6658253849716259,0.31078166666666657,111.54,33.66038666666667,0.78,1532,0.6434624567030534,2495
Grenada,2014,GRD,Latin America and Caribbean,51.89,89.92,47.373833333333344,0.26018581233536975,8.194642399598939,0.6608870516382928,0.30670666666666657,112.11,33.45520666666667,0.64,1533,0.6474308393633853,2325
Grenada,2015,GRD,Latin America and Caribbean,53.98,89.92,49.59683333333334,0.2603630373407565,8.085225732932273,0.6636720516382927,0.30812499999999987,111.75,34.0402,0.84,1534,0.6443762671066036,2451
Grenada,2016,GRD,Latin America and Caribbean,55.74,89.92,56,0.2608863165615357,8.012164066265605,0.6656302095330295,0.3299649999999999,115.19,37.282394999999994,0.95,1535,0.6443245496074489,2457
Grenada,2017,GRD,Latin America and Caribbean,55.11,89.92,52,0.24705660876932792,8.178512903984904,0.6652635428663629,0.3134966666666666,114.46,35.16027166666665,0.92,1536,0.6420365927360362,2544
Grenada,2018,GRD,Latin America and Caribbean,54.91,77.26838856060604,52,0.23874367308573052,8.394539927794426,0.6610470516382927,0.30018761904761904,120.12,34.827956666666665,0.54,1537,0.6445381817645769,2445
Grenada,2019,GRD,Latin America and Caribbean,54.42,82.63063130952384,53,0.24397668957740876,8.191696118270618,0.6648666838920038,0.3177316666666666,109.9996799999999,36.81992333333333,1.17,1538,0.6356651924964446,2792
Grenada,2020,GRD,Latin America and Caribbean,55.81,80.89810380952383,53,0.24106161021232936,8.284397784937283,0.6678083505586702,0.31337261904761887,113.47,35.640876666666664,1.24,1539,0.6347182387765358,2834
Grenada,2021,GRD,Latin America and Caribbean,49.56364500000001,77.17529916666668,53,0.23615012067408986,8.676392070651568,0.6668503849716256,0.31092428571428565,109.92669166666661,36.53281333333334,0.77,1540,0.6405325595714837,2618
Grenada,2022,GRD,Latin America and Caribbean,51.34253041666667,81.55218250000001,52,0.24141651261548178,8.75631945160395,0.6639870516382925,0.3095709523809523,110.65673833333324,33.94599666666667,0.7,1541,0.6441894071269518,2466
Guatemala,2000,GTM,Latin America and Caribbean,58.99,72.55,27.023500000000002,0.35,2.75,0.68,0.28,30.39,6.2,0.31,1542,0.6456030882546071,2398
Guatemala,2001,GTM,Latin America and Caribbean,62.32,73.36,29,0.35,2.79,0.69,0.28,32.67,6.56,0.34,1543,0.6437373776949575,2485
Guatemala,2002,GTM,Latin America and Caribbean,62.11,74.16,25,0.35,2.77,0.69,0.27,35.81,6.92,0.56,1544,0.6394802974202011,2665
Guatemala,2003,GTM,Latin America and Caribbean,61.62,74.96,24,0.35,2.81,0.68,0.27,38.80929166666666,6.42,0.99,1545,0.6381170309945127,2707
Guatemala,2004,GTM,Latin America and Caribbean,60.04,75.75,22,0.35,2.97,0.68,0.28,39.48,6.44,0.61,1546,0.6415924684668421,2563
Guatemala,2005,GTM,Latin America and Caribbean,62.48,76.54,25,0.35,3.05,0.67,0.28,41.51,6.82,0.8,1547,0.6420552947551832,2543
Guatemala,2006,GTM,Latin America and Caribbean,61.52,77.34,26,0.35,3.08,0.67,0.27,43.34,6.95,0.61,1548,0.6453868311155495,2410
Guatemala,2007,GTM,Latin America and Caribbean,61.62,78.13,28,0.35,3.14,0.68,0.27,44.99,6.99,0.6,1549,0.6463710203114211,2367
Guatemala,2008,GTM,Latin America and Caribbean,59.05,78.93,31,0.36,3.31,0.67,0.27,45.74,6.63,0.21,1550,0.6565206668244052,2042
Guatemala,2009,GTM,Latin America and Caribbean,56.92,79.72,34,0.36,3.49,0.66,0.27,47.51,6.34,0.69,1551,0.6585277813305966,1981
Guatemala,2010,GTM,Latin America and Caribbean,58.95,80.51,32,0.35,3.5,0.66,0.27,52.33,6.47,0.69,1552,0.6563585934937294,2048
Guatemala,2011,GTM,Latin America and Caribbean,58.88,81.31,27,0.35,3.1,0.65,0.27,52.82,6.76,0.43,1553,0.6568295239012775,2032
Guatemala,2012,GTM,Latin America and Caribbean,58.32,82.11,33,0.34,2.76,0.65,0.27,53.12,6.65,0.52,1554,0.6620633011894659,1886
Guatemala,2013,GTM,Latin America and Caribbean,54.62,82.9,29,0.34,3.02,0.65,0.27,53.2,6.72,0.62,1555,0.6602199769991279,1928
Guatemala,2014,GTM,Latin America and Caribbean,55.56,83.7,32,0.35,2.72,0.65,0.28,52.61,6.72,0.64,1556,0.6638824559796529,1826
Guatemala,2015,GTM,Latin America and Caribbean,55.72,84.5,28,0.36,2.51,0.65,0.26,54.2,6.87,1.14,1557,0.6560689807893415,2061
Guatemala,2016,GTM,Latin America and Caribbean,56.06,85.31,28,0.38,2.58,0.65,0.27,53.44,6.87,1.43,1558,0.6544515892812499,2108
Guatemala,2017,GTM,Latin America and Caribbean,54.13,86.11,28,0.37,2.46,0.65,0.26,52.84,7.01,1.07,1559,0.6584578525732596,1984
Guatemala,2018,GTM,Latin America and Caribbean,57.5,86.49,27,0.35,2.28,0.65,0.26,52.72,7.52,0.88,1560,0.6552793762822267,2082
Guatemala,2019,GTM,Latin America and Caribbean,55.99,86.87,26,0.34,2.19,0.64,0.26,51.15,7.76,1.42,1561,0.6500740966335877,2240
Guatemala,2020,GTM,Latin America and Caribbean,56.29,87.24,25,0.34,3.36,0.66,0.28110848484848483,50.44,10.874886190476188,1.73,1562,0.638482179631847,2695
Guatemala,2021,GTM,Latin America and Caribbean,52.992701666666655,86.13223182539677,25,0.3,2.94,0.66,0.2702551515151516,47.12,7.640586666666669,1.41,1563,0.6434489407598398,2496
Guatemala,2022,GTM,Latin America and Caribbean,51.37883166666666,85.48167341269846,24,0.26,6.044117234848484,0.6512062499999992,0.2791349999999999,70.44436,8.551469523809521,0.92,1564,0.6460911020340688,2376
Guinea,2000,GIN,Sub-Saharan Africa,65.27,17.82,20.568999999999996,0.15,4.59,0.63,0.2,23.63898333333334,4.26,0.65,1565,0.6035420627434606,3644
Guinea,2001,GIN,Sub-Saharan Africa,63.32,18.13,20.585833333333333,0.16,4.57,0.63,0.19,18.35,4.41,0.79,1566,0.6020475764609325,3667
Guinea,2002,GIN,Sub-Saharan Africa,59.32,18.43,21.953833333333336,0.16,4.55,0.62,0.2,20.95,4.79,1.13,1567,0.605024317245808,3606
Guinea,2003,GIN,Sub-Saharan Africa,62.43,18.74,21.179666666666666,0.16,4.65,0.62,0.2,22.53,4.5,0.98,1568,0.6042934984016947,3622
Guinea,2004,GIN,Sub-Saharan Africa,69.39,19.05,20.25933333333333,0.16,4.66,0.61,0.2,24.63,4.34,1.04,1569,0.6002388482735733,3696
Guinea,2005,GIN,Sub-Saharan Africa,69.97,19.37,19.53683333333333,0.2,4.68,0.6,0.2,29.06,4.36,1.19,1570,0.6032390499455376,3652
Guinea,2006,GIN,Sub-Saharan Africa,70.81,19.68,19,0.2,4.74,0.59,0.2,32.29,3.94,1.12,1571,0.605116369274008,3601
Guinea,2007,GIN,Sub-Saharan Africa,71.74,19.99,19,0.2,4.66,0.58,0.19,32.78517166666666,4.24,0.97,1572,0.60617018880744,3577
Guinea,2008,GIN,Sub-Saharan Africa,70.95,20.31,16,0.2,4.74,0.57,0.2,33.88,4.21,1.11,1573,0.6050906704514878,3602
Guinea,2009,GIN,Sub-Saharan Africa,72.5,20.63,18,0.16,4.87,0.56,0.19,34.26381833333334,4.39,0.93,1574,0.60399481761214735,3628
Guinea,2010,GIN,Sub-Saharan Africa,69.29,20.95,20,0.19,4.78,0.56,0.19,36.12449499999998,4.45,1.32,1575,0.6074360592801786,3552
Guinea,2011,GIN,Sub-Saharan Africa,59.99,22.84,21,0.22,4.8,0.55,0.18,37.6,4.41,1.1,1576,0.6201488623139808,3306
Guinea,2012,GIN,Sub-Saharan Africa,62.4,24.77,24,0.22,4.82,0.54,0.18,37.81,4.56,0.56,1577,0.6265093938048836,3123
Guinea,2013,GIN,Sub-Saharan Africa,61.9,26.75,24,0.22,4.88,0.53,0.18,38.88,4.62,1.07,1578,0.6239381318021407,3208
Guinea,2014,GIN,Sub-Saharan Africa,58.36,28.79,25,0.24,4.92,0.52,0.18,39.33,4.55,0.86,1579,0.6321778542458328,2919
Guinea,2015,GIN,Sub-Saharan Africa,49.35,30.87,25,0.25,4.94,0.52,0.17,35.77,4.48,1.16,1580,0.6350565721362483,2826
Guinea,2016,GIN,Sub-Saharan Africa,49.76,33.01,27,0.24,4.83,0.51,0.17,36.57,4.88,1.17,1581,0.6370870468386399,2752
Guinea,2017,GIN,Sub-Saharan Africa,64.6,35.21,27,0.23,4.87,0.5,0.17,39.716819999999984,4.99,1.52,1582,0.6242609558569183,3195
Guinea,2018,GIN,Sub-Saharan Africa,67.12,37.46,28,0.23,4.98,0.49,0.17,36.68,5.1,1.19,1583,0.6259257981852514,3143
Guinea,2019,GIN,Sub-Saharan Africa,59.22,39.77,29,0.23,5.02,0.49,0.18,36.81,5.16,1.41,1584,0.6316764607343779,2938
Guinea,2020,GIN,Sub-Saharan Africa,47.31,42.14,28,0.21,5.95,0.49,0.20996833333333342,42.219055,4.793423333333333,1.26,1585,0.6417184029222243,2561
Guinea,2021,GIN,Sub-Saharan Africa,50.84164333333336,43.44836071428572,25,0.2,5.82,0.49,0.21189999999999998,45.19052499999996,4.804480000000001,1.56,1586,0.6347922457919266,2831
Guinea,2022,GIN,Sub-Saharan Africa,49.31507666666666,37.40108476190478,25,0.17,6.518734651996081,0.5481206126879659,0.23073530303030312,46.840345000000006,4.5128166666666685,1.2,1587,0.6308018005216407,2968
Guinea-Bissau,2000,GNB,Sub-Saharan Africa,37.71,17.59,25.364333333333335,0.17,3.02,0.57,0.42,18.09,5.181115,1,1588,0.6410459677628482,2592
Guinea-Bissau,2001,GNB,Sub-Saharan Africa,39.06,17.92,25.32433333333333,0.17,3.04,0.57,0.43,24.830139999999997,5.302441666666666,1.24,1589,0.6410982886417186,2586
Guinea-Bissau,2002,GNB,Sub-Saharan Africa,38.17,18.26,25.538333333333327,0.18,3.07,0.56,0.43,26.997275000000005,5.078066666666666,1.28,1590,0.6442517233989696,2463
Guinea-Bissau,2003,GNB,Sub-Saharan Africa,34.27,18.59,25.334,0.16,3.07,0.57,0.42,26.73955166666667,5.232910000000001,1.04,1591,0.645504291196008,2402
Guinea-Bissau,2004,GNB,Sub-Saharan Africa,30.77,18.92,24.24933333333334,0.16,3.06,0.59,0.42,30.172318333333333,4.891099999999999,1.17,1592,0.6452301577007981,2417
Guinea-Bissau,2005,GNB,Sub-Saharan Africa,33.15,19.26,23.796333333333337,0.19,3.06,0.61,0.42,32.01,4.717483333333331,1.4,1593,0.6428117333298705,2518
Guinea-Bissau,2006,GNB,Sub-Saharan Africa,35.79,19.6,22.98066666666667,0.19,3.08,0.62,0.42,34.16,4.613675,1.19,1594,0.6426523239367428,2527
Guinea-Bissau,2007,GNB,Sub-Saharan Africa,32.46,19.93,22,0.19,3.09,0.64,0.42,35.06009333333334,4.472966666666665,1.03,1595,0.6436115449917998,2488
Guinea-Bissau,2008,GNB,Sub-Saharan Africa,36.21,20.27,19,0.18,3.1,0.65,0.42,37.12080666666668,4.806539999999999,1.36,1596,0.6346795545472537,2837
Guinea-Bissau,2009,GNB,Sub-Saharan Africa,35.18,20.61,19,0.2,3.1,0.67,0.42,37.326570000000004,4.702674999999998,0.81,1597,0.6398894379593246,2643
Guinea-Bissau,2010,GNB,Sub-Saharan Africa,37.38,20.94,21,0.2,3.1,0.69,0.42,36.62219000000002,5.461978333333333,1.33,1598,0.632409230591604,2913
Guinea-Bissau,2011,GNB,Sub-Saharan Africa,35.82,21.28,22,0.2,3.09,0.67,0.42,39.99991500000001,4.8612449999999985,1.09,1599,0.6405462872136015,2616
Guinea-Bissau,2012,GNB,Sub-Saharan Africa,58.73,21.62,25,0.16,3.16,0.65,0.42,39.36712333333333,6.151571666666668,0.8,1600,0.628219325747665,3053
Guinea-Bissau,2013,GNB,Sub-Saharan Africa,64.34,21.96,19,0.14,3.14,0.64,0.42,40.059568333333324,6.447803333333335,1.06,1601,0.6171478598900519,3367
Guinea-Bissau,2014,GNB,Sub-Saharan Africa,55.39,22.3,19,0.2,3.16,0.62,0.4,40.38970833333333,5.513980000000001,1.17,1602,0.6292142523292503,3015
Guinea-Bissau,2015,GNB,Sub-Saharan Africa,66.92,22.64,17,0.22,3.14,0.6,0.41,40.51382333333333,6.046506666666667,1.19,1603,0.6227074587496867,3232
Guinea-Bissau,2016,GNB,Sub-Saharan Africa,64.58,22.98,16,0.22,3.15,0.59,0.41,40.47182499999999,6.693796666666668,1.57,1604,0.6205235011505683,3297
Guinea-Bissau,2017,GNB,Sub-Saharan Africa,68.41,23.32,17,0.22,3.16,0.57,0.41,42.080079999999995,7.11396166666667,1.67,1605,0.619514415239447,3318
Guinea-Bissau,2018,GNB,Sub-Saharan Africa,63.92,23.65,16,0.23,3.2,0.55,0.41,42.08374333333333,6.1813366666666685,1.13,1606,0.6304247949175047,2975
Guinea-Bissau,2019,GNB,Sub-Saharan Africa,65.15,23.99,18,0.23,3.17,0.55,0.41,43.357749999999996,6.366505000000001,1.42,1607,0.6288451044393685,3032
Guinea-Bissau,2020,GNB,Sub-Saharan Africa,64.4,24.33,19,0.23,3.61,0.55,0.34529499999999985,52.55308999999999,8.860274761904765,1.66,1608,0.6249000372597849,3177
Guinea-Bissau,2021,GNB,Sub-Saharan Africa,58.533311904761895,26.178356666666662,21,0.24,3.69,0.55,0.3189851515151515,46.946525,6.388266428571431,1.66,1609,0.6308676501393038,2966
Guinea-Bissau,2022,GNB,Sub-Saharan Africa,46.84059,28.634233333333327,21,0.17,5.017600006627362,0.5809257142857144,0.2897619696969699,46.568794999999994,6.349066666666669,1.3,1610,0.6294614428246548,3007
Guyana,2000,GUY,Latin America and Caribbean,40.25,75.25,31.03816666666667,0.32,11.89,0.68,0.22,86.17322833333336,15.38,0.66,1611,0.6356378705503328,2795
Guyana,2001,GUY,Latin America and Caribbean,42.26,76.46,30.506500000000003,0.34,11.81,0.69,0.22,101.67,17.36,0.83,1612,0.6355884854184376,2798
Guyana,2002,GUY,Latin America and Caribbean,40.3,77.67,28.0055,0.34,11.81,0.69,0.22,87.71337000000003,14.11,1.07,1613,0.6316473804755005,2939
Guyana,2003,GUY,Latin America and Caribbean,38.46,78.88,27.932000000000002,0.35,11.58,0.68,0.22,90.09,15.28,0.95,1614,0.6369650612994057,2756
Guyana,2004,GUY,Latin America and Caribbean,37.15,80.09,27.731500000000004,0.35,11.28,0.68,0.23,86.60321166666668,14.58,0.94,1615,0.6395755497049185,2657
Guyana,2005,GUY,Latin America and Caribbean,35.12,81.32,25,0.35,11.03,0.67,0.24,89.21,13.18,1.32,1616,0.6399885401452186,2640
Guyana,2006,GUY,Latin America and Caribbean,35.29,82.54,25,0.35,10.7,0.67,0.25,84.23844833333332,12.61,1,1617,0.6445429393404003,2443
Guyana,2007,GUY,Latin America and Caribbean,32.99,83.78,26,0.35,10.94,0.68,0.25,83.78,13.97,1.03,1618,0.6428762814880354,2516
Guyana,2008,GUY,Latin America and Caribbean,35.33,85.01,26,0.35,11.3,0.67,0.26,84.17,14.06,0.56,1619,0.6469781151077496,2335
Guyana,2009,GUY,Latin America and Caribbean,32.85,86.26,26,0.35,11.54,0.66,0.27,87.09,13.94,1.16,1620,0.6446944398732061,2435
Guyana,2010,GUY,Latin America and Caribbean,34.75,87.51,27,0.35,11.81,0.66,0.27,90.14,14.72,1.12,1621,0.6440361048579176,2474
Guyana,2011,GUY,Latin America and Caribbean,34.81,88.76,25,0.35,12.06,0.65,0.28,97.3,15.07,0.97,1622,0.646872250090748,2339
Guyana,2012,GUY,Latin America and Caribbean,38.9,90.04,28,0.36,12.33,0.65,0.28,97.73,17.28,0.96,1623,0.6444357542347132,2448
Guyana,2013,GUY,Latin America and Caribbean,37.96,91.33,27,0.38,12.64,0.65,0.29,93.34547999999997,17.77,0.89,1624,0.6439784617037013,2477
Guyana,2014,GUY,Latin America and Caribbean,35.95,92.59,30,0.38,12.95,0.65,0.29,92.9465983333333,18.37,1.07,1625,0.6441601313322278,2467
Guyana,2015,GUY,Latin America and Caribbean,33.71,93.51,29,0.4,13.25,0.65,0.3,93.15629499999997,18.84,1.35,1626,0.6420082964835682,2546
Guyana,2016,GUY,Latin America and Caribbean,29.94,94.38,34,0.41,13.48,0.65,0.3,91.37197,18.17,1.51,1627,0.6471754690591508,2330
Guyana,2017,GUY,Latin America and Caribbean,28.84,94.39,38,0.42,13.76,0.65,0.31,91.76385833333333,18.98,1.15,1628,0.6553234147909348,2080
Guyana,2018,GUY,Latin America and Caribbean,33.73,94.39,37,0.41,14.02,0.65,0.31,92.817175,18.84,1.14,1629,0.6496613414796663,2253
Guyana,2019,GUY,Latin America and Caribbean,34.83,94.4,40,0.39,13.52,0.64,0.32,92.417195,19.73,1.18,1630,0.6527715179878301,2160
Guyana,2020,GUY,Latin America and Caribbean,23.48,94.41,41,0.34,15.59,0.66,0.3297283333333331,91.71708499999998,16.96684916666667,1.4,1631,0.6446411478215903,2438
Guyana,2021,GUY,Latin America and Caribbean,41.47227888888888,90.78320888888885,39,0.33,14.9,0.66,0.31189166666666657,90.660235,15.471617500000004,0.88,1632,0.6392443255859901,2674
Guyana,2022,GUY,Latin America and Caribbean,41.75168333333331,89.50585416666664,40,0.31,11.910290654041516,0.6571583882783872,0.29106333333333323,90.51571666666665,15.14861833333333,1.07,1633,0.6491324919579557,2273
Haiti,2000,HTI,Latin America and Caribbean,44.37,18.94,21.486452380952368,0.25,8.41,0.68,0.24,47.98722833333335,2.74,0.86,1634,0.6193564790827372,3325
Haiti,2001,HTI,Latin America and Caribbean,45.21,18.78,21.16916666666667,0.24,9.64,0.69,0.24,48.66501,2.88,0.76,1635,0.613437696285061,3437
Haiti,2002,HTI,Latin America and Caribbean,48.18,18.58,22,0.24,10.83,0.69,0.25,48.83222166666668,2.87,0.95,1636,0.6068785898494424,3568
Haiti,2003,HTI,Latin America and Caribbean,48.06,18.34,15,0.24,12,0.68,0.25,49.260238333333355,2.78,1.24,1637,0.5960766242114419,3771
Haiti,2004,HTI,Latin America and Caribbean,46.49,17.92,15,0.17,13.31,0.68,0.25,47.77894000000004,2.85,0.89,1638,0.5896191334051376,3855
Haiti,2005,HTI,Latin America and Caribbean,46.02,17.45,18,0.16,14.42,0.67,0.26,47.94123833333337,3.37,1.04,1639,0.586775497647968,3896
Haiti,2006,HTI,Latin America and Caribbean,43.06,16.95,18,0.21,15.66,0.67,0.26,48.406936666666695,3.42,0.94,1640,0.5880826172213737,3873
Haiti,2007,HTI,Latin America and Caribbean,40.12,16.43,16,0.25,16.8,0.68,0.26,49.33798500000001,3.58,1.15,1641,0.5836278487563843,3938
Haiti,2008,HTI,Latin America and Caribbean,38.58,15.87,14,0.25,16.3,0.67,0.26,47.67692833333334,3.61,0.62,1642,0.5900279676593906,3851
Haiti,2009,HTI,Latin America and Caribbean,39.27,15.29,18,0.25,15.66,0.66,0.26,49.42925666666669,3.55,0.81,1643,0.5951686769351776,3783
Haiti,2010,HTI,Latin America and Caribbean,33.31,14.68,22,0.25,15.38,0.66,0.26,49.13478666666668,3.6,1.21,1644,0.5988524310268621,3712
Haiti,2011,HTI,Latin America and Caribbean,26.09,14.04,18,0.24,14.56,0.65,0.26,45.91285666666668,3.64,0.49,1645,0.608471871520364,3532
Haiti,2012,HTI,Latin America and Caribbean,28.44,13.37,19,0.25,14.1,0.65,0.27,47.128408333333354,3.59,0.76,1646,0.6091780405020851,3512
Haiti,2013,HTI,Latin America and Caribbean,36.24,12.67,19,0.24,13.96,0.65,0.27,47.88354666666667,3.66,1.13,1647,0.6013238022300341,3676
Haiti,2014,HTI,Latin America and Caribbean,31.02,11.94,19,0.24,13.96,0.65,0.27,46.87155666666668,3.84,1.31,1648,0.6018755957895031,3670
Haiti,2015,HTI,Latin America and Caribbean,33.96,11.17,17,0.24,13.89,0.65,0.27,46.411011666666674,3.86,1.38,1649,0.5979729611563158,3729
Haiti,2016,HTI,Latin America and Caribbean,35.29,10.38,20,0.23,13.85,0.65,0.28,46.607168333333355,4.11,1.16,1650,0.6011580733377122,3680
Haiti,2017,HTI,Latin America and Caribbean,38.24,9.56,22,0.24,13.79,0.65,0.28,46.84788000000001,4.1,1.06,1651,0.6027290917845856,3662
Haiti,2018,HTI,Latin America and Caribbean,41.46,8.71,20,0.25,13.76,0.65,0.28,46.17242500000002,4.15,1.28,1652,0.5975981953874452,3743
Haiti,2019,HTI,Latin America and Caribbean,40.11,7.83,18,0.23,13.78,0.64,0.28,46.18113500000002,4.13,1.51,1653,0.5940636842984932,3802
Haiti,2020,HTI,Latin America and Caribbean,51.37,7.83,18,0.16,15.09,0.66,0.2708463636363636,44.62691000000002,5.058113333333335,1.54,1654,0.5730138246444741,4076
Haiti,2021,HTI,Latin America and Caribbean,40.4588188095238,32.56042308337335,20,0.21,15.02,0.66,0.2708313636363638,53.15990166666669,4.120320000000001,0.88,1655,0.6002582858562355,3695
Haiti,2022,HTI,Latin America and Caribbean,43.160273333333336,59.668028193581776,17,0.11,9.717717507693791,0.6448749999999994,0.27203469696969695,66.61572590909091,8.66377666666667,1.1,1656,0.613663437998489,3431
Honduras,2000,HND,Latin America and Caribbean,45.95,81.91,27.751333333333328,0.33,3.86,0.68,0.27,57.25868166666668,6.72,0.13,1657,0.6646312539766183,1800
Honduras,2001,HND,Latin America and Caribbean,52.52,82.46,27,0.33,4,0.69,0.27,55.97254333333336,6.94,0.4,1658,0.6543613593092972,2112
Honduras,2002,HND,Latin America and Caribbean,51.85,83.03,27,0.33,4.02,0.69,0.26,57.34450000000001,7.39,0.78,1659,0.6509995900505576,2214
Honduras,2003,HND,Latin America and Caribbean,48.32,83.36,23,0.34,5.3,0.68,0.26,59.485203333333345,7.35,0.67,1660,0.6504885165360269,2227
Honduras,2004,HND,Latin America and Caribbean,50.06,83.69,23,0.34,5.99,0.68,0.26,60.24564833333336,7.07,0.49,1661,0.6493120625442812,2269
Honduras,2005,HND,Latin America and Caribbean,49.06,84.02,26,0.34,4.91,0.67,0.27,60.141388333333346,7.41,0.96,1662,0.6532077987374474,2150
Honduras,2006,HND,Latin America and Caribbean,49.86,84.34,25,0.31,3.57,0.67,0.26,58.29,7.01,0.62,1663,0.6553871970914382,2077
Honduras,2007,HND,Latin America and Caribbean,49.8,84.66,25,0.31,3.21,0.68,0.26,60.15,7.79,0.77,1664,0.6537638128982673,2136
Honduras,2008,HND,Latin America and Caribbean,51.42,84.97,26,0.31,3.16,0.67,0.27,60.02,7.61,0.57,1665,0.6574651659251602,2013
Honduras,2009,HND,Latin America and Caribbean,44.91,85.28,25,0.28,3.29,0.66,0.26,60.73140999999999,7,0.81,1666,0.6578881373341761,2002
Honduras,2010,HND,Latin America and Caribbean,46.26,85.59,24,0.26,4.12,0.66,0.27,65.83,6.93,0.81,1667,0.6547689220061488,2098
Honduras,2011,HND,Latin America and Caribbean,45.8,85.89,26,0.27,4.47,0.65,0.27,65.24,6.98,0.73,1668,0.6585935985583494,1977
Honduras,2012,HND,Latin America and Caribbean,49.86,86.19,28,0.27,3.75,0.65,0.27,63.88,7.42,0.64,1669,0.6593028679672165,1956
Honduras,2013,HND,Latin America and Caribbean,49.26,86.49,26,0.27,5.65,0.65,0.27,63.62460166666669,7.32,0.92,1670,0.6498728471153414,2247
Honduras,2014,HND,Latin America and Caribbean,48.69,86.78,29,0.28,7.08,0.65,0.27,64.43703833333335,7.2,0.67,1671,0.6521188800866716,2179
Honduras,2015,HND,Latin America and Caribbean,50.66,87.07,31,0.28,6.15,0.65,0.27,65.83574999999999,7.2,1.13,1672,0.6513008136905605,2204
Honduras,2016,HND,Latin America and Caribbean,49.77,87.36,30,0.28,6.73,0.65,0.27,65.77659333333334,6.71,1.37,1673,0.6471560524356433,2331
Honduras,2017,HND,Latin America and Caribbean,49.7,87.64,29,0.27,5.53,0.65,0.26,66.42417,6.71,1.03,1674,0.6525203663850623,2168
Honduras,2018,HND,Latin America and Caribbean,52.14,87.92,29,0.25,5.62,0.65,0.27,66.33041166666666,6.97,0.8,1675,0.6513433647431177,2200
Honduras,2019,HND,Latin America and Caribbean,52.47,88.2,26,0.25,5.55,0.64,0.29,65.77743,7.12,1.23,1676,0.6465329875409783,2362
Honduras,2020,HND,Latin America and Caribbean,50.04,88.69,24,0.25,10.68,0.66,0.30225499999999994,81.58409999999998,11.920504166666667,1.81,1677,0.6215509868022165,3272
Honduras,2021,HND,Latin America and Caribbean,49.226355000000005,86.3425990476191,23,0.26,7.95,0.66,0.28432333333333326,66.93372333333335,8.242946746031746,1.1,1678,0.6371469157202719,2749
Honduras,2022,HND,Latin America and Caribbean,43.203019999999995,88.88397087301588,23,0.35,7.05615491512873,0.6548591025641016,0.2851133333333333,81.81280999999997,10.588951666666668,0.72,1679,0.6600257948152335,1934
Hong Kong,2000,HKG,East Asia and Pacific,39.18789289682538,98.12,77,0.15,4.92,0.55,0.31,88.4171933333333,91.59,0.3,1680,0.5895112811750177,3857
Hong Kong,2001,HKG,East Asia and Pacific,39.225714801587294,98.25,79,0.15,5.09,0.56,0.32,80.19,92.26,0.85,1681,0.5800908051908932,3974
Hong Kong,2002,HKG,East Asia and Pacific,37.87640095238095,98.37,82,0.15,7.28,0.57,0.34,79.9,87.34,0.96,1682,0.5821375936719978,3956
Hong Kong,2003,HKG,East Asia and Pacific,36.669730952380945,98.5,80,0.15,7.86,0.58,0.34,79.92,87.43,0.99,1683,0.5778271747740054,4011
Hong Kong,2004,HKG,East Asia and Pacific,36.92988416666666,98.62,80,0.15,6.74,0.59,0.34,81.18,87.87,0.7,1684,0.5839090320629956,3933
Hong Kong,2005,HKG,East Asia and Pacific,37.583008195970685,98.74,83,0.15,5.58,0.6,0.34,82.32,96.2,0.73,1685,0.573102263916991,4074
Hong Kong,2006,HKG,East Asia and Pacific,39.97724834748583,98.87,83,0.15,4.77,0.61,0.35,82.75,104.09,0.9,1686,0.5581133148127995,4218
Hong Kong,2007,HKG,East Asia and Pacific,41.01496001415249,98.99,83,0.15,4.01,0.61,0.35,84.67,97.26,1.01,1687,0.5724123980566047,4084
Hong Kong,2008,HKG,East Asia and Pacific,38.69727572843821,99.11,81,0.15,3.56,0.61,0.35,86.02,99.76,0.42,1688,0.5761118363268114,4036
Hong Kong,2009,HKG,East Asia and Pacific,38.873516680819165,99.24,82,0.15,5.26,0.61,0.36,86.9,89.04,0.91,1689,0.5861812259600656,3903
Hong Kong,2010,HKG,East Asia and Pacific,38.62906739510488,99.36,84,0.15,4.33,0.61,0.36,88.04,96.63,0.37,1690,0.5824453537794398,3953
Hong Kong,2011,HKG,East Asia and Pacific,37.39222406177154,99.49,84,0.14,3.42,0.61,0.36,86.59,92.84,0.33,1691,0.5926799178489084,3823
Hong Kong,2012,HKG,East Asia and Pacific,37.70441906177155,99.61,77,0.14,3.29,0.61,0.36,107.13,109.73,0.53,1692,0.5624293382197387,4181
Hong Kong,2013,HKG,East Asia and Pacific,37.946368347485844,99.74,75,0.14,3.4,0.6,0.37,101.41,110.7,0.76,1693,0.5567583275146077,4224
Hong Kong,2014,HKG,East Asia and Pacific,37.523912871295366,99.86,74,0.14,3.3,0.6,0.37,101.4,109.63,0.7,1694,0.5593537868432337,4205
Hong Kong,2015,HKG,East Asia and Pacific,38.48109510073259,99.98,75,0.13,3.31,0.6,0.37,102.24,103.72,1.18,1695,0.564829353423981,4159
Hong Kong,2016,HKG,East Asia and Pacific,35.736657023809514,100,77,0.13,3.39,0.59,0.37,103.56,96.78,0.77,1696,0.5857549896876284,3910
Hong Kong,2017,HKG,East Asia and Pacific,36.62755702380953,100,77,0.12,3.12,0.59,0.37,105.35,98.4,1.34,1697,0.5770553628945847,4022
Hong Kong,2018,HKG,East Asia and Pacific,35.95957369047621,100,76,0.12,2.81,0.59,0.37,107.49,99.36,1.18,1698,0.5785450978621602,3997
Hong Kong,2019,HKG,East Asia and Pacific,35.51515869047619,100,76,0.12,2.92,0.59,0.37,107.74,96.25,1.78,1699,0.5778610912082417,4009
Hong Kong,2020,HKG,East Asia and Pacific,40.68721583333333,100,77,0.1,5.81,0.59,0.35059500000000016,108.37,93.35015000000003,1.88,1700,0.5656529615486884,4152
Hong Kong,2021,HKG,East Asia and Pacific,40.78673726190476,91.541155,76,0.07,5.17,0.59,0.3257933333333333,106.43,56.977061666666685,2.02,1701,0.6238426315384759,3209
Hong Kong,2022,HKG,East Asia and Pacific,43.38119238816737,87.73161857142857,76,0.06,4.054204618156354,0.574618315681903,0.3223276190476191,98.19063833333335,54.12001,1.43,1702,0.6350895875872263,2823
Hungary,2000,HUN,Europe and Central Asia,27.36,93.96,52,0.64,6.56,0.37,0.42,96.13,23.02,1.73,1703,0.7451313086595497,276
Hungary,2001,HUN,Europe and Central Asia,28.87,94.35,53,0.64,5.67,0.39,0.42,98.45,23.8,1.39,1704,0.7543436553076941,221
Hungary,2002,HUN,Europe and Central Asia,27.56,94.76,49,0.64,5.61,0.41,0.42,100.09,25.58,1.42,1705,0.7478675784281275,263
Hungary,2003,HUN,Europe and Central Asia,26.39,95.16,48,0.63,5.79,0.41,0.42,102.22,27.06,0.71,1706,0.7576029812506975,203
Hungary,2004,HUN,Europe and Central Asia,25.87,95.56,48,0.65,5.83,0.4,0.42,95.95,26.31,0.54,1707,0.7603770119156972,181
Hungary,2005,HUN,Europe and Central Asia,25.8,95.96,50,0.64,7.19,0.41,0.42,96.26,26.75,0.24,1708,0.7598855800961395,187
Hungary,2006,HUN,Europe and Central Asia,25.05,96.35,52,0.63,7.49,0.43,0.44,96.09,28.47,0.7,1709,0.7513631986856915,239
Hungary,2007,HUN,Europe and Central Asia,27.01,96.75,53,0.64,7.41,0.44,0.43,96.17,28.38,2.14,1710,0.7245774391044292,495
Hungary,2008,HUN,Europe and Central Asia,26.95,97.14,51,0.64,7.82,0.43,0.43,96.04,28.28,1.5,1711,0.7341025215099362,373
Hungary,2009,HUN,Europe and Central Asia,26.27,97.52,51,0.64,10.03,0.42,0.43,96.25,23.12,1.61,1712,0.7298940496325261,418
Hungary,2010,HUN,Europe and Central Asia,27.45,97.91,47,0.58,11.17,0.43,0.43,97.08,23.77,0.81,1713,0.7266064457428397,465
Hungary,2011,HUN,Europe and Central Asia,28.24,98.29,46,0.57,11.03,0.42,0.43,96.8,23.7,0.89,1714,0.7243947906707565,499
Hungary,2012,HUN,Europe and Central Asia,29.4,98.66,55,0.56,11,0.41,0.42,98.06,22.21,1.73,1715,0.7210901257159473,562
Hungary,2013,HUN,Europe and Central Asia,28.38,99.03,54,0.51,10.18,0.43,0.43,104.72,22.31,1.16,1716,0.7327800888444223,387
Hungary,2014,HUN,Europe and Central Asia,28.36,99.4,54,0.44,7.73,0.42,0.43,104.19,22.32,2.23,1717,0.7183746874393634,592
Hungary,2015,HUN,Europe and Central Asia,27.49,99.77,51,0.41,6.81,0.43,0.42,103.03,23.3,2.07,1718,0.717145767309334,612
Hungary,2016,HUN,Europe and Central Asia,27.69,99.97,48,0.42,5.11,0.42,0.43,102.71,23.78,1.89,1719,0.7247907067026771,491
Hungary,2017,HUN,Europe and Central Asia,27.27,100,45,0.39,4.16,0.42,0.43,103.49,25.43,1.34,1720,0.7296074929563363,421
Hungary,2018,HUN,Europe and Central Asia,26.8,100,46,0.33,3.71,0.43,0.42,103.92,26.17,2.52,1721,0.7031911639895221,818
Hungary,2019,HUN,Europe and Central Asia,27.8,100,44,0.32,3.42,0.43,0.42,103.26,26,2.35,1722,0.7034342389272948,814
Hungary,2020,HUN,Europe and Central Asia,25.52,100,44,0.32,4.25,0.43,0.411175,103.05,27.46229333333333,1.99,1723,0.7066497987165056,760
Hungary,2021,HUN,Europe and Central Asia,36.74738090909093,93.33244714285715,43,0.31,4.05,0.43,0.39447999999999994,100.22542999999996,22.870653333333333,1.43,1724,0.7087552068326275,721
Hungary,2022,HUN,Europe and Central Asia,36.41282424242424,92.87542761904763,42,0.29,6.375770833333336,0.46927702380952385,0.3910833333333333,100.37398999999999,25.28315666666667,2.14,1725,0.6811223852109575,1370
Iceland,2000,ISL,Europe and Central Asia,18.02,100,91,0.62,1.94,0.42,0.37,106.46,48.6,0.27,1726,0.7804041624431814,80
Iceland,2001,ISL,Europe and Central Asia,18.08,100,92,0.62,1.87,0.44,0.37,106.86,49.52,0.58,1727,0.7726807901221889,119
Iceland,2002,ISL,Europe and Central Asia,17.3,100,94,0.62,2.99,0.44,0.38,111.96,49.76,0.78,1728,0.7703151607108455,130
Iceland,2003,ISL,Europe and Central Asia,17.39,100,96,0.62,4,0.44,0.37,116.38,49.39,1.78,1729,0.7502480793395196,243
Iceland,2004,ISL,Europe and Central Asia,17.7,100,95,0.62,4.03,0.42,0.37,110.09,49.53,1.24,1730,0.759352495649387,193
Iceland,2005,ISL,Europe and Central Asia,17.59,100,97,0.62,2.55,0.42,0.37,111.25,50.29,0.45,1731,0.7770578575612802,98
Iceland,2006,ISL,Europe and Central Asia,16.95,100,96,0.62,2.83,0.43,0.37,111.01,52.23,1.03,1732,0.7614571910405648,173
Iceland,2007,ISL,Europe and Central Asia,16.47,100,92,0.63,2.25,0.45,0.37,109.5,53.55,1.1,1733,0.7560583026182429,209
Iceland,2008,ISL,Europe and Central Asia,16.27,100,89,0.64,2.95,0.4,0.37,108.58,50,0.75,1734,0.771154586258472,124
Iceland,2009,ISL,Europe and Central Asia,16.87,100,87,0.64,7.22,0.38,0.39,106.51,46.2,0.91,1735,0.7607521419162927,177
Iceland,2010,ISL,Europe and Central Asia,18.66,100,85,0.66,7.56,0.38,0.39,107.31,45.61,1.15,1736,0.7554153370295859,214
Iceland,2011,ISL,Europe and Central Asia,18.5,100,83,0.66,7.03,0.38,0.39,106.65,46.5,0.96,1737,0.7581939382403424,199
Iceland,2012,ISL,Europe and Central Asia,18.57,100,82,0.66,6,0.38,0.38,110.01,47.12,0.67,1738,0.7666175295218363,147
Iceland,2013,ISL,Europe and Central Asia,18.26,100,78,0.65,5.38,0.4,0.39,118.24,48.28,0.69,1739,0.7663973097082315,150
Iceland,2014,ISL,Europe and Central Asia,17.98,100,79,0.64,4.9,0.4,0.38,118.62,48.72,1.66,1740,0.7483621059316573,260
Iceland,2015,ISL,Europe and Central Asia,17.64,100,79,0.65,3.98,0.4,0.4,119.08,49.01,0.42,1741,0.7764167602259812,102
Iceland,2016,ISL,Europe and Central Asia,16.87,100,78,0.65,2.98,0.4,0.4,117.63,48.97,1.41,1742,0.7606667657432066,178
Iceland,2017,ISL,Europe and Central Asia,16.45,100,77,0.64,2.74,0.39,0.4,117.52,48.88,1.69,1743,0.7550605740286358,217
Iceland,2018,ISL,Europe and Central Asia,15.94,100,76,0.66,2.7,0.38,0.4,117.98,49,0.82,1744,0.7736256038971924,116
Iceland,2019,ISL,Europe and Central Asia,15.55,100,78,0.64,3.51,0.37,0.4,115.44,49.12,1.34,1745,0.7608788209399638,176
Iceland,2020,ISL,Europe and Central Asia,15.02,100,75,0.63,5.48,0.37,0.3873830952380953,114.36,44.048671080586075,0.79,1746,0.7712762233580535,123
Iceland,2021,ISL,Europe and Central Asia,16.95014120726496,99.38438166666667,74,0.61,6.02,0.38,0.39298794372294366,121.56936333333333,45.92822774725272,0.92,1747,0.762204449703801,168
Iceland,2022,ISL,Europe and Central Asia,23.843867272727262,99.04964031746029,74,0.6,6.521535662393161,0.4203275590749121,0.4001733333333333,113.315495,41.68840846153846,1.2,1748,0.7521905106357397,230
India,2000,IND,South Asia,71.7,40,28,0.48,7.77,0.51,0.11,44.87,4.05,0.35,1749,0.636805431085783,2761
India,2001,IND,South Asia,74.11,41.18,27,0.48,7.96,0.52,0.12,45.15,4.12,0.47,1750,0.6325443505836522,2908
India,2002,IND,South Asia,73.37,42.4,27,0.49,8.1,0.53,0.12,47.07,4.13,0.83,1751,0.6303153985314318,2979
India,2003,IND,South Asia,73.42,43.63,28,0.49,8.36,0.54,0.13,49.63,4.35,0.67,1752,0.6325305543320442,2909
India,2004,IND,South Asia,72.48,44.86,28,0.48,8.53,0.55,0.13,51.37,4.56,0.55,1753,0.6330494922393414,2893
India,2005,IND,South Asia,73.15,46.1,29,0.48,8.7,0.56,0.14,53.97,4.69,0.57,1754,0.6334366452003626,2875
India,2006,IND,South Asia,72.26,47.36,33,0.48,8.63,0.57,0.14,54.88,4.99,0.64,1755,0.6363886927341167,2767
India,2007,IND,South Asia,70.82,48.62,35,0.48,8.54,0.58,0.14,57.28,5.56,0.61,1756,0.6394959220651341,2663
India,2008,IND,South Asia,69.15,49.88,34,0.48,8.35,0.59,0.15,60.36,5.94,0.26,1757,0.6447843378172492,2432
India,2009,IND,South Asia,66.76,51.16,34,0.46,8.38,0.6,0.15,59.61,6.26,1.13,1758,0.636032432560238,2780
India,2010,IND,South Asia,65.18,52.44,33,0.45,8.32,0.61,0.15,63.12,6.53,1.13,1759,0.6363796493198964,2768
India,2011,IND,South Asia,62.22,53.73,31,0.45,8.17,0.62,0.16,66.25,6.9,0.37,1760,0.6458041450227957,2384
India,2012,IND,South Asia,63,55.03,36,0.45,8.1,0.63,0.16,69.01,7.29,0.52,1761,0.6479304349712967,2309
India,2013,IND,South Asia,69.07,56.34,36,0.44,8.04,0.63,0.17,68.76,7.21,0.45,1762,0.6436013908343712,2489
India,2014,IND,South Asia,67.01,57.65,38,0.39,7.98,0.63,0.17,74.14,7.78,0.53,1763,0.6447141642434674,2434
India,2015,IND,South Asia,64.66,58.98,38,0.34,7.91,0.63,0.17,73.87,8,0.71,1764,0.6415767078583424,2567
India,2016,IND,South Asia,63.21,60.31,40,0.32,7.84,0.63,0.17,75.09,8.33,1.09,1765,0.6396732528671794,2652
India,2017,IND,South Asia,55.11,61.65,40,0.3,7.73,0.63,0.18,73.48,8.52,0.97,1766,0.6468645469893374,2342
India,2018,IND,South Asia,53.23,62.99,41,0.3,7.65,0.63,0.18,74.13,8.84,0.87,1767,0.6507355477198995,2219
India,2019,IND,South Asia,53.38,64.34,41,0.27,6.51,0.63,0.18,73.79,8.81,0.8,1768,0.6527677417075548,2161
India,2020,IND,South Asia,50.59,65.7,40,0.26,10.19,0.63,0.17808833333333335,75.48,9.713393333333334,0.52,1769,0.642552446131906,2529
India,2021,IND,South Asia,52.86647000000002,64.51820008116881,40,0.27,7.71,0.63,0.18388833333333326,77.98,9.513533809523812,0.73,1770,0.6501796359735638,2235
India,2022,IND,South Asia,49.855783333333335,69.18625702922078,40,0.26,8.554001524864026,0.6167871911421917,0.1702016666666667,77.56724166666663,9.219668333333335,0.79,1771,0.6496199031807397,2256
Indonesia,2000,IDN,East Asia and Pacific,45.2,58.04,17,0.39,6.08,0.5,0.23,55.08,5.46,0.28,1772,0.6654666833253088,1778
Indonesia,2001,IDN,East Asia and Pacific,40.49,58.83,19,0.43,6.08,0.51,0.22,55.54,5.82,0.53,1773,0.6701602960708811,1668
Indonesia,2002,IDN,East Asia and Pacific,46.38,59.37,19,0.43,6.6,0.52,0.22,57.16,6.26,0.61,1774,0.6628551249098773,1860
Indonesia,2003,IDN,East Asia and Pacific,46.02,59.89,19,0.43,6.66,0.52,0.22,60.14,6.5,0.59,1775,0.6642580096637613,1810
Indonesia,2004,IDN,East Asia and Pacific,45.91,60.4,20,0.44,7.3,0.53,0.21,61.87,6.72,0.54,1776,0.6633451933160978,1850
Indonesia,2005,IDN,East Asia and Pacific,55.33,60.89,22,0.45,7.94,0.54,0.22,60.15,6.86,0.71,1777,0.6536016120924301,2139
Indonesia,2006,IDN,East Asia and Pacific,53.38,61.36,24,0.45,7.55,0.53,0.22,62.64,6.98,0.42,1778,0.663265994083375,1851
Indonesia,2007,IDN,East Asia and Pacific,49.55,61.82,23,0.46,8.06,0.54,0.22,70.54,7.43,0.46,1779,0.6659283440089115,1766
Indonesia,2008,IDN,East Asia and Pacific,49.37,62.27,26,0.46,7.21,0.59,0.23,69.66,8.5,0.22,1780,0.6682897985370189,1717
Indonesia,2009,IDN,East Asia and Pacific,49.22,62.69,28,0.45,6.11,0.6,0.23,74.63,9.06,0.56,1781,0.6704906145560152,1655
Indonesia,2010,IDN,East Asia and Pacific,60.58,63.1,28,0.45,5.61,0.56,0.24,76.43,8.73,0.77,1782,0.6662572253617987,1758
Indonesia,2011,IDN,East Asia and Pacific,56.22,63.47,30,0.45,5.15,0.57,0.23,79.11,9.98,0.31,1783,0.6763118633229177,1504
Indonesia,2012,IDN,East Asia and Pacific,53.62,63.82,32,0.45,4.47,0.56,0.24,80.45,10.51,0.46,1784,0.6833878952714969,1296
Indonesia,2013,IDN,East Asia and Pacific,50.9,64.16,32,0.46,4.34,0.56,0.24,82.64,8.99,0.8,1785,0.6857751520442996,1232
Indonesia,2014,IDN,East Asia and Pacific,45.25,64.48,34,0.45,4.05,0.55,0.23,82.68,8.99,0.81,1786,0.6932224708963985,1062
Indonesia,2015,IDN,East Asia and Pacific,43.05,64.79,36,0.44,4.51,0.57,0.24,86.12,10.2,0.84,1787,0.693477607783912,1052
Indonesia,2016,IDN,East Asia and Pacific,38.52,65.08,37,0.44,4.3,0.55,0.24,84.95,10.99,1.49,1788,0.6918040846228237,1097
Indonesia,2017,IDN,East Asia and Pacific,36.6,65.36,37,0.43,3.78,0.54,0.24,87.06,10.12,1.06,1789,0.7025803900357313,828
Indonesia,2018,IDN,East Asia and Pacific,35.64,65.62,38,0.41,4.39,0.6,0.25,88.91,11.19,0.97,1790,0.6949913885026864,1010
Indonesia,2019,IDN,East Asia and Pacific,34.76,65.86,40,0.4,3.59,0.6,0.25,86.76281333333331,11.85,1.12,1791,0.6957662355204066,980
Indonesia,2020,IDN,East Asia and Pacific,31.79,66.43,37,0.39,4.25,0.6,0.27354333333333314,86.71093999999998,12.828791666666671,1.32,1792,0.690581118927096,1128
Indonesia,2021,IDN,East Asia and Pacific,37.60573166666668,66.09368333333329,38,0.37,3.83,0.6,0.25671999999999995,86.07702333333327,11.264429999999996,1.11,1793,0.6892791567116618,1159
Indonesia,2022,IDN,East Asia and Pacific,36.00868666666666,65.76031333333331,34,0.39,4.096191006603045,0.5841264285714289,0.25407666666666656,87.28434999999998,11.781913333333337,1.09,1794,0.6895707425976008,1157
Iran,2000,IRN,Middle East and North Africa,59.6,90.32,29.459333333333337,0.07,11.58,0.63,0.13,77.51,25.34,1.22,1795,0.5816051585565385,3960
Iran,2001,IRN,Middle East and North Africa,59.25,90.55,28.805833333333336,0.07,12.3,0.63,0.14,76.85,26.69,1.53,1796,0.5741273506612624,4060
Iran,2002,IRN,Middle East and North Africa,54.75,90.78,28.383666666666674,0.07,12.8,0.63,0.14,77.54,26.1,1.72,1797,0.5740218447014974,4061
Iran,2003,IRN,Middle East and North Africa,54.07,91,30,0.07,11.5,0.63,0.14,77.4,30.21,0.94,1798,0.5832924290475643,3943
Iran,2004,IRN,Middle East and North Africa,56.56,91.22,29,0.06,10.3,0.63,0.13,77.48,31.89,1.53,1799,0.5760220604463604,4039
Iran,2005,IRN,Middle East and North Africa,56.09,91.43,29,0.05,11.81,0.63,0.13,77.23,32.12,0.83,1800,0.5758728473597481,4040
Iran,2006,IRN,Middle East and North Africa,51.69,91.64,27,0.05,11.52,0.64,0.13,78.49,34.19,1.85,1801,0.565020321072443,4157
Iran,2007,IRN,Middle East and North Africa,53.21,91.84,25,0.05,10.77,0.63,0.13,78.1,35.44,0.87,1802,0.5745518064915286,4055
Iran,2008,IRN,Middle East and North Africa,55.48,92.03,23,0.05,10.63,0.62,0.13,81.01,35.66,1.14,1803,0.5711198365556105,4097
Iran,2009,IRN,Middle East and North Africa,56.03,92.21,18,0.05,12.11,0.61,0.13,82.16,35.71,1.18,1804,0.5618967465274738,4188
Iran,2010,IRN,Middle East and North Africa,59.4,92.4,22,0.05,13.68,0.61,0.13,80.59,37.54,2.21,1805,0.542348967875031,4295
Iran,2011,IRN,Middle East and North Africa,57.52,92.57,27,0.05,12.49,0.6,0.13,82.99,37.16,1.35,1806,0.5633091684701769,4173
Iran,2012,IRN,Middle East and North Africa,54.96,92.75,28,0.05,12.27,0.59,0.14,84.98,36.33,1.09,1807,0.5729620543917445,4077
Iran,2013,IRN,Middle East and North Africa,51.07,92.91,25,0.06,10.6,0.58,0.14,83.83,35.15,1.64,1808,0.57804317060904,4005
Iran,2014,IRN,Middle East and North Africa,42.19,93.08,27,0.06,10.68,0.59,0.14,85.28,37,1.08,1809,0.5879917865104188,3877
Iran,2015,IRN,Middle East and North Africa,42.08,93.24,27,0.06,11.17,0.59,0.14,85.87,37.23,1.86,1810,0.577667393055234,4012
Iran,2016,IRN,Middle East and North Africa,42.29,93.39,29,0.06,12.62,0.59,0.15,86.87,36.51,1.67,1811,0.5770046385177082,4024
Iran,2017,IRN,Middle East and North Africa,41.71,93.55,30,0.06,12.23,0.6,0.15,86.31,39.6,1.74,1812,0.5733288215855395,4071
Iran,2018,IRN,Middle East and North Africa,35.83,93.7,28,0.06,12.19,0.61,0.14,87.07914190476194,41.63,2.04,1813,0.5680426712117073,4123
Iran,2019,IRN,Middle East and North Africa,39.49,93.84,26,0.05,10.74,0.61,0.15,87.12470357142864,42.39,1.6,1814,0.5738985596191499,4065
Iran,2020,IRN,Middle East and North Africa,37.06,93.98,25,0.05,9.69,0.61,0.14500880952380965,89.38,37.3255,1.35,1815,0.5894018801793527,3860
Iran,2021,IRN,Middle East and North Africa,46.72631833333334,92.74938203463205,25,0.05,10.82,0.61,0.13996714285714296,85.58030190476191,37.28956833333336,2.18,1816,0.5679506539629519,4125
Iran,2022,IRN,Middle East and North Africa,46.463751666666674,92.67065703463206,25,0.05,10.78141792293782,0.6103715404040401,0.13935714285714296,85.08450523809525,37.010418333333355,2.37,1817,0.566373302135999,4146
Iraq,2000,IRQ,Middle East and North Africa,47.38156928571429,72.81,25.46021212121212,0.05,8.75,0.64,0.05,37.79,9.43,1,1818,0.5943561736314712,3796
Iraq,2001,IRQ,Middle East and North Africa,47.67715261904762,73.7,24.799712121212124,0.05,8.84,0.64,0.06,37.88,11.99,1.29,1819,0.5890142136792275,3863
Iraq,2002,IRQ,Middle East and North Africa,46.257044285714294,74.6,26.153878787878792,0.06,8.89,0.64,0.06,52.484745000000004,11.66,1.17,1820,0.597868784226195,3737
Iraq,2003,IRQ,Middle East and North Africa,54.64,75.53,22,0.1,8.85,0.64,0.07,42.4,11.57,0.96,1821,0.5923572253389392,3826
Iraq,2004,IRQ,Middle East and North Africa,29.05,76.48,21,0.14,8.6,0.64,0.07,47.8,15.26,1.08,1822,0.6080742296400093,3542
Iraq,2005,IRQ,Middle East and North Africa,30.24,77.45,22,0.18,8.72,0.64,0.07,63.55830000000004,15.24,0.53,1823,0.6218447050174792,3264
Iraq,2006,IRQ,Middle East and North Africa,33.55,78.44,19,0.26,8.65,0.64,0.08,66.41388500000001,14.34,1.62,1824,0.616434332674962,3376
Iraq,2007,IRQ,Middle East and North Africa,30.58,79.45,15,0.27,8.65,0.64,0.08,53.92,11.37,0.94,1825,0.6212598879589768,3281
Iraq,2008,IRQ,Middle East and North Africa,21.53,80.49,13,0.28,8.48,0.63,0.08,67.40960166666672,15.08,1.16,1826,0.6257419164876279,3148
Iraq,2009,IRQ,Middle East and North Africa,22.39,81.54,15,0.28,8.4,0.63,0.07,73.6920866666667,17.95,0.88,1827,0.6285029939896207,3042
Iraq,2010,IRQ,Middle East and North Africa,26.1,82.64,15,0.26,8.25,0.62,0.07,76.25819166666668,18.43,2.71,1828,0.6069944840263896,3565
Iraq,2011,IRQ,Middle East and North Africa,25.14,83.77,18,0.26,8.13,0.62,0.07,75.51220500000002,19.72,0.91,1829,0.6289047624358368,3029
Iraq,2012,IRQ,Middle East and North Africa,61.74,84.91,18,0.26,7.96,0.61,0.06,70.54618833333335,20.69,1.29,1830,0.5991142368546135,3708
Iraq,2013,IRQ,Middle East and North Africa,58.35,86.06,16,0.27,9.26,0.61,0.07,71.60341333333334,21.33,1.26,1831,0.5968322612226866,3755
Iraq,2014,IRQ,Middle East and North Africa,61.84,87.23,16,0.26,10.59,0.61,0.07,74.52660499999999,20.92,1.18,1832,0.59087078528575,3841
Iraq,2015,IRQ,Middle East and North Africa,76.47,88.4,16,0.25,10.73,0.61,0.08,73.88072666666665,20.36,1.94,1833,0.5727794571722995,4079
Iraq,2016,IRQ,Middle East and North Africa,77.79,89.6,17,0.25,10.82,0.61,0.09,75.05423833333332,21.3,1.67,1834,0.5748420190047042,4050
Iraq,2017,IRQ,Middle East and North Africa,58.04,90.8,18,0.23,13.02,0.61,0.06,75.66108499999997,20.85,1.57,1835,0.5796634781934625,3981
Iraq,2018,IRQ,Middle East and North Africa,51.35,92.02,18,0.26,14.06,0.61,0.06,76.4617883333333,20.98,2.41,1836,0.5735799093899757,4068
Iraq,2019,IRQ,Middle East and North Africa,50.1,93.24,20,0.25,15.11,0.61,0.06,78.33813999999998,21.56,1.63,1837,0.5789763200995351,3991
Iraq,2020,IRQ,Middle East and North Africa,44.8,94.2,21,0.23,16.23,0.61,0.11277277777777785,81.897555,22.21548857142856,1.86,1838,0.5787260252650281,3995
Iraq,2021,IRQ,Middle East and North Africa,48.16687666666666,91.10578500000005,23,0.2,16.17,0.61,0.10376444444444446,79.84945166666665,20.986091904761892,2.64,1839,0.5674937963312705,4129
Iraq,2022,IRQ,Middle East and North Africa,51.329289999999986,90.72730166666672,23,0.2,14.03676273809524,0.6078466666666664,0.09304777777777776,79.28255999999998,20.613950238095228,2.15,1840,0.579571544497285,3982
Ireland,2000,IRL,Europe and Central Asia,12.12,97.14,72,0.64,4.32,0.46,0.32,105.12,67.52,0.58,1841,0.7114338346057525,678
Ireland,2001,IRL,Europe and Central Asia,10.65,97.15,75,0.64,3.68,0.46,0.33,105.22,65.57,0.55,1842,0.7219963460825691,538
Ireland,2002,IRL,Europe and Central Asia,10.47,97.17,69,0.65,4.22,0.45,0.34,106.36,65.48,0.83,1843,0.7150921171313867,636
Ireland,2003,IRL,Europe and Central Asia,13.15,97.18,75,0.65,4.48,0.46,0.33,107.85,70.41,1.02,1844,0.702220301239471,834
Ireland,2004,IRL,Europe and Central Asia,12.22,97.19,75,0.65,4.49,0.47,0.35,109.41,71.84,0.9,1845,0.7021828120651306,835
Ireland,2005,IRL,Europe and Central Asia,13.55,97.2,74,0.65,4.34,0.47,0.35,109.78,74.03,1.18,1846,0.6925051152771519,1078
Ireland,2006,IRL,Europe and Central Asia,13.93,97.21,74,0.65,4.41,0.48,0.35,109.6,73.93,1.16,1847,0.6915554949788646,1106
Ireland,2007,IRL,Europe and Central Asia,11.57,97.22,75,0.65,4.98,0.48,0.36,111.23,70.95,1.35,1848,0.6965361855008259,966
Ireland,2008,IRL,Europe and Central Asia,11.86,97.23,77,0.65,6.77,0.45,0.37,111.29,60.59,0.84,1849,0.7256803462417512,480
Ireland,2009,IRL,Europe and Central Asia,12.7,97.24,80,0.65,12.61,0.44,0.39,114.39,47.91,0.8,1850,0.7278335728533375,451
Ireland,2010,IRL,Europe and Central Asia,13.8,97.25,80,0.65,14.53,0.44,0.41,118.1,43.86,-0.1,1851,0.736866943629462,351
Ireland,2011,IRL,Europe and Central Asia,13.89,97.26,75,0.65,15.35,0.44,0.42,115.83,41.99,0.56,1852,0.7227291431429277,527
Ireland,2012,IRL,Europe and Central Asia,13.9,97.27,69,0.65,15.45,0.44,0.41,117.75,41.66,0.71,1853,0.7162235781350693,621
Ireland,2013,IRL,Europe and Central Asia,14.29,97.28,72,0.65,13.73,0.45,0.4,118.68532666666665,42.11,0.57,1854,0.7299656724828434,417
Ireland,2014,IRL,Europe and Central Asia,14.31,97.29,74,0.65,11.86,0.46,0.39,116.74,41.64,1.36,1855,0.7288892645788247,436
Ireland,2015,IRL,Europe and Central Asia,13.21,97.3,75,0.65,9.91,0.48,0.39,116.99,40.41,0.45,1856,0.7573200353621293,204
Ireland,2016,IRL,Europe and Central Asia,12.79,97.31,73,0.65,8.37,0.48,0.39,117.03,40.13,1.04,1857,0.7549208296165241,219
Ireland,2017,IRL,Europe and Central Asia,12.61,97.32,74,0.65,6.71,0.47,0.38,125.31,38.83,1.26,1858,0.7655593714729252,156
Ireland,2018,IRL,Europe and Central Asia,12.02,97.33,73,0.64,5.74,0.47,0.39,154.91,37.4,0.78,1859,0.7897699072046895,43
Ireland,2019,IRL,Europe and Central Asia,11.83,97.33,74,0.64,4.95,0.48,0.39,138.09,35.19,1.2,1860,0.7842808254798844,58
Ireland,2020,IRL,Europe and Central Asia,10.5,97.33,72,0.65,5.62,0.47,0.38081166666666666,135.22,61.254472727272685,1.08,1861,0.7288928835237165,435
Ireland,2021,IRL,Europe and Central Asia,12.46443333333334,97.30329640526138,74,0.64,6.19,0.47,0.38540166666666664,127.22586999999996,40.40869106060608,1.02,1862,0.7701039427706772,132
Ireland,2022,IRL,Europe and Central Asia,16.43559,97.21381958874463,77,0.63,7.078992435064934,0.4730094013004538,0.395385,123.00676309523807,46.67651272727273,1.76,1863,0.737004329904544,349
Israel,2000,ISR,Middle East and North Africa,29.49,100,66,0.51,11.1,0.61,0.33,104.16,45.48,0.25,1864,0.685791271029935,1231
Israel,2001,ISR,Middle East and North Africa,30.33,100,76,0.5,11.81,0.61,0.33,105.13,46.66,0.86,1865,0.6783967820089668,1451
Israel,2002,ISR,Middle East and North Africa,27.84,100,73,0.49,12.89,0.61,0.34,107.25,44.14,0.73,1866,0.6792726800727668,1421
Israel,2003,ISR,Middle East and North Africa,28.63,100,70,0.49,13.51,0.62,0.34,106.65,48.11,0.56,1867,0.666445468106604,1754
Israel,2004,ISR,Middle East and North Africa,28.73,100,64,0.49,13.03,0.62,0.36,105.73,46.54,0.56,1868,0.6683543668686374,1714
Israel,2005,ISR,Middle East and North Africa,30.24,100,63,0.49,11.34,0.62,0.35,105.96,45.05,0.2,1869,0.6816387595573455,1354
Israel,2006,ISR,Middle East and North Africa,25.72,100,59,0.49,10.71,0.62,0.35,106.12,46.95,0.59,1870,0.6770843923732508,1485
Israel,2007,ISR,Middle East and North Africa,26.66,100,61,0.49,9.38,0.62,0.35,105.49,47.28,0.52,1871,0.6846094187622247,1254
Israel,2008,ISR,Middle East and North Africa,25.35,100,60,0.49,7.7,0.62,0.34,104.08,49.41,0.72,1872,0.6846836363511002,1253
Israel,2009,ISR,Middle East and North Africa,25.42,100,6.1,0.49,9.53,0.63,0.36,103.18,44.34,0.82,1873,0.628913366719345,3028
Israel,2010,ISR,Middle East and North Africa,23.81,100,61,0.49,8.48,0.63,0.36,103.23,47.36,2.32,1874,0.6620156016976955,1887
Israel,2011,ISR,Middle East and North Africa,23.76,100,58,0.49,7.14,0.62,0.37,102.86,47.83,0.58,1875,0.6926064843818297,1077
Israel,2012,ISR,Middle East and North Africa,23.41,100,60,0.49,6.86,0.62,0.37,102.22,49.55,1.04,1876,0.6862321750388707,1217
Israel,2013,ISR,Middle East and North Africa,22.65,100,61,0.47,6.21,0.61,0.37,102.69,44.56,1.11,1877,0.6980591953492883,932
Israel,2014,ISR,Middle East and North Africa,23.01,100,60,0.47,5.89,0.6,0.37,103.02,42.95,0.87,1878,0.706204260731123,770
Israel,2015,ISR,Middle East and North Africa,22.5,100,61,0.47,5.25,0.6,0.38,103.66,42.03,1.33,1879,0.7052957961291271,784
Israel,2016,ISR,Middle East and North Africa,22.82,100,64,0.47,4.8,0.59,0.36,105.23,40.41,1.61,1880,0.7081649552398516,734
Israel,2017,ISR,Middle East and North Africa,22.43,100,62,0.46,4.22,0.59,0.38,105.08,39.88,0.74,1881,0.723507693509378,509
Israel,2018,ISR,Middle East and North Africa,21.84,100,61,0.45,4,0.59,0.38,105.56,39.67,2,1882,0.7028219969430866,825
Israel,2019,ISR,Middle East and North Africa,21.04,100,60,0.46,3.8,0.59,0.38,104.97,40.28,1.21,1883,0.7162292541338825,620
Israel,2020,ISR,Middle East and North Africa,17.14,100,60,0.47,4.33,0.59,0.3694416666666666,104.94,42.83378441558441,1.45,1884,0.7090954669604458,713
Israel,2021,ISR,Middle East and North Africa,26.36077500000001,97.99160000000003,59,0.49,4.32,0.59,0.3223433333333331,101.26531642857142,36.39971547619048,1.79,1885,0.7037041594159725,812
Israel,2022,ISR,Middle East and North Africa,27.942096746031748,97.55958571428572,63,0.47,6.17210234154734,0.605126454852337,0.3220583333333334,100.26820333333336,35.15208880952382,1.08,1886,0.7081373937610916,736
Italy,2000,ITA,Europe and Central Asia,26.46,94.77,46,0.65,10.83,0.51,0.32,93.05,29.9,1.24,1887,0.7012155374086929,857
Italy,2001,ITA,Europe and Central Asia,24.48,94.99,55,0.66,9.6,0.51,0.33,96.1,30.87,1.53,1888,0.7145136924321157,641
Italy,2002,ITA,Europe and Central Asia,24.13,95.21,52,0.67,9.21,0.5,0.33,98.15,33,0.91,1889,0.7233119209967425,511
Italy,2003,ITA,Europe and Central Asia,23.72,95.42,53,0.67,8.87,0.5,0.33,99.13,33.13,1.53,1890,0.7163109417368037,619
Italy,2004,ITA,Europe and Central Asia,22.83,95.64,48,0.67,7.87,0.5,0.33,99.02,34.3,0.75,1891,0.7268835794187852,459
Italy,2005,ITA,Europe and Central Asia,21.61,95.86,50,0.67,7.73,0.49,0.34,99.29,33.3,0.56,1892,0.7371461641764581,348
Italy,2006,ITA,Europe and Central Asia,21.32,96.08,49,0.68,6.78,0.5,0.34,100.05,33.56,0.84,1893,0.7354815640439923,364
Italy,2007,ITA,Europe and Central Asia,21.52,96.3,52,0.69,6.08,0.5,0.35,100.47,33,1.55,1894,0.7317589104441612,397
Italy,2008,ITA,Europe and Central Asia,21.34,96.52,48,0.68,6.72,0.48,0.35,101.1,32.3,1.13,1895,0.7353890274884427,366
Italy,2009,ITA,Europe and Central Asia,20.66,96.74,43,0.68,7.75,0.48,0.36,101.42,28.48,1.23,1896,0.7302751224304987,416
Italy,2010,ITA,Europe and Central Asia,20.55,96.96,39,0.68,8.36,0.49,0.37,102.9,29.99,0.76,1897,0.7280682253183243,449
Italy,2011,ITA,Europe and Central Asia,22.03,97.18,39,0.68,8.36,0.5,0.36,103.33,29.72,1.25,1898,0.71843774265725,588
Italy,2012,ITA,Europe and Central Asia,22.08,97.4,42,0.69,10.65,0.5,0.36,102.03,27.44,1.54,1899,0.7095639352357556,705
Italy,2013,ITA,Europe and Central Asia,22.23,97.62,43,0.68,12.15,0.51,0.36,102.41,25.26,1.01,1900,0.7124955778805941,667
Italy,2014,ITA,Europe and Central Asia,22.54,97.84,43,0.68,12.68,0.5,0.36,102.28,24.78,1.64,1901,0.7013019432485508,856
Italy,2015,ITA,Europe and Central Asia,23.47,97.84,44,0.68,11.9,0.5,0.36,102.26,24.06,1.7,1902,0.7057817584502611,775
Italy,2016,ITA,Europe and Central Asia,23.32,97.84,47,0.69,11.69,0.51,0.36,101.66,23.73,1.72,1903,0.7093781545117861,707
Italy,2017,ITA,Europe and Central Asia,23.81,97.84,50,0.69,11.21,0.51,0.36,101.27,24.13,1.61,1904,0.7159147092552118,624
Italy,2018,ITA,Europe and Central Asia,23.55,97.84,52,0.68,10.61,0.52,0.36,101.35,24.62,1.83,1905,0.7149335350754613,638
Italy,2019,ITA,Europe and Central Asia,23.46,97.84,53,0.68,9.95,0.51,0.36,101.19,23.81,1.7,1906,0.7238596517443355,506
Italy,2020,ITA,Europe and Central Asia,21.28,97.84,53,0.68,9.16,0.51,0.3747199999999998,100.91,27.166613333333334,1.9,1907,0.7218102354562489,546
Italy,2021,ITA,Europe and Central Asia,22.247443333333337,97.12698835730635,56,0.67,9.5,0.51,0.3676499999999997,107.40490833333328,28.549049999999998,1.57,1908,0.728528017528824,444
Italy,2022,ITA,Europe and Central Asia,21.847851190476195,96.72697057952855,56,0.67,8.668241574162547,0.5034009523809523,0.38588666666666654,106.62484666666664,28.926048333333327,2.14,1909,0.7226308893847885,530
Jamaica,2000,JAM,Latin America and Caribbean,29.63,83.61,33.64233333333333,0.44,6.96,0.68,0.36,85.29,12.94,0.41,1910,0.6906020679667382,1127
Jamaica,2001,JAM,Latin America and Caribbean,38.42,83.77,32.832166666666666,0.44,6.91,0.69,0.37,84.54,16.6,0.66,1911,0.6758930923046818,1521
Jamaica,2002,JAM,Latin America and Caribbean,26.94,83.92,40,0.45,6.87,0.69,0.37,84.58,13.87,0.94,1912,0.6917067521330127,1100
Jamaica,2003,JAM,Latin America and Caribbean,34.57,84.07,38,0.48,6.8,0.68,0.37,84.67,16.94,1.12,1913,0.6834485598213879,1295
Jamaica,2004,JAM,Latin America and Caribbean,27.56,83.98,33,0.48,6.8,0.68,0.37,89.93,17.45,0.95,1914,0.6868678464468909,1198
Jamaica,2005,JAM,Latin America and Caribbean,29.14,83.89,36,0.5,6.77,0.67,0.37,89.65,18.72,1.04,1915,0.6896679469194369,1153
Jamaica,2006,JAM,Latin America and Caribbean,28.94,83.81,37,0.5,6.7,0.67,0.38,92.06078999999995,21.23,1.03,1916,0.6898998367567513,1149
Jamaica,2007,JAM,Latin America and Caribbean,31.16,83.72,33,0.51,6.68,0.68,0.38,92.33,21.29,0.94,1917,0.6843947234338117,1262
Jamaica,2008,JAM,Latin America and Caribbean,30.18,83.63,31,0.51,6.67,0.67,0.39,90.99407500000001,20.56,0.55,1918,0.6900201523088713,1146
Jamaica,2009,JAM,Latin America and Caribbean,22.97,83.54,30,0.51,7.31,0.66,0.39,88.59172999999998,13.56,0.82,1919,0.6962731131571743,970
Jamaica,2010,JAM,Latin America and Caribbean,23.49,83.45,33,0.51,7.63,0.66,0.39,89.33063,14.12,1.18,1920,0.6932972083199044,1060
Jamaica,2011,JAM,Latin America and Caribbean,22.05,83.36,33,0.52,8.03,0.65,0.39,91.65824833333332,15.84,0.58,1921,0.7016278869159704,850
Jamaica,2012,JAM,Latin America and Caribbean,21.75,83.27,38,0.52,8.69,0.65,0.4,94.51747499999998,14.93,0.72,1922,0.705654079046098,780
Jamaica,2013,JAM,Latin America and Caribbean,19.48,83.19,38,0.54,9.7,0.65,0.39,95.48575833333331,15.41,0.99,1923,0.7001037211470801,887
Jamaica,2014,JAM,Latin America and Caribbean,21.41,83.34,38,0.54,9.05,0.65,0.39,96.46318166666663,14.27,1.21,1924,0.7003549630339596,881
Jamaica,2015,JAM,Latin America and Caribbean,18.97,83.49,41,0.54,8.84,0.65,0.39,96.64555499999997,13.54,1.4,1925,0.7039062740581402,809
Jamaica,2016,JAM,Latin America and Caribbean,17.93,83.65,39,0.55,8.63,0.65,0.4,96.24910833333331,12.57,1.4,1926,0.7052669842949398,786
Jamaica,2017,JAM,Latin America and Caribbean,16.75,83.81,44,0.56,7.4,0.65,0.4,97.91030166666667,12.09,1.08,1927,0.722636109898155,529
Jamaica,2018,JAM,Latin America and Caribbean,16.78,83.97,44,0.56,5.47,0.65,0.4,97.66551,11.86,1.25,1928,0.7271298272097013,457
Jamaica,2019,JAM,Latin America and Caribbean,16.44,84.14,43,0.55,4.99,0.64,0.41,96.66067666666669,11.78,1.52,1929,0.724823402535054,490
Jamaica,2020,JAM,Latin America and Caribbean,15.07,84.2,44,0.54,6.5,0.66,0.37719500000000006,99.054055,17.06086666666667,1.62,1930,0.7097379930313167,700
Jamaica,2021,JAM,Latin America and Caribbean,19.578792857142854,86.01667024891775,44,0.53,6.01,0.66,0.37743166666666667,97.95997500000004,20.369983333333337,1.27,1931,0.7099107786364156,698
Jamaica,2022,JAM,Latin America and Caribbean,20.354954523809514,85.75636007347916,44,0.53,6.5466901555839705,0.6556346666666658,0.37993999999999994,97.97222333333339,19.93516500000001,1.14,1932,0.7108256842608238,689
Japan,2000,JPN,East Asia and Pacific,15.92,97.85,64,0.56,4.75,0.52,0.22,101.41123476190474,45.97,0.64,1933,0.7220953620111125,537
Japan,2001,JPN,East Asia and Pacific,15.79,97.85,71,0.56,5.02,0.53,0.23,101.89713500000002,44.67,0.42,1934,0.7323852763371045,391
Japan,2002,JPN,East Asia and Pacific,15.98,97.85,71,0.56,5.39,0.54,0.23,101.69985666666668,44.96,0.63,1935,0.7259941515433975,474
Japan,2003,JPN,East Asia and Pacific,16.89,97.85,70,0.56,5.25,0.54,0.23,102.1122116666667,45.1,0.33,1936,0.7291187124229648,430
Japan,2004,JPN,East Asia and Pacific,16.59,97.85,69,0.56,4.73,0.55,0.23,101.28975,45.53,1.12,1937,0.7164685094547454,617
Japan,2005,JPN,East Asia and Pacific,15.67,97.9,73,0.56,4.45,0.55,0.23,101.09432333333334,45.86,0.74,1938,0.726012816613314,473
Japan,2006,JPN,East Asia and Pacific,16.42,97.95,76,0.56,4.19,0.55,0.23,102.296235,45.3,0.39,1939,0.7349659882468026,369
Japan,2007,JPN,East Asia and Pacific,15.52,98,75,0.56,3.89,0.56,0.23,100.71268166666665,45.38,1,1940,0.7246340481394815,494
Japan,2008,JPN,East Asia and Pacific,15.24,98.04,73,0.56,4,0.55,0.23,101.73959333333335,44.4,0.67,1941,0.7317279913225171,398
Japan,2009,JPN,East Asia and Pacific,15.16,98.09,77,0.57,5.07,0.53,0.24,101.74974,39.62,0.8,1942,0.7425780878600537,306
Japan,2010,JPN,East Asia and Pacific,14.57,98.14,78,0.57,5.1,0.54,0.25,102.11364000000002,41.26,0.92,1943,0.738468152372659,339
Japan,2011,JPN,East Asia and Pacific,13.12,98.19,80,0.57,4.55,0.54,0.26,102.2797533333333,43.59,0.6,1944,0.744344207656889,287
Japan,2012,JPN,East Asia and Pacific,12.97,98.23,74,0.57,4.36,0.54,0.26,102.17029000000001,44.91,0.4,1945,0.7412246052594458,315
Japan,2013,JPN,East Asia and Pacific,12.7,98.28,74,0.55,4.04,0.54,0.27,101.56,43.29,0.63,1946,0.7413219538498625,314
Japan,2014,JPN,East Asia and Pacific,12.87,98.33,76,0.55,3.59,0.54,0.27,101.42,42.16,0.56,1947,0.7471388441516974,266
Japan,2015,JPN,East Asia and Pacific,12.95,98.38,75,0.54,3.39,0.54,0.27,102.17,40.7,0.83,1948,0.7449863741003161,281
Japan,2016,JPN,East Asia and Pacific,12.85,98.42,72,0.54,3.13,0.54,0.27,102.37,40.12,1.32,1949,0.7364528186596233,356
Japan,2017,JPN,East Asia and Pacific,12.65,98.47,73,0.55,2.82,0.54,0.28,102.49,39.69,0.8,1950,0.7496253808870713,249
Japan,2018,JPN,East Asia and Pacific,12.99,98.52,73,0.55,2.47,0.54,0.28,101.95,38.84,0.93,1951,0.749501225610389,250
Japan,2019,JPN,East Asia and Pacific,12.93,98.57,73,0.55,2.35,0.54,0.28,100.87,37.95,1.27,1952,0.7449814876296512,282
Japan,2020,JPN,East Asia and Pacific,12.57,98.57,74,0.54,2.8,0.54,0.28597750000000005,101.84930666666668,39.656108333333336,1.44,1953,0.7389210942209795,334
Japan,2021,JPN,East Asia and Pacific,16.553056666666667,96.87178356060608,73,0.54,2.8,0.54,0.27312250000000005,103.73933833333336,43.32677666666667,1.27,1954,0.7321096844442733,394
Japan,2022,JPN,East Asia and Pacific,15.013701666666664,97.24925284632036,73,0.54,3.1917304131652657,0.5354582671957668,0.2695791666666666,103.54215666666673,42.75353499999999,1.34,1955,0.7319362444542127,396
Jordan,2000,JOR,Middle East and North Africa,39.1,98.56,46,0.08,13.7,0.58,0.08,82.23,12.21,0.38,1956,0.6274977368246287,3076
Jordan,2001,JOR,Middle East and North Africa,38.47,98.55,49,0.08,14.7,0.59,0.08,80.7546483333333,13.88,0.98,1957,0.6167200824966741,3370
Jordan,2002,JOR,Middle East and North Africa,39.48,98.53,45,0.08,15.3,0.6,0.08,84.83,15.05,0.67,1958,0.6125698643740338,3449
Jordan,2003,JOR,Middle East and North Africa,42.03,98.52,46,0.08,14.5,0.6,0.08,85.26,14.61,0.5,1959,0.617285843326163,3363
Jordan,2004,JOR,Middle East and North Africa,40.68,98.5,53,0.08,14.58,0.6,0.07,84.63,16.09,0.62,1960,0.6187874848803329,3338
Jordan,2005,JOR,Middle East and North Africa,40.08,98.5,57,0.09,14.8,0.61,0.07,84.4,17.08,0.1,1961,0.6241002919801212,3202
Jordan,2006,JOR,Middle East and North Africa,39.19,98.51,53,0.09,14,0.61,0.08,85.34,16.25,0.75,1962,0.6218701520534804,3262
Jordan,2007,JOR,Middle East and North Africa,36.05,98.52,47,0.09,13.1,0.61,0.09,85.39,15.89,0.52,1963,0.6271263965863532,3089
Jordan,2008,JOR,Middle East and North Africa,31.94,98.52,51,0.1,12.7,0.61,0.09,85.9,16.17,0.73,1964,0.6331335714197017,2887
Jordan,2009,JOR,Middle East and North Africa,22.71,98.53,50,0.1,12.9,0.61,0.1,80.18009999999998,16.12,0.55,1965,0.6376871898404404,2724
Jordan,2010,JOR,Middle East and North Africa,21.86,98.53,47,0.1,12.5,0.61,0.1,80.08,14.48,2.63,1966,0.61622951408426,3382
Jordan,2011,JOR,Middle East and North Africa,20.9,98.53,45,0.1,12.9,0.6,0.11,77.61,14.25,0.51,1967,0.6385148345595658,2694
Jordan,2012,JOR,Middle East and North Africa,21.58,98.53,48,0.11,12.2,0.6,0.11,74.19,13.13,1.07,1968,0.6387604056969776,2687
Jordan,2013,JOR,Middle East and North Africa,22.13,98.53,45,0.11,12.6,0.59,0.1,71.06,14.51,1,1969,0.6329879895710753,2896
Jordan,2014,JOR,Middle East and North Africa,20.89,98.52,49,0.11,11.9,0.59,0.1,69.13,14.33,0.79,1970,0.641082714058092,2589
Jordan,2015,JOR,Middle East and North Africa,29.37,98.51,53,0.12,13.08,0.59,0.1,73.63380333333335,13.42,1.43,1971,0.6309884979488192,2960
Jordan,2016,JOR,Middle East and North Africa,30.62,98.5,48,0.11,15.28,0.59,0.1,71.56865833333332,12.41,1.64,1972,0.6144176010176026,3411
Jordan,2017,JOR,Middle East and North Africa,30.43,98.48,48,0.12,18.12,0.59,0.1,62.63,12.9,0.92,1973,0.6062514864104813,3574
Jordan,2018,JOR,Middle East and North Africa,30.94,98.47,49,0.12,18.26,0.59,0.11,63.12,12.8,1.97,1974,0.5962201240026281,3765
Jordan,2019,JOR,Middle East and North Africa,30.34,98.46,48,0.13,16.8,0.59,0.11,65.19,13.21,1.28,1975,0.611039009061864,3479
Jordan,2020,JOR,Middle East and North Africa,30.22,98.44,49,0.12,19.21,0.59,0.1544486538461538,67.82,16.599435476190482,1.62,1976,0.5962525473539335,3764
Jordan,2021,JOR,Middle East and North Africa,35.649405396825394,96.75648002886005,49,0.12,18.44,0.59,0.12214333333333333,71.96,18.761587222222232,1.92,1977,0.5894938891057763,3858
Jordan,2022,JOR,Middle East and North Africa,35.43765373015875,95.6884075319125,47,0.12,16.442999404761903,0.5978033333333344,0.11362666666666668,80.90146333333335,21.705178888888895,1.36,1978,0.6013443488397263,3675
Kazakhstan,2000,KAZ,Europe and Central Asia,48.51,63.1,30,0.1,12.75,0.56,0.34,93.7,36.03,1.5,1979,0.5914432954150057,3835
Kazakhstan,2001,KAZ,Europe and Central Asia,42.71,63.37,27,0.1,10.43,0.56,0.34,92.507805,34.07,1.66,1980,0.6039615025233375,3630
Kazakhstan,2002,KAZ,Europe and Central Asia,45.9,64.93,30,0.09,9.33,0.57,0.34,93.28563333333334,36.11,2.26,1981,0.5972187388828237,3750
Kazakhstan,2003,KAZ,Europe and Central Asia,44.55,66.5,24,0.09,8.78,0.56,0.35,94.29386999999997,38.19,0.13,1982,0.6175092179882989,3359
Kazakhstan,2004,KAZ,Europe and Central Asia,41.04,68.09,22,0.09,8.4,0.51,0.35,95.15109333333334,37.61,2.15,1983,0.6044682272564614,3618
Kazakhstan,2005,KAZ,Europe and Central Asia,34.41,69.69,26,0.09,8.13,0.54,0.35,96.02978499999999,42.39,1.55,1984,0.6113951293028931,3467
Kazakhstan,2006,KAZ,Europe and Central Asia,31.08,71.3,26,0.09,7.79,0.54,0.36,99.95,50.73,1.44,1985,0.6055061499527409,3592
Kazakhstan,2007,KAZ,Europe and Central Asia,32.77,72.93,21,0.09,7.26,0.52,0.36,100.20892833333333,52.77,2.2,1986,0.5923890945390676,3825
Kazakhstan,2008,KAZ,Europe and Central Asia,24.47,74.57,22,0.09,6.63,0.53,0.36,98.98921666666666,49.01,1.55,1987,0.6132200808494825,3442
Kazakhstan,2009,KAZ,Europe and Central Asia,22.91,76.22,27,0.09,6.55,0.54,0.36,97.53172333333333,45.24,1.2,1988,0.6274732568127698,3077
Kazakhstan,2010,KAZ,Europe and Central Asia,27.3,77.88,29,0.08,5.77,0.54,0.36,98.48,43.6,1.31,1989,0.6301797015941564,2984
Kazakhstan,2011,KAZ,Europe and Central Asia,24.6,79.56,27,0.08,5.39,0.51,0.36,99.91,40,0.75,1990,0.6462906618484551,2369
Kazakhstan,2012,KAZ,Europe and Central Asia,27.82,81.25,28,0.08,5.29,0.52,0.36,102.21,44.71,1.15,1991,0.634513222453965,2843
Kazakhstan,2013,KAZ,Europe and Central Asia,25.96,82.91,26,0.08,5.2,0.52,0.37,102.87,48.32,1.62,1992,0.6243174409065146,3190
Kazakhstan,2014,KAZ,Europe and Central Asia,23.8,84.49,29,0.08,5.06,0.5,0.37,106.59,49.45,0.67,1993,0.640950491282478,2600
Kazakhstan,2015,KAZ,Europe and Central Asia,32.1,86.08,28,0.08,4.93,0.48,0.37,110.3,54.5,1.61,1994,0.6201060637255374,3309
Kazakhstan,2016,KAZ,Europe and Central Asia,35.67,87.69,29,0.08,4.96,0.53,0.37,113.25,52.89,2.24,1995,0.6098918263047962,3500
Kazakhstan,2017,KAZ,Europe and Central Asia,33.14,89.3,31,0.07,4.9,0.53,0.36,114.2,53.59,1.76,1996,0.6172191516770614,3365
Kazakhstan,2018,KAZ,Europe and Central Asia,33.47,89.31,31,0.08,4.85,0.53,0.36,114.24,52.64,0.64,1997,0.632248085938521,2917
Kazakhstan,2019,KAZ,Europe and Central Asia,33.86,89.32,34,0.08,4.8,0.53,0.36,113.23,50.99,1.49,1998,0.6276844581853891,3073
Kazakhstan,2020,KAZ,Europe and Central Asia,27.48,89.33,38,0.08,4.89,0.53,0.3607990476190476,103.75,47.185329545454536,2.85,1999,0.6200131296243329,3312
Kazakhstan,2021,KAZ,Europe and Central Asia,29.78444361111113,83.55183593073592,37,0.09,5.16,0.53,0.357185714285714,103.83807666666662,44.63642121212119,1.47,2000,0.638907225899159,2682
Kazakhstan,2022,KAZ,Europe and Central Asia,29.781053611111123,83.51961547619047,36,0.11,6.36202713956901,0.5342238048552757,0.3561140476190475,104.07428333333331,40.81858333333334,2.71,2001,0.6246408511791323,3182
Kenya,2000,KEN,Sub-Saharan Africa,46.79,23.37,21,0.22,3.13,0.65,0.28,38.78,4.34,0.52,2002,0.6356635913511873,2793
Kenya,2001,KEN,Sub-Saharan Africa,46.08,23.84,20,0.22,3.07,0.65,0.28,39.89,4.35,0.6,2003,0.635337272668759,2814
Kenya,2002,KEN,Sub-Saharan Africa,44.33,24.31,19,0.24,3.09,0.65,0.28,40.51,3.99,0.73,2004,0.636694523021148,2762
Kenya,2003,KEN,Sub-Saharan Africa,45.01,24.79,19,0.28,3.04,0.65,0.29,42.54,4.34,0.88,2005,0.6392451310080625,2673
Kenya,2004,KEN,Sub-Saharan Africa,44.21,25.27,21,0.28,3,0.65,0.29,46.43,4.29,0.65,2006,0.6452310139207291,2416
Kenya,2005,KEN,Sub-Saharan Africa,44.96,25.75,21,0.3,2.97,0.65,0.29,46.99,4.34,0.76,2007,0.645661553325653,2395
Kenya,2006,KEN,Sub-Saharan Africa,38.43,26.23,22,0.28,2.94,0.65,0.29,48.77,4.17,0.89,2008,0.6490245427187313,2277
Kenya,2007,KEN,Sub-Saharan Africa,35.77,26.71,21,0.28,2.92,0.64,0.3,50.77,5.17,0.63,2009,0.6540098430787817,2132
Kenya,2008,KEN,Sub-Saharan Africa,33.46,27.19,21,0.24,2.98,0.64,0.31,56.59,4.84,0.82,2010,0.6534218377885759,2146
Kenya,2009,KEN,Sub-Saharan Africa,31.51,27.68,22,0.24,2.92,0.63,0.32,56.76,4.84,1.29,2011,0.6528625803568074,2158
Kenya,2010,KEN,Sub-Saharan Africa,30.18,28.16,21,0.29,2.85,0.63,0.32,48.511086666666664,4.52,1.11,2012,0.6560025475760903,2064
Kenya,2011,KEN,Sub-Saharan Africa,30.97,28.65,22,0.29,2.86,0.62,0.33,46.99696,4.56,1.14,2013,0.6572857449295098,2020
Kenya,2012,KEN,Sub-Saharan Africa,31.6,29.14,27,0.29,2.84,0.61,0.33,44.42012166666668,4.8,1.03,2014,0.6625451495071691,1869
Kenya,2013,KEN,Sub-Saharan Africa,32.13,29.64,27,0.35,2.83,0.61,0.34,45.337205000000004,4.76,0.93,2015,0.6692132241118159,1691
Kenya,2014,KEN,Sub-Saharan Africa,29.22,30.13,25,0.36,2.8,0.6,0.35,46.26147166666667,4.7,1.02,2016,0.6712789113974037,1643
Kenya,2015,KEN,Sub-Saharan Africa,26.9,30.63,25,0.36,2.77,0.6,0.35,47.17340000000002,4.62,1.16,2017,0.6717797783496378,1627
Kenya,2016,KEN,Sub-Saharan Africa,25,31.13,26,0.36,2.76,0.6,0.36,46.49779833333335,4.62,1.24,2018,0.6732501477733097,1593
Kenya,2017,KEN,Sub-Saharan Africa,23.28,31.63,28,0.34,3.52,0.6,0.36,49.898240000000015,4.51,1.5,2019,0.6712611164910188,1644
Kenya,2018,KEN,Sub-Saharan Africa,23.37,32.13,27,0.33,4.24,0.6,0.36,47.49240333333335,4.6,0.68,2020,0.6753895835131221,1534
Kenya,2019,KEN,Sub-Saharan Africa,24.3,32.55,28,0.32,5.01,0.6,0.37,48.393114999999995,4.55,1.62,2021,0.6636688420907537,1840
Kenya,2020,KEN,Sub-Saharan Africa,24.06,32.98,31,0.33,5.62,0.6,0.34253499999999976,50.64159166666666,4.90425738095238,1.34,2022,0.668212463735745,1719
Kenya,2021,KEN,Sub-Saharan Africa,26.156719999999996,34.08439500000001,30,0.33,5.64,0.6,0.33432166666666663,54.99168333333332,4.778648571428571,1.42,2023,0.6669797336606194,1741
Kenya,2022,KEN,Sub-Saharan Africa,25.630820952380958,32.06953666666667,32,0.36,4.673626626811594,0.5993025,0.34033333333333315,52.44999333333334,4.8186333333333335,1.28,2024,0.6747990493881415,1555
Kiribati,2000,KIR,East Asia and Pacific,0.15,53.56,30.324333333333335,0.26402231546742583,3.6636633461222208,0.5834787388370593,0.27967857142857133,63.53,17.02218071428571,0.13,2025,0.6877478915043086,1184
Kiribati,2001,KIR,East Asia and Pacific,0.1,54.5,29.806666666666665,0.29008481546742576,4.202053358826909,0.5775678153161359,0.2762352380952379,77.53,17.264054047619044,0.41,2026,0.6922149680556752,1087
Kiribati,2002,KIR,East Asia and Pacific,0.11,55.28,29.8495,0.2762839821340925,4.183215166186215,0.5764967547100752,0.27757857142857123,82.52,17.31467238095238,0.51,2027,0.6922882471099794,1082
Kiribati,2003,KIR,East Asia and Pacific,0.12,56.06,29.749666666666663,0.27598489483250527,4.180208499519548,0.5770234213767419,0.2784719047619046,88.43,17.80673404761905,0.59,2028,0.693306681912623,1058
Kiribati,2004,KIR,East Asia and Pacific,0.1,56.84,29.82966666666666,0.27598489483250527,4.248220999519549,0.5744717547100752,0.2787969047619046,88.98,18.647225714285714,0.6017381878256759,2029,0.6929552748809802,1066
Kiribati,2005,KIR,East Asia and Pacific,0.12,57.62,30.156666666666666,0.27398489483250527,4.080637281570832,0.5783067547100752,0.28001357142857125,89.03,17.82955904761905,0.5931514021113905,2030,0.6942991436286645,1030
Kiribati,2006,KIR,East Asia and Pacific,0.1,58.57,30.453666666666663,0.27964239483250525,4.008523055698665,0.5746334213767418,0.2804635714285712,87.91,18.544384047619047,0.57,2031,0.6952136885375941,1000
Kiribati,2007,KIR,East Asia and Pacific,0.1,59.66,33,0.2764543392769497,3.8503246932278024,0.5762400880434086,0.28258857142857124,87.99,18.57504738095238,0.55,2032,0.698442687451251,922
Kiribati,2008,KIR,East Asia and Pacific,0.08,59.56,31,0.2710589821340925,3.771901644609754,0.5750632557452718,0.28349523809523797,86.97,18.977742380952378,0.25,2033,0.6983610760329647,925
Kiribati,2009,KIR,East Asia and Pacific,0.09,59.43,28,0.2852666570980176,3.8744829136185235,0.5729711486494691,0.2795452380952379,86.1276083333333,19.497101666666666,0.6,2034,0.6918745176990929,1096
Kiribati,2010,KIR,East Asia and Pacific,0.12,59.27,32,0.2966225734039338,3.8733504953178706,0.5699828153161356,0.2802285714285713,87.07626499999995,19.067988333333332,0.31,2035,0.7015587012094017,852
Kiribati,2011,KIR,East Asia and Pacific,0.13,59.09,31,0.2923309067372671,3.943211631681507,0.5714925772208976,0.27568357142857125,86.13204499999996,19.393409999999996,0.33,2036,0.6983406338097405,926
Kiribati,2012,KIR,East Asia and Pacific,0.14,58.87,31.825166666666668,0.3093831686420291,4.271362495262369,0.5664858564416769,0.2776719047619046,85.04522166666662,19.623338333333326,0.43,2037,0.6991023286262047,910
Kiribati,2013,KIR,East Asia and Pacific,0.12,58.62,31.93183333333333,0.30869903805039844,4.379221780976654,0.5700263867447071,0.2748752380952379,84.50479333333331,18.805069999999997,0.63,2038,0.696636204009019,962
Kiribati,2014,KIR,East Asia and Pacific,0.12,58.33,32.32816666666667,0.2914816872312828,4.28116164611152,0.570590910554231,0.2740152380952379,83.7271633333333,18.79063666666666,0.77,2039,0.693530681629467,1049
Kiribati,2015,KIR,East Asia and Pacific,0.15,58.02,32.3615,0.2974530547526503,4.446480347410221,0.5662278153161356,0.2756985714285713,83.28469499999996,17.83237166666666,0.9,2040,0.6935867862743909,1047
Kiribati,2016,KIR,East Asia and Pacific,0.14,57.67,33.729,0.3071097590628329,4.644061220426093,0.5625300460853666,0.28572071428571416,85.39872999999997,20.126413333333325,1.23,2041,0.6908715749612518,1119
Kiribati,2017,KIR,East Asia and Pacific,0.11,57.27,33.95516666666666,0.30743642572949964,4.664886308145393,0.5681864746567951,0.27652357142857137,84.09738166666665,18.26222166666666,1.04,2042,0.6934692717203379,1053
Kiribati,2018,KIR,East Asia and Pacific,0.09,56.84,33.8815,0.2984667452288408,4.69045175547584,0.5681464746567949,0.2775819047619047,84.45929333333332,18.86883833333333,0.95,2043,0.6930028685433898,1065
Kiribati,2019,KIR,East Asia and Pacific,0.1,56.37,34.283,0.3065234118955074,4.764465418479503,0.569496474656795,0.279800238095238,84.05561499999997,18.73878333333333,0.95,2044,0.6938697607536543,1038
Kiribati,2020,KIR,East Asia and Pacific,0.1,55.86,36.0565,0.30786453287235654,5.260141914205998,0.5505050893550895,0.2890707142857142,84.26975166666665,20.362148333333327,1.43,2045,0.6893185015384976,1158
Kiribati,2021,KIR,East Asia and Pacific,16.05619666666666,64.34925776905499,38.14000000000001,0.30500142572949956,5.019184295158379,0.5599335188444915,0.28687571428571434,87.52985666666666,20.182386666666666,1.277516111111112,2046,0.6897985770817033,1151
Kiribati,2022,KIR,East Asia and Pacific,23.85265833333333,62.30933395953116,35.24066666666667,0.3322699971580708,5.380281351435434,0.5705986485698387,0.3039802380952381,87.59145333333333,19.709843333333342,1.2631478412966353,2047,0.6842429108489115,1268
Kosovo,2000,KOS,Europe and Central Asia,49.18616388888888,57.52096061688312,26.051722222222228,0.16,9.799145377074362,0.48,0.37006333333333324,87.00013333333332,16.47654,0.7390464792555295,2048,0.6450488080933496,2426
Kosovo,2001,KOS,Europe and Central Asia,49.08221388888887,57.48759061688312,25.710222222222225,0.16,9.78593204374103,0.48,0.37256333333333325,87.22239166666667,16.50569,0.8118161844377296,2049,0.64429445912780825,2459
Kosovo,2002,KOS,Europe and Central Asia,37.50097738095239,59.679365703879476,27.446999999999992,0.26,9.436204254272043,0.48,0.40978499999999995,84.776405,14.759298333333332,0.8744766428011198,2050,0.6688544003419,1701
Kosovo,2003,KOS,Europe and Central Asia,36.38766833333335,63.73434570387944,28.862499999999997,0.28,8.85401592093871,0.48,0.4085950000000002,88.38408666666668,15.682746666666665,0.48689378320097376,2051,0.6809543938065714,1374
Kosovo,2004,KOS,Europe and Central Asia,35.784789047619064,61.094668203879465,28.383333333333326,0.27,9.169435087605375,0.49,0.40795500000000007,86.27229666666668,15.987935,0.7402392598345554,2052,0.6732692946113681,1592
Kosovo,2005,KOS,Europe and Central Asia,35.73971666666669,61.5134997514985,28.690499999999993,0.27,8.599921607751895,0.49,0.4073133333333334,86.32781666666669,16.051803333333332,0.7844487042789997,2053,0.6753977759825618,1533
Kosovo,2006,KOS,Europe and Central Asia,36.52265000000003,65.24149237054613,29.227666666666664,0.27,8.32209212362491,0.48,0.4145050000000002,91.12337833333336,16.716961666666663,0.7540833669774127,2054,0.6799342612451243,1403
Kosovo,2007,KOS,Europe and Central Asia,36.20772500000002,66.94447189435564,29.087333333333337,0.28,8.171662659339196,0.48,0.4141333333333336,92.98175,17.197425,0.841714689339691,2055,0.6811470204474134,1367
Kosovo,2008,KOS,Europe and Central Asia,35.07685333333336,64.57215356102232,28.888000000000005,0.28,8.028860516482055,0.5,0.40047166666666667,90.18443500000004,16.688273333333328,0.7192354401295191,2056,0.6802381403952735,1400
Kosovo,2009,KOS,Europe and Central Asia,34.81478333333336,65.42377177530801,29.05083333333334,0.28,8.070572659339197,0.49,0.4054416666666667,92.2054766666667,17.563128333333328,0.6545091243332003,2057,0.6823593824352625,1329
Kosovo,2010,KOS,Europe and Central Asia,35.18512500000002,65.43529772768898,28,0.28,7.937463135529673,0.5,0.401915,91.47329000000003,17.13772166666666,0.8729611731010273,2058,0.678052881842704,1461
Kosovo,2011,KOS,Europe and Central Asia,35.370231666666676,68.00040570387944,29,0.27,8.00070062470716,0.48,0.4127200000000002,93.22648000000002,17.527659999999997,0.7115023635772181,2059,0.682672339041102,1318
Kosovo,2012,KOS,Europe and Central Asia,35.696795000000016,67.50163394563768,34,0.26,8.033219374707164,0.48,0.4118433333333334,93.45322833333336,19.046353333333332,0.7347454588153128,2060,0.6845789388138753,1256
Kosovo,2013,KOS,Europe and Central Asia,37.75388333333335,69.21170158300033,33,0.27,7.973711338992878,0.47,0.41778333333333356,95.07660000000004,17.315135,0.8022132365930911,2061,0.6864389960080336,1214
Kosovo,2014,KOS,Europe and Central Asia,32.80593166666668,69.5802480848318,33,0.3,8.186845190533493,0.48,0.4099933333333336,93.43425833333336,20.220641666666673,0.7463380156393555,2062,0.6882691963290728,1173
Kosovo,2015,KOS,Europe and Central Asia,36.511256666666675,70.26101229728603,33,0.33,8.986997917806223,0.47,0.4124516666666669,94.82097833333336,18.991491666666665,1.1203284395060307,2063,0.6836925936159264,1285
Kosovo,2016,KOS,Europe and Central Asia,37.068125,70.90862356712731,36,0.34,9.102704584472887,0.47,0.4108633333333336,94.11256000000004,19.507846666666666,1.3443511379349555,2064,0.6831277672158036,1306
Kosovo,2017,KOS,Europe and Central Asia,33.62035666666669,70.28039808483183,39,0.31,8.053200278252792,0.48,0.40203000000000017,92.28604000000003,19.80830166666667,1.1057008967597823,2065,0.6908822681151038,1118
Kosovo,2018,KOS,Europe and Central Asia,32.09449500000001,70.76497808483182,37,0.36,9.011130188065202,0.48,0.40820166666666696,92.71290166666668,20.828576666666667,1.0950199799262974,2066,0.6906875335152326,1125
Kosovo,2019,KOS,Europe and Central Asia,31.758210000000005,70.99752808483181,36,0.37,8.974863521398536,0.48,0.40767833333333364,93.7853416666667,22.52956833333333,1.1809244243707415,2067,0.6882599691962257,1174
Kosovo,2020,KOS,Europe and Central Asia,32.695800000000006,70.92960697372071,36,0.36,9.072160188065203,0.48,0.4078183333333336,93.46983000000004,21.70956166666667,1.2209639409652582,2068,0.6864630704672232,1213
Kosovo,2021,KOS,Europe and Central Asia,32.92438500000001,71.14099864038737,39,0.36,9.190453521398535,0.48,0.4025016666666669,92.23704166666668,21.497993333333334,1.077916876877385,2069,0.6904463589034096,1132
Kosovo,2022,KOS,Europe and Central Asia,32.819610000000004,71.13164364038737,41,0.36,9.291273521398535,0.4810818742368738,0.4002383333333336,92.39536333333336,21.67624166666667,1.1906754326974267,2070,0.6902651009345727,1138
Kuwait,2000,KWT,Middle East and North Africa,25.49,100,51.55216666666665,0.09,0.8,0.64,0.16,91.09,67.64,1.28,2071,0.6050420584173015,3604
Kuwait,2001,KWT,Middle East and North Africa,19.65,100,48.43169444444445,0.09,0.8,0.64,0.16,91.45,80.35,1.27,2072,0.5853621100200316,3917
Kuwait,2002,KWT,Middle East and North Africa,21.54,100,49.90156862745097,0.09,1.1,0.64,0.16,97.48419101809954,84.88,1.6,2073,0.5750810206940348,4046
Kuwait,2003,KWT,Middle East and North Africa,20.82,100,53,0.1,1.3,0.64,0.15,98.21,103.16,1.56,2074,0.5464278446742395,4283
Kuwait,2004,KWT,Middle East and North Africa,21.56,100,46,0.09,1.7,0.64,0.15,102.36,107.57,1.52,2075,0.5337023901700438,4313
Kuwait,2005,KWT,Middle East and North Africa,21.47,100,47,0.11,1.49,0.64,0.15,109.6,114.4,0.72,2076,0.5345475386946096,4310
Kuwait,2006,KWT,Middle East and North Africa,21.24,100,48,0.11,1.3,0.64,0.16,104.99,116.53,1.91,2077,0.5209584190744109,4332
Kuwait,2007,KWT,Middle East and North Africa,21.35,100,43,0.11,1.5,0.64,0.16,102.99,124.08,1.09,2078,0.5119946662377921,4336
Kuwait,2008,KWT,Middle East and North Africa,19.81,100,43,0.11,1.75,0.64,0.16,99.25,124.21,1.43,2079,0.5076046923216936,4337
Kuwait,2009,KWT,Middle East and North Africa,16.72,100,41,0.11,1.64,0.64,0.17,97.72,111.03,1.32,2080,0.531042370004504,4317
Kuwait,2010,KWT,Middle East and North Africa,14.33,100,45,0.11,1.82,0.64,0.18,97.87,107.28,2.6,2081,0.5287189560565592,4325
Kuwait,2011,KWT,Middle East and North Africa,14.01,100,46,0.11,2.03,0.64,0.18,97.05,98.57,1.37,2082,0.5551397245123326,4235
Kuwait,2012,KWT,Middle East and North Africa,14.96,100,44,0.11,2.32,0.64,0.18,96.44,101.42,1.56,2083,0.5453712368996084,4287
Kuwait,2013,KWT,Middle East and North Africa,14.49,100,43,0.11,2.62,0.64,0.18,95.07,102.78,1.35,2084,0.5431843652766765,4293
Kuwait,2014,KWT,Middle East and North Africa,13.93,100,44,0.11,2.9,0.64,0.18,93.89,99.01,1.45,2085,0.5481897480476513,4267
Kuwait,2015,KWT,Middle East and North Africa,13.7,100,49,0.11,2.2,0.64,0.17,97.83,105.96,2.1,2086,0.5364664661230015,4306
Kuwait,2016,KWT,Middle East and North Africa,13.28,100,41,0.11,2.16,0.64,0.17,98.57667508403358,109.68,1.7,2087,0.5298713007818923,4321
Kuwait,2017,KWT,Middle East and North Africa,12.93,100,39,0.1,2.2,0.64,0.17,98.58544794117643,109.1,1.96,2088,0.5265205730822081,4328
Kuwait,2018,KWT,Middle East and North Africa,10.65,100,41,0.1,2.16,0.64,0.16,99.5411046078431,104.52,2.36,2089,0.5324686005077315,4315
Kuwait,2019,KWT,Middle East and North Africa,10.72,100,40,0.11,2.16,0.64,0.16,99.34255841736693,105.85,1.9,2090,0.5347035619924416,4309
Kuwait,2020,KWT,Middle East and North Africa,9.13,100,42,0.11,3.33,0.64,0.1649305398523046,98.81029380952376,96.77000590681251,1.98,2091,0.546890656683564,4280
Kuwait,2021,KWT,Middle East and North Africa,17.064369218004227,97.81792999999999,43,0.09,2.82,0.64,0.1482107978279031,99.80160999999997,71.08667001779813,2.68,2092,0.5776013847314222,4015
Kuwait,2022,KWT,Middle East and North Africa,32.54752965367966,92.94488108058611,42,0.1,4.031411170684642,0.6328033333333337,0.15759238095238104,90.59111999999999,32.23953166666667,2.28,2093,0.6251615064736765,3170
Kyrgyzstan,2000,KGZ,Europe and Central Asia,51.65,46.04,23.25216666666667,0.15,1.98,0.49,0.33,84.75,5.04,1.13,2094,0.664547331340173,1804
Kyrgyzstan,2001,KGZ,Europe and Central Asia,53.16,46.04,23.130499999999998,0.14,2.08,0.5,0.33,85.71,4.77,1.5,2095,0.6579279904735192,1999
Kyrgyzstan,2002,KGZ,Europe and Central Asia,51.66,46.32,22.379833333333337,0.14,2.11,0.5,0.33,84.8,5.33,1.48,2096,0.6578675665933948,2003
Kyrgyzstan,2003,KGZ,Europe and Central Asia,51.08,46.61,21,0.14,2.28,0.49,0.32,89.81,6.11,0.49,2097,0.6676780543995766,1728
Kyrgyzstan,2004,KGZ,Europe and Central Asia,46.6,46.9,22,0.14,2.38,0.55,0.32,88.28,7,1.57,2098,0.6545658171769083,2105
Kyrgyzstan,2005,KGZ,Europe and Central Asia,42.57,48.6,23,0.19,2.38,0.54,0.32,86.58,7.73,1.21,2099,0.6672374883839176,1736
Kyrgyzstan,2006,KGZ,Europe and Central Asia,39.18,50.33,22,0.2,2.51,0.57,0.31,86.49,9.6,1.68,2100,0.659084550280708,1964
Kyrgyzstan,2007,KGZ,Europe and Central Asia,42.91,52.09,21,0.19,2.68,0.53,0.32,86.22,7.43,1.74,2101,0.6601607186216701,1931
Kyrgyzstan,2008,KGZ,Europe and Central Asia,48.68,53.87,18,0.19,2.77,0.52,0.32,83.90315333333334,7.88,1.04,2102,0.6607521213157588,1913
Kyrgyzstan,2009,KGZ,Europe and Central Asia,38.59,55.68,19,0.18,2.79,0.52,0.33,86.84,10.18,1.03,2103,0.6679588773433041,1724
Kyrgyzstan,2010,KGZ,Europe and Central Asia,43.09,57.52,20,0.24,2.83,0.51,0.32,87.58,9.35,1.4,2104,0.6690275282687359,1697
Kyrgyzstan,2011,KGZ,Europe and Central Asia,43.54,59.4,21,0.3,3.02,0.49,0.32,87.5,9.9,1.27,2105,0.6778626272033541,1466
Kyrgyzstan,2012,KGZ,Europe and Central Asia,43.24,61.32,24,0.3,3.03,0.49,0.32,88.37,11.2,0.35,2106,0.6907286171610086,1124
Kyrgyzstan,2013,KGZ,Europe and Central Asia,46.42,63.28,24,0.28,3.3,0.49,0.31,89.03,11.37,1.43,2107,0.6736059076468502,1583
Kyrgyzstan,2014,KGZ,Europe and Central Asia,56.32,65.27,27,0.27,3.28,0.47,0.32,90.85,11.34,0.54,2108,0.6802685480207539,1399
Kyrgyzstan,2015,KGZ,Europe and Central Asia,54.54,67.29,28,0.28,3.38,0.5,0.32,91.07,11.28,1.55,2109,0.6703319703100835,1659
Kyrgyzstan,2016,KGZ,Europe and Central Asia,57.21,69.33,28,0.27,3.48,0.49,0.31,93.83,10.18,1.9,2110,0.6649390241439221,1791
Kyrgyzstan,2017,KGZ,Europe and Central Asia,56.38,69.75,29,0.27,3.59,0.5,0.3,93.89,10.23,1.48,2111,0.6701613790457236,1667
Kyrgyzstan,2018,KGZ,Europe and Central Asia,46.62,70.18,29,0.27,3.67,0.51,0.3,95.05,11.08,1.28,2112,0.6795754654679587,1413
Kyrgyzstan,2019,KGZ,Europe and Central Asia,46.18,70.62,30,0.25,4.25,0.54,0.3,96.37,12.56,1.68,2113,0.6685263684412275,1712
Kyrgyzstan,2020,KGZ,Europe and Central Asia,45.91,71.47,31,0.22,4.63,0.54,0.31938999999999984,98.08,14.45389666666666,1.43,2114,0.6688404216092705,1702
Kyrgyzstan,2021,KGZ,Europe and Central Asia,43.35982595238096,73.77359476190476,27,0.22,4.77,0.54,0.3309983333333332,100.32,15.789428333333326,1.42,2115,0.6671391465453688,1738
Kyrgyzstan,2022,KGZ,Europe and Central Asia,38.418786666666676,78.17226256410257,27,0.2,5.876153411920326,0.5389776923076923,0.3553049999999998,100.21084833333335,33.355309761904785,2.62,2116,0.630638123626143,2972
Laos,2000,LAO,East Asia and Pacific,44.78,7.44,26.849166666666655,0.09,2.04,0.58,0.23,34.14,4.39,0.09,2117,0.6350861364633198,2824
Laos,2001,LAO,East Asia and Pacific,43.97,10.04,27.49666666666666,0.09,1.91,0.58,0.23,35.97,4.24,0.77,2118,0.6326088885629814,2906
Laos,2002,LAO,East Asia and Pacific,49.67,12.86,25.89583333333333,0.09,1.78,0.58,0.24,38.69,4.3,0.66,2119,0.6313156966484434,2952
Laos,2003,LAO,East Asia and Pacific,54.76,15.91,26.66316666666667,0.09,1.64,0.58,0.24,41.42,4.37,1.04,2120,0.6273401907563557,3080
Laos,2004,LAO,East Asia and Pacific,47.26,19.19,25.90249999999999,0.09,1.5,0.58,0.24,43.23,4.43,0.48,2121,0.638081298136385,2708
Laos,2005,LAO,East Asia and Pacific,43.72,22.6,33,0.09,1.35,0.58,0.25,43.64,4.39,0.96,2122,0.6435900314656571,2490
Laos,2006,LAO,East Asia and Pacific,41.08,26.08,26,0.09,1.19,0.58,0.25,42.81,4.66,0.93,2123,0.6408681047748545,2605
Laos,2007,LAO,East Asia and Pacific,34.91,29.74,19,0.09,1.09,0.58,0.26,43.38,4.88,0.65,2124,0.6429520781648403,2513
Laos,2008,LAO,East Asia and Pacific,31.38,33.6,20,0.09,0.96,0.58,0.26,44.16,5.07,0.33,2125,0.6495716452600623,2260
Laos,2009,LAO,East Asia and Pacific,26.88,37.66,20,0.1,0.85,0.58,0.26,45.44,5.58,0.7,2126,0.6510461602610301,2212
Laos,2010,LAO,East Asia and Pacific,35.96,41.89,21,0.1,0.71,0.58,0.26,46.96,5.69,1.43,2127,0.6419588698931422,2549
Laos,2011,LAO,East Asia and Pacific,52.6,46.32,22,0.1,1.07,0.58,0.27,45.78,6.02,0.21,2128,0.6427923648818116,2519
Laos,2012,LAO,East Asia and Pacific,48.63,50.93,21,0.1,1.42,0.58,0.27,49.03,6.49,1.05,2129,0.6385981107729514,2691
Laos,2013,LAO,East Asia and Pacific,48.7,55.71,26,0.1,1.77,0.58,0.26,53.21,7.22,1.22,2130,0.6413445308352771,2577
Laos,2014,LAO,East Asia and Pacific,50.88,60.67,25,0.1,2.15,0.59,0.26,58.92,7.3,0.84,2131,0.6435610070011439,2491
Laos,2015,LAO,East Asia and Pacific,45.37,65.81,25,0.1,2.52,0.59,0.26,63.43,8.93,1.5,2132,0.6410282561286889,2595
Laos,2016,LAO,East Asia and Pacific,46.44,70.91,30,0.1,2.9,0.6,0.27,66.31,11.92,1.52,2133,0.64180209577646,2554
Laos,2017,LAO,East Asia and Pacific,46.24,75.2,29,0.11,3.27,0.6,0.27,67.51,13.88,1.24,2134,0.6432402186628122,2504
Laos,2018,LAO,East Asia and Pacific,48.55,79.59,29,0.11,3.27,0.6,0.27,67.36,22.23,0.96,2135,0.6362269088808241,2774
Laos,2019,LAO,East Asia and Pacific,41.83,84.06,29,0.11,3.27,0.6,0.27,65.77,22.27,2.2,2136,0.6272825617724623,3082
Laos,2020,LAO,East Asia and Pacific,41.76,84.19,29,0.11,3.58,0.6,0.2879866666666665,62.76,21.785308333333333,1.72,2137,0.6325956493448357,2907
Laos,2021,LAO,East Asia and Pacific,43.26510976190476,78.84192107142853,30,0.13,3.64,0.6,0.2795283333333332,59.8,17.662466666666663,1.29,2138,0.6409540610470652,2599
Laos,2022,LAO,East Asia and Pacific,41.4253730952381,75.18919242521365,31,0.12,2.8905793033866716,0.5831157142857148,0.27150499999999994,74.46552833333335,13.235088333333334,1.11,2139,0.6566974932387951,2038
Latvia,2000,LVA,Europe and Central Asia,47.66,92.55,34,0.56,14.21,0.5,0.42,90.07,21.56,2.02,2140,0.653968929077767,2133
Latvia,2001,LVA,Europe and Central Asia,48.85,92.53,34,0.56,13.82,0.49,0.43,92.86,22.19,1.83,2141,0.659218332706767,1957
Latvia,2002,LVA,Europe and Central Asia,47.58,92.55,37,0.56,13.83,0.51,0.43,95.29,21.42,1.73,2142,0.6644953539578776,1806
Latvia,2003,LVA,Europe and Central Asia,48.56,92.59,38,0.58,12.06,0.51,0.43,96.54,26.16,0.25,2143,0.6880909752189615,1177
Latvia,2004,LVA,Europe and Central Asia,40.63,92.65,40,0.59,11.71,0.51,0.42,99.3,26.34,1.03,2144,0.6912491336449088,1110
Latvia,2005,LVA,Europe and Central Asia,41.69,92.71,42,0.58,10.03,0.53,0.42,102.69,25.75,1.36,2145,0.6949210513762378,1014
Latvia,2006,LVA,Europe and Central Asia,35.6,92.78,47,0.57,7.03,0.5,0.43,103.97,29.13,1.09,2146,0.7226718055958822,528
Latvia,2007,LVA,Europe and Central Asia,36.83,93.02,48,0.55,6.05,0.53,0.43,103.92,33.57,2.21,2147,0.695859240199174,979
Latvia,2008,LVA,Europe and Central Asia,37.31,93.25,50,0.58,7.74,0.52,0.46,104.9,32.36,2.4,2148,0.6940012223406861,1035
Latvia,2009,LVA,Europe and Central Asia,38.78,93.5,45,0.59,17.51,0.5,0.48,99.42,26,1.52,2149,0.6631693287365021,1853
Latvia,2010,LVA,Europe and Central Asia,37.19,93.75,43,0.59,19.48,0.48,0.47,102.82,25.76,0.7,2150,0.6641290347200632,1815
Latvia,2011,LVA,Europe and Central Asia,34.3,94,42,0.64,16.21,0.49,0.47,105.57,27.07,1.15,2151,0.6811323945058975,1369
Latvia,2012,LVA,Europe and Central Asia,37.82,94.25,49,0.64,15.05,0.5,0.46,106.34,27.94,1.41,2152,0.685901725467511,1225
Latvia,2013,LVA,Europe and Central Asia,38.47,94.51,53,0.66,11.87,0.5,0.46,114.78,27.4,1.08,2153,0.717283945069064,610
Latvia,2014,LVA,Europe and Central Asia,39.11,94.76,55,0.65,10.85,0.49,0.45,113.71,27.19,2.33,2154,0.7020745045762167,837
Latvia,2015,LVA,Europe and Central Asia,40.54,95.01,56,0.65,9.87,0.49,0.45,112.36,26.84,2.17,2155,0.7094386212906466,706
Latvia,2016,LVA,Europe and Central Asia,43.44,95.26,57,0.63,9.64,0.48,0.45,111.3,26.03,1.95,2156,0.7132740640202444,655
Latvia,2017,LVA,Europe and Central Asia,42.01,95.52,58,0.61,8.72,0.5,0.44,110.72,27.04,1.5,2157,0.722732412257146,526
Latvia,2018,LVA,Europe and Central Asia,39.34,95.78,58,0.58,7.41,0.49,0.44,109.16,29.23,2.36,2158,0.7102294744058629,692
Latvia,2019,LVA,Europe and Central Asia,35.23,96.03,56,0.58,6.31,0.49,0.44,107.6,30.92,2.46,2159,0.7114848778308686,677
Latvia,2020,LVA,Europe and Central Asia,32.09,96.29,57,0.59,8.1,0.47,0.43339666666666665,105.96,30.331885000000007,3.55,2160,0.6875409133294256,1188
Latvia,2021,LVA,Europe and Central Asia,29.794776666666667,95.95606224637682,59,0.59,7.51,0.47,0.4339516666666666,107.61333999999997,27.695031666666665,1.99,2161,0.7307428726907601,410
Latvia,2022,LVA,Europe and Central Asia,37.39991000000002,94.97075629399589,59,0.58,8.44350108320043,0.5013102380952379,0.4399233333333333,107.13946333333341,28.285183333333336,1.95,2162,0.7158149467087013,627
Lebanon,2000,LBN,Middle East and North Africa,57.79,83.1,29.46083333333333,0.13,8.32,0.62,0.21,74.50154863636364,20.61,0.54,2163,0.6176426941071478,3356
Lebanon,2001,LBN,Middle East and North Africa,54.84,83.44,28.93933333333333,0.14,8.19,0.62,0.2,75.9525003030303,21.25,1.15,2164,0.6140834474088904,3425
Lebanon,2002,LBN,Middle East and North Africa,54.12,83.79,28.548000000000002,0.14,8.09,0.62,0.2,76.30143030303032,19.99,0.83,2165,0.6195069640989749,3319
Lebanon,2003,LBN,Middle East and North Africa,52.48,84.13,30,0.14,7.99,0.62,0.19,76.69952030303033,21.14,0.63,2166,0.6223302599039217,3245
Lebanon,2004,LBN,Middle East and North Africa,48.88,84.48,27,0.14,7.85,0.62,0.19,77.86570863636366,20.16,0.65,2167,0.6244523790837301,3186
Lebanon,2005,LBN,Middle East and North Africa,47.32,84.82,31,0.23,8.29,0.62,0.19,80.05420500000001,19,0.28,2168,0.6413111999921612,2578
Lebanon,2006,LBN,Middle East and North Africa,44.69,85.16,36,0.25,8.7,0.61,0.19,80.07506500000002,18.03,0.72,2169,0.646179986041735,2373
Lebanon,2007,LBN,Middle East and North Africa,44.08,85.51,30,0.25,8.98,0.65,0.2,78.65975500000002,18.14,0.73,2170,0.6354033213596441,2812
Lebanon,2008,LBN,Middle East and North Africa,44.86,85.85,30,0.25,7.67,0.65,0.2,77.25067500000002,21.84,0.99,2171,0.6322922608754794,2915
Lebanon,2009,LBN,Middle East and North Africa,44.57,86.2,25,0.26,6.35,0.64,0.2,78.48626166666668,24.53,0.84,2172,0.6337115779489838,2866
Lebanon,2010,LBN,Middle East and North Africa,43.59,86.54,25,0.27,6.84,0.65,0.2,78.83303000000002,24.46,2.35,2173,0.6153570181359364,3399
Lebanon,2011,LBN,Middle East and North Africa,40.19,86.89,25,0.27,7.38,0.65,0.2,79.09902000000002,24.41,0.66,2174,0.6350966324881047,2822
Lebanon,2012,LBN,Middle East and North Africa,37.34,87.23,30,0.27,7.83,0.66,0.2,80.57092000000002,23.97,1.05,2175,0.6357033251664285,2791
Lebanon,2013,LBN,Middle East and North Africa,36.95,87.58,28,0.28,8.28,0.65,0.21,80.59280666666669,22.13,1.26,2176,0.6354087224025385,2811
Lebanon,2014,LBN,Middle East and North Africa,35.57,87.92,27,0.28,8.77,0.65,0.21,80.74632500000003,22.16,1.05,2177,0.6359639854287895,2782
Lebanon,2015,LBN,Middle East and North Africa,32.7,88.27,28,0.28,9.26,0.65,0.21,82.56607833333334,17.95,1.38,2178,0.6387884151942728,2686
Lebanon,2016,LBN,Middle East and North Africa,31.97,88.61,28,0.28,9.72,0.65,0.21,83.63841999999998,17.63,1.63,2179,0.635309335866429,2818
Lebanon,2017,LBN,Middle East and North Africa,33.07,88.96,28,0.28,10.21,0.65,0.21,83.25282833333334,17.59,1.02,2180,0.639553673474434,2659
Lebanon,2018,LBN,Middle East and North Africa,35.28,89.3,28,0.26,10.73,0.65,0.21,84.65399166666666,17.25,2.15,2181,0.622046302187649,3258
Lebanon,2019,LBN,Middle East and North Africa,36.26,89.6,28,0.25,11.3,0.65,0.22,84.75405,17.1,1.41,2182,0.627981836078782,3064
Lebanon,2020,LBN,Middle East and North Africa,44.2,89.6,25,0.25,12.97,0.65,0.1973254166666667,81.83924000000003,19.882363333333327,1.62,2183,0.6047694625686023,3612
Lebanon,2021,LBN,Middle East and North Africa,41.02202999999999,88.23266714285721,24,0.25,12.5,0.65,0.1929104166666667,82.33295500000003,19.81221333333334,2.04,2184,0.603084496092824,3657
Lebanon,2022,LBN,Middle East and North Africa,39.71660833333332,89.12632500000004,24,0.25,11.282954591821573,0.6396769347319342,0.18792041666666676,82.94861833333334,19.486911666666675,1.29,2185,0.6190526274386616,3332
Lesotho,2000,LSO,Sub-Saharan Africa,39.73,8.85,23.136500000000005,0.17,17,0.69,0.31,28.28,7.2,0.33,2186,0.5784523142429766,4002
Lesotho,2001,LSO,Sub-Saharan Africa,28.39,9.72,25.111833333333333,0.17,17,0.68,0.32,30.33,7.08,0.59,2187,0.5865445010831255,3901
Lesotho,2002,LSO,Sub-Saharan Africa,29.22,10.61,25.483166666666666,0.25,17.06,0.67,0.32,31.85,6.62,0.62,2188,0.5939114241605735,3806
Lesotho,2003,LSO,Sub-Saharan Africa,32.47,11.53,27.314333333333337,0.3,16.95,0.67,0.32,33.15,7.18,0.78,2189,0.5961199949515597,3769
Lesotho,2004,LSO,Sub-Saharan Africa,31.5,12.46,27.11566666666667,0.3,17.02,0.66,0.32,35.97,7.4,0.83,2190,0.5978855976339422,3735
Lesotho,2005,LSO,Sub-Saharan Africa,34.39,13.42,34,0.37,16.97,0.66,0.32,38.52,7.8,0.89,2191,0.6065782266898296,3572
Lesotho,2006,LSO,Sub-Saharan Africa,30.02,14.41,32,0.37,16.94,0.66,0.32,40.06,7.84,0.36,2192,0.6133721933763624,3439
Lesotho,2007,LSO,Sub-Saharan Africa,24.66,15.37,33,0.35,16.93,0.65,0.32,43.27,8.14,0.66,2193,0.6154429413466564,3398
Lesotho,2008,LSO,Sub-Saharan Africa,22.37,16.35,32,0.34,16.88,0.65,0.32,46.44,8.3,0.36,2194,0.619390455850774,3323
Lesotho,2009,LSO,Sub-Saharan Africa,20.12,17.35,33,0.34,17.05,0.65,0.32,50.93,9.28,0.42,2195,0.6210002062112476,3286
Lesotho,2010,LSO,Sub-Saharan Africa,20.56,18.37,35,0.34,16.87,0.64,0.32,56.26,10.78,1.03,2196,0.6192613728084355,3329
Lesotho,2011,LSO,Sub-Saharan Africa,17.6,19.42,35,0.34,16.87,0.64,0.32,59.76,11.64,0.33,2197,0.628158614237907,3057
Lesotho,2012,LSO,Sub-Saharan Africa,18.07,20.41,45,0.35,16.81,0.64,0.32,62.18,11.2,0.66,2198,0.6354545594381646,2809
Lesotho,2013,LSO,Sub-Saharan Africa,15.87,21.42,49,0.38,16.92,0.63,0.32,60.41,10.44,0.87,2199,0.6409178157175767,2603
Lesotho,2014,LSO,Sub-Saharan Africa,15.3,22.45,49,0.38,16.9,0.63,0.32,60.22,10.2,1.09,2200,0.6394311964977522,2669
Lesotho,2015,LSO,Sub-Saharan Africa,15.84,23.5,44,0.37,16.85,0.63,0.33,60.68,9.83,1.53,2201,0.6314264276584755,2947
Lesotho,2016,LSO,Sub-Saharan Africa,16.51,24.56,39,0.36,16.83,0.62,0.33,58.52,9.5,2.02,2202,0.6218807118526039,3261
Lesotho,2017,LSO,Sub-Saharan Africa,16.49,25.64,42,0.33,16.99,0.62,0.33,62.01,9.86,1.22,2203,0.6315280286185732,2942
Lesotho,2018,LSO,Sub-Saharan Africa,14.28,26.74,41,0.38,16.92,0.62,0.33,65.39,9.54,1.1,2204,0.6393263920596577,2671
Lesotho,2019,LSO,Sub-Saharan Africa,14.03,27.87,40,0.39,16.88,0.62,0.33,64.08,9.66,1.67,2205,0.6328111975607578,2899
Lesotho,2020,LSO,Sub-Saharan Africa,14.55,29.02,41,0.4,18.46,0.62,0.32802833333333303,63.19260666666665,11.182965357142855,0.79,2206,0.6340836924051999,2856
Lesotho,2021,LSO,Sub-Saharan Africa,17.107856666666653,31.008087106227098,38,0.39,18.29,0.62,0.32961999999999975,63.283881666666694,11.15173369047619,1.2,2207,0.6269592182214018,3095
Lesotho,2022,LSO,Sub-Saharan Africa,22.735960000000006,31.300591945162665,37,0.4,15.426953544372303,0.6072508333333331,0.3266199999999998,61.30904666666668,6.908150357142856,1.37,2208,0.6411218017977047,2585
Liberia,2000,LBR,Sub-Saharan Africa,70.1,7.38,21.264,0.17,2.12,0.56,0.24,35.94,1.61,0.56,2209,0.6216907875142219,3268
Liberia,2001,LBR,Sub-Saharan Africa,59.23,7.49,23.194666666666667,0.17,2.2,0.56,0.25,26.813794999999995,1.53,0.51,2210,0.6284046906825367,3047
Liberia,2002,LBR,Sub-Saharan Africa,63.97,7.6,22.116166666666672,0.17,2.21,0.56,0.25,29.362238333333334,1.49,0.88,2211,0.6223614126444272,3243
Liberia,2003,LBR,Sub-Saharan Africa,66.06,7.72,21.585000000000004,0.16,2.26,0.56,0.23,28.84550666666668,1.46,0.94,2212,0.6179641041939526,3351
Liberia,2004,LBR,Sub-Saharan Africa,78.38,7.83,20.9625,0.16,2.23,0.56,0.22,29.119653333333346,1.43,0.91,2213,0.6086716623952749,3526
Liberia,2005,LBR,Sub-Saharan Africa,73.69,7.94,22,0.17,2.23,0.56,0.22,29.381850000000004,1.4,1.11,2214,0.6119840796175355,3456
Liberia,2006,LBR,Sub-Saharan Africa,70.02,8.35,22.89283333333334,0.35,2.23,0.56,0.22,28.59501166666668,1.38,1.12,2215,0.6271263405583435,3090
Liberia,2007,LBR,Sub-Saharan Africa,69.34,8.77,21,0.36,2.23,0.56,0.22,30.500845000000005,1.34,1.04,2216,0.6283997429884901,3048
Liberia,2008,LBR,Sub-Saharan Africa,63.32,9.21,24,0.36,2.25,0.55,0.21,33.202026666666676,1.29,1.13,2217,0.6357890126648374,2785
Liberia,2009,LBR,Sub-Saharan Africa,49.34,9.65,31,0.36,2.26,0.55,0.21,34.247175,1.24,1.37,2218,0.6496381843147006,2255
Liberia,2010,LBR,Sub-Saharan Africa,50.87,10.11,33,0.37,2.27,0.55,0.21,37.26167166666666,1.2,1.42,2219,0.6516686431245988,2191
Liberia,2011,LBR,Sub-Saharan Africa,48.2,10.57,32,0.37,2.21,0.54,0.21,46.36,1.17,1.1,2220,0.6609934314199102,1908
Liberia,2012,LBR,Sub-Saharan Africa,45.27,11.05,41,0.36,2.16,0.54,0.21,43.15816499999999,1.15,0.87,2221,0.6708302802189532,1651
Liberia,2013,LBR,Sub-Saharan Africa,48.11,11.55,38,0.35,2.11,0.54,0.2,38.784156666666675,1.13,0.98,2222,0.6622498881324819,1876
Liberia,2014,LBR,Sub-Saharan Africa,51.15,12.05,37,0.35,2.08,0.53,0.2,38.57,1.1,0.93,2223,0.6607564328599007,1912
Liberia,2015,LBR,Sub-Saharan Africa,46.69,12.57,37,0.35,2.58,0.54,0.2,37.9,1.09,1.29,2224,0.6582136154757934,1989
Liberia,2016,LBR,Sub-Saharan Africa,46.88,13.11,37,0.35,3.08,0.55,0.2,39.418876666666684,1.08,1.41,2225,0.6554743207541626,2074
Liberia,2017,LBR,Sub-Saharan Africa,44.01,13.66,31,0.35,3.04,0.55,0.2,38.325501666666675,1.06,1.54,2226,0.6511740624889721,2207
Liberia,2018,LBR,Sub-Saharan Africa,43.41,14.23,32,0.34,3.03,0.55,0.2,38.50304333333334,1.04,1.31,2227,0.654341263216801,2114
Liberia,2019,LBR,Sub-Saharan Africa,54.36,14.44,28,0.34,3.02,0.55,0.19,37.979875,1.03,1.49,2228,0.6409208931765057,2602
Liberia,2020,LBR,Sub-Saharan Africa,46.92,14.53,28,0.35,3.84,0.55,0.23073833333333343,39.7,2.0888611904761905,1.59,2229,0.6462142051139453,2372
Liberia,2021,LBR,Sub-Saharan Africa,46.649325000000005,19.270647261904763,29,0.35,3.67,0.55,0.22956666666666667,46.43632833333334,3.7026411904761902,1.47,2230,0.6516078167294388,2193
Liberia,2022,LBR,Sub-Saharan Africa,38.827906666666664,21.700702023809527,26,0.35,3.5429556659185066,0.55505797036297,0.2934083333333331,48.66971999999999,3.809405,1.56,2231,0.6587283619459811,1973
Libya,2000,LBY,Middle East and North Africa,51.29,75.49,25.963142857142856,0.04,19.81,0.56,0.21,87.18389452380953,26.41,0.31,2232,0.5661358933610081,4149
Libya,2001,LBY,Middle East and North Africa,45.53,76.27,25.066142857142854,0.04,19.81,0.56,0.21,89.10562333333333,23.98,1.29,2233,0.5642397612040781,4163
Libya,2002,LBY,Middle East and North Africa,33.09,77.05,24.45408225108225,0.04,19.75,0.56,0.22,107.59,21.57,0.91,2234,0.5848517206290672,3924
Libya,2003,LBY,Middle East and North Africa,33.76,77.83,21,0.04,19.57,0.56,0.22,103.88,17.15,0.95,2235,0.5869404810463528,3894
Libya,2004,LBY,Middle East and North Africa,34.21,78.61,25,0.04,19.61,0.55,0.22,93.34841666666662,15.07,0.75,2236,0.5919208776339018,3831
Libya,2005,LBY,Middle East and North Africa,35.35,79.39,25,0.04,19.49,0.55,0.23,92.45,15.52,0.72,2237,0.5920216032942938,3830
Libya,2006,LBY,Middle East and North Africa,34.63,80.17,27,0.04,19.49,0.55,0.23,97.9,17.06,0.81,2238,0.5929847673952584,3819
Libya,2007,LBY,Middle East and North Africa,33.44,80.95,25,0.04,19.44,0.55,0.23,93.33211999999992,15.1,0.86,2239,0.5931113819713107,3814
Libya,2008,LBY,Middle East and North Africa,32.27,81.73,26,0.04,19.43,0.55,0.23,96.01671499999993,17.29,0.88,2240,0.5926908628546577,3822
Libya,2009,LBY,Middle East and North Africa,31.1,82.51,25,0.04,19.41,0.54,0.23,94.5879716666666,16.85,0.76,2241,0.5949791401816807,3786
Libya,2010,LBY,Middle East and North Africa,29.97,83.29,22,0.04,19.31,0.54,0.23,92.32918833333332,17.88,2.07,2242,0.579056164064699,3990
Libya,2011,LBY,Middle East and North Africa,36.67,84.07,20,0.1,19.45,0.54,0.24,85.67288166666664,11.01,0.82,2243,0.5972349593058386,3748
Libya,2012,LBY,Middle East and North Africa,37.619251666666656,84.85,21,0.22,19.03,0.53,0.24,88.11446499999997,17,0.77,2244,0.6046527527446075,3615
Libya,2013,LBY,Middle East and North Africa,39.61936166666667,85.63,15,0.32,19.46,0.54,0.24,86.85678666666664,17.16,1.24,2245,0.597887319435792,3734
Libya,2014,LBY,Middle East and North Africa,38.26889250000001,86.41,18,0.18,19.61,0.54,0.25,86.68712166666664,16.07,1.24,2246,0.5917576076738911,3832
Libya,2015,LBY,Middle East and North Africa,40.04269666666667,87.18,16,0.18,19.52,0.55,0.25,84.94743833333332,14.95,0.71,2247,0.594536006494902,3792
Libya,2016,LBY,Middle East and North Africa,39.21357583333334,87.96,14,0.18,19.52,0.55,0.25,87.59294333333334,15.1,1.59,2248,0.5856665521568984,3911
Libya,2017,LBY,Middle East and North Africa,39.722219047619035,88.74,17,0.17,19.29,0.54,0.25,86.65665499999997,15.74,0.53,2249,0.5981982275619672,3723
Libya,2018,LBY,Middle East and North Africa,38.779187500000006,89.52,17,0.17,19.45,0.54,0.25,87.50446166666664,13.73,1.74,2250,0.5890382400831974,3862
Libya,2019,LBY,Middle East and North Africa,38.57487666666666,89.52,18,0.17,19.61,0.54,0.25,86.92361333333331,13.1,0.92,2251,0.5979248601377141,3732
Libya,2020,LBY,Middle East and North Africa,37.42654833333332,89.52,17,0.17,20.34,0.54,0.24802241228070174,87.23254333333333,14.939226666666658,1.17,2252,0.5897852144471969,3853
Libya,2021,LBY,Middle East and North Africa,35.904065833333334,86.35516818181819,17,0.18,20.61,0.54,0.24039741228070174,86.16069666666664,16.17286333333333,1.92,2253,0.579874699760345,3977
Libya,2022,LBY,Middle East and North Africa,41.87125166666666,87.65812619047618,17,0.16,18.05044548257297,0.5663990696803197,0.1971969956140351,83.93315666666666,15.993063333333332,0.56,2254,0.5943753844855475,3795
Lithuania,2000,LTU,Europe and Central Asia,27.15,78.74,41,0.61,15.93,0.46,0.46,96.92,18.72,2.03,2255,0.679411998749579,1420
Lithuania,2001,LTU,Europe and Central Asia,27.59,79.66,48,0.61,16.84,0.47,0.47,99.62,18.41,1.8,2256,0.6850930307051915,1243
Lithuania,2002,LTU,Europe and Central Asia,25.6,80.58,48,0.6,13.01,0.46,0.45,102.29,21.27,1.92,2257,0.7037303559278878,811
Lithuania,2003,LTU,Europe and Central Asia,24.18,81.52,47,0.61,12.87,0.46,0.45,105.02,21.53,0.18,2258,0.732211894763838,393
Lithuania,2004,LTU,Europe and Central Asia,32.92,82.48,46,0.61,10.68,0.49,0.45,103.01,22.4,0.88,2259,0.7221667897943019,536
Lithuania,2005,LTU,Europe and Central Asia,32.78,83.47,48,0.6,8.32,0.49,0.44,104.5,23.25,1.21,2260,0.7294496340683826,424
Lithuania,2006,LTU,Europe and Central Asia,31.86,84.5,48,0.59,5.78,0.47,0.43,107,25.54,0.92,2261,0.7447952138643054,284
Lithuania,2007,LTU,Europe and Central Asia,28.4,85.55,48,0.59,4.25,0.49,0.42,106.93,28.58,2.2,2262,0.7228978560126804,522
Lithuania,2008,LTU,Europe and Central Asia,28.17,86.6,46,0.6,5.83,0.5,0.43,106.11,27.94,2.22,2263,0.7160468235591707,623
Lithuania,2009,LTU,Europe and Central Asia,26.82,87.64,49,0.62,13.79,0.5,0.49,104.76,22.51,1.4,2264,0.7075428605353401,745
Lithuania,2010,LTU,Europe and Central Asia,27.59,88.68,50,0.62,17.81,0.47,0.5,105.07,22.54,0.77,2265,0.6956553786631076,986
Lithuania,2011,LTU,Europe and Central Asia,28.22,89.75,48,0.62,15.39,0.47,0.48,106.01,26,0.96,2266,0.7015652245742114,851
Lithuania,2012,LTU,Europe and Central Asia,31.8,90.86,54,0.61,13.36,0.49,0.45,106.17,25.47,1.37,2267,0.7077895559653186,742
Lithuania,2013,LTU,Europe and Central Asia,32.82,91.97,57,0.6,11.77,0.5,0.44,108.99,25.69,0.97,2268,0.7239870225685773,503
Lithuania,2014,LTU,Europe and Central Asia,31.49,93.09,58,0.63,10.7,0.53,0.44,108.18,27.31,2.24,2269,0.7052952372789539,785
Lithuania,2015,LTU,Europe and Central Asia,31.84,93.54,59,0.63,9.12,0.5,0.44,107.67,26.76,2.1,2270,0.7204130430084914,570
Lithuania,2016,LTU,Europe and Central Asia,32.32,93.99,59,0.62,7.86,0.5,0.45,107.43,26.55,1.94,2271,0.7288822279357317,437
Lithuania,2017,LTU,Europe and Central Asia,32.59,94.44,59,0.61,7.07,0.51,0.44,108.4,27.55,1.54,2272,0.7365921607387395,354
Lithuania,2018,LTU,Europe and Central Asia,31.52,94.87,59,0.61,6.15,0.5,0.43,108.24,29.06,2.43,2273,0.7217414433517578,547
Lithuania,2019,LTU,Europe and Central Asia,32.27,94.9,60,0.63,6.26,0.63,0.43,108.45,29.15,2.64,2274,0.7002517054858407,882
Lithuania,2020,LTU,Europe and Central Asia,28.69,94.92,60,0.61,8.49,0.63,0.40373333333333344,108.73,29.544921666666678,3.45,2275,0.675579526160003,1530
Lithuania,2021,LTU,Europe and Central Asia,30.109776666666694,92.36552944444442,61,0.59,7.11,0.63,0.39176833333333344,104.39704166666668,30.966288333333345,1.79,2276,0.7067457008925212,758
Lithuania,2022,LTU,Europe and Central Asia,32.042693333333354,93.23853000000003,62,0.59,7.750383359490043,0.5205635714285716,0.42564500000000005,106.29792833333335,29.53452166666667,1.96,2277,0.7216250980951551,549
Luxembourg,2000,LUX,Europe and Central Asia,14.25,100,86,0.6,2.35,0.5,0.29,97.06,137.01,1.65,2278,0.5575696293124175,4220
Luxembourg,2001,LUX,Europe and Central Asia,13.66,100,87,0.6,1.81,0.5,0.29,97.24,140.58,1.43,2279,0.5560301816758306,4227
Luxembourg,2002,LUX,Europe and Central Asia,13.86,100,90,0.6,2.62,0.48,0.29,96.26,139.85,1.39,2280,0.5575615357907465,4221
Luxembourg,2003,LUX,Europe and Central Asia,13.26,100,87,0.6,3.68,0.48,0.29,96.11,141.31,1.69,2281,0.5475889499852582,4274
Luxembourg,2004,LUX,Europe and Central Asia,12.78,100,84,0.6,5.11,0.52,0.29,95.46,146.05,1.01,2282,0.5358485978797071,4307
Luxembourg,2005,LUX,Europe and Central Asia,12.93,100,85,0.64,4.49,0.52,0.31,95.36,147.66,1.13,2283,0.538002510531448,4301
Luxembourg,2006,LUX,Europe and Central Asia,13.38,100,86,0.64,4.73,0.49,0.31,95.91,145.65,1.36,2284,0.541291119651143,4298
Luxembourg,2007,LUX,Europe and Central Asia,10.31,100,84,0.64,4.07,0.52,0.31,96.72,152.04,1.94,2285,0.5267745233706242,4327
Luxembourg,2008,LUX,Europe and Central Asia,10.06,100,83,0.64,5.06,0.51,0.32,97.48,149.95,1.28,2286,0.533269071874538,4314
Luxembourg,2009,LUX,Europe and Central Asia,9.9,100,82,0.65,5.12,0.48,0.34,102.04265499999998,142.58,1.19,2287,0.5508285031238449,4250
Luxembourg,2010,LUX,Europe and Central Asia,10.23,100,85,0.65,4.36,0.47,0.35,101.29,145.06,0.33,2288,0.5587955151452584,4210
Luxembourg,2011,LUX,Europe and Central Asia,10.88,100,85,0.65,4.9,0.47,0.35,101.02,145.57,1.34,2289,0.5472063130734629,4276
Luxembourg,2012,LUX,Europe and Central Asia,11.49,99.95,80,0.64,5.14,0.5,0.36,100.36,145.59,1.26,2290,0.5416619252435689,4296
Luxembourg,2013,LUX,Europe and Central Asia,11.22,99.9,80,0.64,5.85,0.48,0.38,102.74,144.44,0.57,2291,0.5503433943223058,4253
Luxembourg,2014,LUX,Europe and Central Asia,11.11,99.85,82,0.64,5.85,0.48,0.4,102.71,145.23,2.48,2292,0.5340797013325764,4311
Luxembourg,2015,LUX,Europe and Central Asia,10.75,99.81,85,0.64,6.67,0.45,0.38,102.32,141.57,1.53,2293,0.548852474781523,4263
Luxembourg,2016,LUX,Europe and Central Asia,10.77,99.77,81,0.64,6.29,0.47,0.37,103.67,138.2,1.88,2294,0.5490776073146719,4262
Luxembourg,2017,LUX,Europe and Central Asia,10.69,99.72,82,0.64,5.52,0.49,0.37,103.66,136.57,1.65,2295,0.5558899628186773,4229
Luxembourg,2018,LUX,Europe and Central Asia,10.47,99.69,81,0.64,5.59,0.48,0.39,104.3,132.97,2.47,2296,0.555532071523028,4231
Luxembourg,2019,LUX,Europe and Central Asia,9.62,99.69,80,0.64,5.59,0.46,0.39,104.7,132.3,2.16,2297,0.5614676389181213,4191
Luxembourg,2020,LUX,Europe and Central Asia,8.45,99.7,80,0.63,6.77,0.48,0.38829500000000017,107.18,109.38583333333331,2.63,2298,0.5940110198366154,3804
Luxembourg,2021,LUX,Europe and Central Asia,13.765988333333336,99.12824780219782,81,0.63,5.25,0.48,0.38325,111.33427333333334,95.29057499999998,1.16,2299,0.6463965653585128,2366
Luxembourg,2022,LUX,Europe and Central Asia,29.588970000000007,94.35703182539686,77,0.58,5.935202457118047,0.5223733333333334,0.4144566666666666,108.80948500000004,52.814840000000004,2.93,2300,0.6838231813044674,1280
Macao,2000,MAC,East Asia and Pacific,29.768597738095238,100,59.37775,0.27714564880075915,6.87,0.5,0.33247761904761913,83.09,40.72,0.3,2301,0.6896298616389198,1155
Macao,2001,MAC,East Asia and Pacific,31.92643773809523,100,59.758250000000004,0.2711810543919,6.39,0.51,0.3273033333333335,85.85,41.28,0.85,2302,0.6817659168310125,1344
Macao,2002,MAC,East Asia and Pacific,31.42598202380951,100,60.05408333333334,0.2718193877252334,6.27,0.53,0.32938833333333334,85.59,43.11,0.96,2303,0.6763135611791071,1503
Macao,2003,MAC,East Asia and Pacific,30.69260869047618,100,59.42141666666668,0.2752843877252334,6,0.54,0.330629761904762,85.76,43.88,0.99,2304,0.6750861297038504,1547
Macao,2004,MAC,East Asia and Pacific,31.57124551587301,100,59.41425,0.26754794083878647,4.9,0.55,0.3238680952380952,87.01,44.87,0.7,2305,0.6783490597203952,1454
Macao,2005,MAC,East Asia and Pacific,29.883872420634912,100,57.153916666666674,0.2703357979816436,4.16,0.56,0.3239080952380952,86.25,45.9,0.73,2306,0.6769365145683791,1490
Macao,2006,MAC,East Asia and Pacific,30.592665039682533,100,58.07994696969698,0.2702018877252333,3.82,0.56,0.32517809523809527,87.13,47.14,0.9,2307,0.6745761416305218,1561
Macao,2007,MAC,East Asia and Pacific,29.375811869747892,100,55.03010897435898,0.28148188772523336,3.27,0.56,0.32721642857142863,87.9,48.31,1.01,2308,0.6730393309784942,1598
Macao,2008,MAC,East Asia and Pacific,27.57978734593836,100,54,0.2880845773721877,3,0.56,0.3211780952380953,83.79,48.36,0.42,2309,0.6797493773806711,1409
Macao,2009,MAC,East Asia and Pacific,28.285524012605027,100,53,0.2889058325304281,3.58,0.56,0.3258497619047619,84.64,47.53,0.91,2310,0.6730549474445108,1597
Macao,2010,MAC,East Asia and Pacific,25.112862107843128,100,66,0.2979848353086957,2.84,0.57,0.32686595238095245,87.78,48.01,0.37,2311,0.6945555895171148,1023
Macao,2011,MAC,East Asia and Pacific,26.793322107843128,100,57,0.2923309067372671,2.56,0.56,0.3278430952380952,91.33,48.54,0.33,2312,0.6888730696425763,1163
Macao,2012,MAC,East Asia and Pacific,25.803440441176463,100,50,0.29779150197536236,1.97,0.55,0.33290119047619043,92.07,47.73,0.53,2313,0.6867054885206525,1206
Macao,2013,MAC,East Asia and Pacific,26.479200679271695,100,51,0.289367798342394,1.82,0.56,0.335975238095238,92.38,48.34,0.76,2314,0.6820098759588696,1341
Macao,2014,MAC,East Asia and Pacific,25.53633163165266,100,54.922666666666665,0.31359716342175903,1.67,0.55,0.3397569047619048,93.21,49.31,0.7,2315,0.6900107641912763,1147
Macao,2015,MAC,East Asia and Pacific,25.77561329831933,100,53.829333333333324,0.3191677352533091,1.81,0.56,0.3457735714285715,94.54,48.25,1.18,2316,0.6843892618456278,1263
Macao,2016,MAC,East Asia and Pacific,25.910494964985983,100,53.884833333333326,0.2940303777074733,1.94,0.56,0.3419011904761905,98.56,48.55,0.77,2317,0.6874088028546516,1191
Macao,2017,MAC,East Asia and Pacific,25.49214329831932,100,54.5815,0.31251761620569,1.99,0.56,0.34697785714285706,99.99,49.08,1.34,2318,0.6825830810432809,1323
Macao,2018,MAC,East Asia and Pacific,26.171553298319324,100,53.48083333333333,0.31865642572949965,1.83,0.56,0.34965023809523815,101.04,49.58,1.18,2319,0.6841930986751499,1270
Macao,2019,MAC,East Asia and Pacific,26.80224329831932,100,53.81450000000001,0.29069604802387167,1.75,0.56,0.3538635714285715,101.04,50.04,1.78,2320,0.6723013450692692,1620
Macao,2020,MAC,East Asia and Pacific,28.306624166666662,100,55.84700000000001,0.2980160480238717,2.57,0.43,0.3600592857142857,102.58,43.00931134920634,1.88,2321,0.695034470934664,1006
Macao,2021,MAC,East Asia and Pacific,27.008433914565845,90.19304833333332,47.915499999999994,0.30214919088101455,2.25,0.43,0.36903738095238103,104.93,28.386843333333317,2.02,2322,0.7087700125212648,719
Macao,2022,MAC,East Asia and Pacific,17.877174950980404,77.46123,40.37850000000001,0.3308050090628327,3.580467271062271,0.5233975000000001,0.31354833333333343,88.64909,18.932098333333336,1.43,2323,0.7066402562744922,761
Madagascar,2000,MDG,Sub-Saharan Africa,38.68,6.7,29.265333333333324,0.33,5.8,0.61,0.35,25.434215000000005,4.33,0.45,2324,0.6473165465402593,2327
Madagascar,2001,MDG,Sub-Saharan Africa,33.54,7.28,26.736833333333326,0.32,5.35,0.65,0.35,24.68182833333334,4.48,0.64,2325,0.6425433139729336,2531
Madagascar,2002,MDG,Sub-Saharan Africa,37.26,7.89,17,0.28,5.5,0.64,0.34,25.997980000000005,4.12,0.58,2326,0.631259791182103,2954
Madagascar,2003,MDG,Sub-Saharan Africa,36.39,8.5,26,0.31,5.01,0.63,0.34,25.65825,4.16,0.68,2327,0.6429686222859945,2510
Madagascar,2004,MDG,Sub-Saharan Africa,30.56,9.14,31,0.31,3.85,0.62,0.33,24.967538333333327,3.45,0.51,2328,0.656135183951642,2057
Madagascar,2005,MDG,Sub-Saharan Africa,33.11,9.86,28,0.31,2.62,0.61,0.33,21.47,3.72,0.6,2329,0.6540794226319022,2125
Madagascar,2006,MDG,Sub-Saharan Africa,31.63,10.6,31,0.3,2.93,0.61,0.33,24.26,3.84,0.84,2330,0.6550677781900113,2089
Madagascar,2007,MDG,Sub-Saharan Africa,33.49,11.36,32,0.32,3.25,0.61,0.32,26.83,4.03,0.74,2331,0.6571753677773602,2023
Madagascar,2008,MDG,Sub-Saharan Africa,36.96,12.14,34,0.32,3.56,0.62,0.33,29.36,4.23,0.56,2332,0.6581295504181552,1991
Madagascar,2009,MDG,Sub-Saharan Africa,37.38,12.95,30,0.17,4,0.62,0.32,30.65,4.27,0.9,2333,0.6385560464175748,2693
Madagascar,2010,MDG,Sub-Saharan Africa,36.51,13.77,26,0.15,4.28,0.62,0.31,33.2803780952381,4.08,1.19,2334,0.6318188533296929,2931
Madagascar,2011,MDG,Sub-Saharan Africa,28.5,14.62,30,0.15,2.44,0.62,0.32,36.75,3.91,1.13,2335,0.6468261647089821,2345
Madagascar,2012,MDG,Sub-Saharan Africa,33.24,15.49,32,0.15,0.6,0.61,0.32,38.11,3.99,0.88,2336,0.6540237445289644,2129
Madagascar,2013,MDG,Sub-Saharan Africa,35.71,16.38,28,0.18,1,0.61,0.32,37.570467857142845,3.9,0.75,2337,0.6524903423897336,2169
Madagascar,2014,MDG,Sub-Saharan Africa,28.38,17.28,28,0.3,1.39,0.61,0.32,38.35,3.84,0.78,2338,0.6661493704756799,1760
Madagascar,2015,MDG,Sub-Saharan Africa,25.35,18.21,28,0.31,1.79,0.61,0.33,38.51,3.79,1.13,2339,0.6651698277127128,1785
Madagascar,2016,MDG,Sub-Saharan Africa,23.39,19.16,26,0.31,1.8,0.61,0.33,38.31,3.53,1.15,2340,0.6645821819137984,1801
Madagascar,2017,MDG,Sub-Saharan Africa,25.41,20.13,24,0.31,1.82,0.61,0.34,36.9,3.71,1.38,2341,0.6594414936711556,1951
Madagascar,2018,MDG,Sub-Saharan Africa,28.99,21.12,25,0.31,1.83,0.61,0.36,36.53,3.88,0.98,2342,0.663411571844434,1848
Madagascar,2019,MDG,Sub-Saharan Africa,32.27,22.13,24,0.3,1.84,0.61,0.36,34.6,3.62,1.44,2343,0.6549248771110304,2091
Madagascar,2020,MDG,Sub-Saharan Africa,34.04,23.15,25,0.3,2.36,0.61,0.33799416666666665,38.020365,4.137100000000001,1.14,2344,0.6568546263963475,2031
Madagascar,2021,MDG,Sub-Saharan Africa,31.09622166666667,22.87918559523811,26,0.3,2.31,0.61,0.3464608333333332,39.24098833333334,4.128341666666668,1.19,2345,0.6599135720187104,1937
Madagascar,2022,MDG,Sub-Saharan Africa,33.19251666666666,23.436691309523813,26,0.29,3.106026297313798,0.620964583333333,0.3393724999999999,39.036135,4.258163333333334,0.86,2346,0.6575822830167416,2010
Malawi,2000,MWI,Sub-Saharan Africa,10.92,6.35,41,0.29,4.92,0.61,0.42,31.29,2.13,0.8,2347,0.6747339529307065,1556
Malawi,2001,MWI,Sub-Saharan Africa,12.48,6.79,32,0.29,4.99,0.61,0.41,31.97,2.04,0.59,2348,0.6686562583650191,1706
Malawi,2002,MWI,Sub-Saharan Africa,14.81,7.25,29,0.29,4.93,0.61,0.41,30.77,2.18,0.96,2349,0.6614063992375342,1901
Malawi,2003,MWI,Sub-Saharan Africa,12.07,7.71,28,0.29,4.9,0.61,0.4,29.116675,2.03,0.98,2350,0.6606749342665794,1915
Malawi,2004,MWI,Sub-Saharan Africa,9.7,8.19,28,0.22,4.91,0.61,0.4,28.19,1.91,0.88,2351,0.6565906822571212,2040
Malawi,2005,MWI,Sub-Saharan Africa,9.1,8.68,28,0.22,4.94,0.62,0.39,28.04,1.97,1.37,2352,0.6505764527682765,2225
Malawi,2006,MWI,Sub-Saharan Africa,8.92,9.18,27,0.23,4.93,0.62,0.39,30.02,2.01,1,2353,0.655229055944945,2083
Malawi,2007,MWI,Sub-Saharan Africa,11.72,9.7,27,0.23,4.89,0.63,0.39,29.75,2.04,0.9,2354,0.6541416518314571,2120
Malawi,2008,MWI,Sub-Saharan Africa,10.37,10.22,28,0.23,4.92,0.64,0.38,32.13,2.28,0.51,2355,0.6582462219666861,1986
Malawi,2009,MWI,Sub-Saharan Africa,11.24,10.77,33,0.25,4.92,0.64,0.37,32.73,2.39,0.65,2356,0.6623897687761815,1873
Malawi,2010,MWI,Sub-Saharan Africa,10.93,11.33,34,0.26,4.94,0.65,0.37,33.98,2.49,1.03,2357,0.6599722257702839,1936
Malawi,2011,MWI,Sub-Saharan Africa,8.96,11.9,30,0.26,4.97,0.65,0.37,35.09,2.36,0.77,2358,0.6605790697136577,1920
Malawi,2012,MWI,Sub-Saharan Africa,10.24,12.5,37,0.27,5,0.66,0.36,35.32,2.25,0.93,2359,0.6636734085501312,1839
Malawi,2013,MWI,Sub-Saharan Africa,6.71,13.11,37,0.28,4.98,0.66,0.36,38.44,2.4,0.68,2360,0.6696524864541271,1680
Malawi,2014,MWI,Sub-Saharan Africa,8.18,13.74,33,0.34,4.97,0.66,0.36,40.21,2.41,1.13,2361,0.6672945375313263,1734
Malawi,2015,MWI,Sub-Saharan Africa,10.98,14.39,31,0.34,4.99,0.67,0.36,40.77,2.33,1.14,2362,0.6636237129594568,1841
Malawi,2016,MWI,Sub-Saharan Africa,12.41,15.06,31,0.34,4.98,0.67,0.36,39.18,2.35,1.36,2363,0.6602965949401088,1924
Malawi,2017,MWI,Sub-Saharan Africa,12.7,15.75,31,0.35,4.96,0.64,0.35,39.89,2.41,1.02,2364,0.6683318497401749,1715
Malawi,2018,MWI,Sub-Saharan Africa,12.82,16.46,32,0.33,4.95,0.61,0.35,40.28,2.48,1.02,2365,0.671574598211458,1632
Malawi,2019,MWI,Sub-Saharan Africa,16.86,17.18,31,0.31,4.93,0.59,0.35,37.08,2.41,1.22,2366,0.6663970272477777,1755
Malawi,2020,MWI,Sub-Saharan Africa,19.53,17.93,30,0.37,5.68,0.59,0.33907166666666666,41.93132500000001,5.619260151515155,1.31,2367,0.6651436901970398,1786
Malawi,2021,MWI,Sub-Saharan Africa,28.63616166666667,31.431648095238092,35,0.41,5.66,0.59,0.3254266666666667,53.70216333333333,6.065533484848487,0.76,2368,0.6824047128277145,1326
Malawi,2022,MWI,Sub-Saharan Africa,35.265793333333335,40.00871338744588,34,0.41,7.6704642561035214,0.5976277777777781,0.3116566666666666,52.595189999999995,6.085916818181814,0.82,2369,0.6699020534640373,1674
Malaysia,2000,MYS,East Asia and Pacific,40.7,92.58,48,0.2,3,0.58,0.26,77.41,25.66,0.45,2370,0.6767658784952355,1494
Malaysia,2001,MYS,East Asia and Pacific,35.69,92.7,50,0.2,3.53,0.57,0.26,76.9,24.09,0.69,2371,0.6811799139679591,1365
Malaysia,2002,MYS,East Asia and Pacific,34.64,92.76,49,0.2,3.48,0.57,0.25,77.02,25.23,0.79,2372,0.6780739874354942,1458
Malaysia,2003,MYS,East Asia and Pacific,34.5,92.83,52,0.2,3.61,0.57,0.26,82.9,25.12,0.78,2373,0.6837615312934384,1282
Malaysia,2004,MYS,East Asia and Pacific,36.11,92.9,50,0.21,3.54,0.57,0.26,84.13,26.31,0.76,2374,0.681510295831726,1357
Malaysia,2005,MYS,East Asia and Pacific,38.04,92.97,51,0.21,3.53,0.57,0.26,80.66,27.35,0.94,2375,0.676130840252666,1512
Malaysia,2006,MYS,East Asia and Pacific,34.73,93.04,50,0.22,3.32,0.58,0.26,79.73,27.4,0.71,2376,0.6804901672614988,1389
Malaysia,2007,MYS,East Asia and Pacific,35.12,93.11,51,0.22,3.23,0.58,0.26,77.48,28.35,0.76,2377,0.6786163530512515,1438
Malaysia,2008,MYS,East Asia and Pacific,35.54,93.18,51,0.22,3.32,0.57,0.26,77.11,30.31,0.63,2378,0.6781002301179121,1456
Malaysia,2009,MYS,East Asia and Pacific,32.19,93.25,45,0.22,3.66,0.57,0.26,76.12,28.01,0.87,2379,0.6742023758675673,1565
Malaysia,2010,MYS,East Asia and Pacific,34.12,93.32,44,0.23,3.39,0.56,0.26,77.27,30.83,1.11,2380,0.6690477371634487,1696
Malaysia,2011,MYS,East Asia and Pacific,34.01,93.37,43,0.22,3.05,0.55,0.26,77.47,30.85,0.75,2381,0.6735618538525276,1584
Malaysia,2012,MYS,East Asia and Pacific,33.04,93.42,49,0.22,3.1,0.55,0.26,81.48,32.61,0.9,2382,0.6770135060032478,1488
Malaysia,2013,MYS,East Asia and Pacific,33.67,93.47,50,0.23,3.16,0.53,0.27,81.87,35.53,1.12,2383,0.6748372510230692,1553
Malaysia,2014,MYS,East Asia and Pacific,33.04,93.52,52,0.22,2.88,0.52,0.27,85.35,35.57,1.2,2384,0.6780929105844822,1457
Malaysia,2015,MYS,East Asia and Pacific,33.71,93.57,50,0.22,3.1,0.52,0.27,84.93,34.79,1.37,2385,0.673973760889021,1573
Malaysia,2016,MYS,East Asia and Pacific,35.95,93.63,49,0.22,3.44,0.52,0.27,84.71,34.97,1.84,2386,0.6636934378482648,1837
Malaysia,2017,MYS,East Asia and Pacific,35.93,93.68,47,0.22,3.41,0.52,0.28,85.45,34.51,1.42,2387,0.6695386627353055,1682
Malaysia,2018,MYS,East Asia and Pacific,36.64,93.72,47,0.27,3.3,0.52,0.28,81.99,34.68,1.44,2388,0.6727666941050862,1603
Malaysia,2019,MYS,East Asia and Pacific,36.06,93.77,53,0.28,3.26,0.52,0.28,83.75,34.33,1.7,2389,0.6770318502200159,1487
Malaysia,2020,MYS,East Asia and Pacific,35.89,93.82,51,0.26,4.54,0.52,0.2878754545454547,82.46,33.81130214285714,1.69,2390,0.6703673668645951,1658
Malaysia,2021,MYS,East Asia and Pacific,34.00359954545454,87.11299584054835,48,0.26,4.05,0.52,0.29509833333333335,84.4,33.234027142857144,1.47,2391,0.6751134812427697,1545
Malaysia,2022,MYS,East Asia and Pacific,36.151951212121205,87.0200590873016,47,0.26,3.4955356129199333,0.5293525000000003,0.29052000000000006,84.63123166666665,32.04064380952381,1.37,2392,0.6760252749255876,1515
Maldives,2000,MDV,South Asia,62.99,90.43,33.70483333333333,0.07,1.97,0.67,0.19,51.29,16.86,0.26,2393,0.6236620681973895,3212
Maldives,2001,MDV,South Asia,57.46,90.85,33.915,0.07,3.03,0.67,0.18,60.85,17.16,0.46,2394,0.6258946456443312,3145
Maldives,2002,MDV,South Asia,51.88,91.26,34.7085,0.07,4.17,0.67,0.18,61.07,17.13,0.62,2395,0.6261005146954456,3138
Maldives,2003,MDV,South Asia,53.81,91.66,30.843166666666665,0.08,5.31,0.66,0.18,67.71,17.17,0.52,2396,0.6236154112584311,3214
Maldives,2004,MDV,South Asia,59.5,92.06,30.376333333333335,0.09,6.37,0.64,0.18,67.87,17.02,0.39,2397,0.6201986478348355,3304
Maldives,2005,MDV,South Asia,55.66,92.45,32.153333333333336,0.11,7.33,0.63,0.18,68.65867999999996,16.71,0.78,2398,0.6213938485078464,3275
Maldives,2006,MDV,South Asia,49.92,92.81,31.81183333333334,0.12,8.78,0.62,0.17,69.59893333333332,16.12,0.32,2399,0.6267370110275892,3108
Maldives,2007,MDV,South Asia,47.22,93.12,30.95683333333333,0.14,9.7,0.61,0.2,70.09019666666667,15.82,0.36,2400,0.6299721040361189,2992
Maldives,2008,MDV,South Asia,33.1,93.55,28,0.22,10.82,0.59,0.21,74.53740500000002,15.39,0.17,2401,0.6471943343206382,2329
Maldives,2009,MDV,South Asia,34.32,93.97,25,0.28,11.7,0.58,0.21,75.69622833333335,15.09,0.53,2402,0.6440255929413462,2475
Maldives,2010,MDV,South Asia,40.08,94.39,23,0.32,11.01,0.57,0.2,75.76054833333336,15.02,0.68,2403,0.6435053251010773,2494
Maldives,2011,MDV,South Asia,39.69,94.8,25,0.4,10.15,0.56,0.19,78.00537333333335,14.76,0.56,2404,0.6585457140171155,1979
Maldives,2012,MDV,South Asia,32.19,95.22,34.551,0.36,9.22,0.55,0.18,77.89059666666667,14.14,0.57,2405,0.6746977168997695,1558
Maldives,2013,MDV,South Asia,32.29,95.63,34.72871014492753,0.29,8.39,0.54,0.16,78.48094499999999,13.68,0.66,2406,0.6706000858056017,1654
Maldives,2014,MDV,South Asia,28.12,96.04,39.98587681159421,0.26,7.52,0.53,0.15,81.36940499999999,13.31,0.77,2407,0.6790209020098816,1426
Maldives,2015,MDV,South Asia,19.45,96.44,39.084,0.24,6.62,0.51,0.14,84.25295,12.88,0.98,2408,0.6845435792472411,1257
Maldives,2016,MDV,South Asia,18.93,96.84,36,0.22,5.77,0.51,0.13,84.51369166666663,12.55,1.56,2409,0.6750239957322185,1548
Maldives,2017,MDV,South Asia,20.59,97.24,33,0.22,5.37,0.51,0.12,83.67109833333332,12.32,1.13,2410,0.6768414992515582,1493
Maldives,2018,MDV,South Asia,19.78,97.42,31,0.24,4.97,0.51,0.11,85.28,12.14,0.84,2411,0.6815845760980036,1355
Maldives,2019,MDV,South Asia,17.46,97.54,29,0.33,4.56,0.51,0.11,81.33,12.07,1.13,2412,0.6858898134728767,1226
Maldives,2020,MDV,South Asia,16.91,97.57,43,0.33,5.34,0.51,0.1790299999999999,88.711715,25.092228333333352,1.17,2413,0.6935582257744332,1048
Maldives,2021,MDV,South Asia,29.00803833333334,92.86031998814914,40,0.34,5.26,0.51,0.17701666666666666,83.99535738095236,15.794193333333338,1.12,2414,0.6929534006756626,1067
Maldives,2022,MDV,South Asia,38.49890833333333,83.93677772624434,40,0.32,6.420913979595283,0.5471732051282051,0.1951616666666667,82.7059233333333,11.540333333333338,0.78,2415,0.6845400915106944,1258
Mali,2000,MLI,Sub-Saharan Africa,68.82,20.2,25.000500000000002,0.36,1.31,0.6,0.2,17.45,3.46,0.65,2416,0.6285218838976255,3040
Mali,2001,MLI,Sub-Saharan Africa,67.79,20.88,24.688166666666667,0.36,1.23,0.59,0.21,24.482594999999982,4.49,0.58,2417,0.6333872028584988,2876
Mali,2002,MLI,Sub-Saharan Africa,61.75,21.57,27.961833333333335,0.41,1.3,0.59,0.21,25.22293666666666,5.27,1.25,2418,0.6374754469400684,2736
Mali,2003,MLI,Sub-Saharan Africa,61.2,22.26,30,0.43,1.27,0.58,0.21,22.13,5.96,1.24,2419,0.6401144351865,2636
Mali,2004,MLI,Sub-Saharan Africa,55.61,22.96,32,0.43,1.32,0.58,0.21,23.99,7.27,1.21,2420,0.6458989972002903,2381
Mali,2005,MLI,Sub-Saharan Africa,57.02,23.67,29,0.42,1.29,0.58,0.21,25.83,7.61,1.4,2421,0.6407314941863709,2611
Mali,2006,MLI,Sub-Saharan Africa,56.74,24.38,28,0.42,1.31,0.58,0.22,27.71,8.22,1.1,2422,0.6441297570543388,2471
Mali,2007,MLI,Sub-Saharan Africa,61.35,25.1,27,0.41,1.32,0.56,0.22,30.31,8.34,0.93,2423,0.6437437318432859,2484
Mali,2008,MLI,Sub-Saharan Africa,63.22,25.82,31,0.4,1.32,0.55,0.21,33.73,8.98,0.55,2424,0.6494462737182713,2263
Mali,2009,MLI,Sub-Saharan Africa,61.84,26.55,28,0.4,1.33,0.53,0.22,36.67,8.37,0.96,2425,0.6488333593365944,2282
Mali,2010,MLI,Sub-Saharan Africa,56.27,27.28,27,0.39,1.33,0.53,0.22,39.29,9.62,1.63,2426,0.6450816470650808,2423
Mali,2011,MLI,Sub-Saharan Africa,50,28.01,28,0.4,1.35,0.54,0.21,41.23,9.41,1.21,2427,0.6553804457602964,2078
Mali,2012,MLI,Sub-Saharan Africa,44.74,28.86,34,0.26,1.38,0.54,0.22,42.06196833333333,9.27,0.43,2428,0.6621817108940119,1879
Mali,2013,MLI,Sub-Saharan Africa,34.85,29.72,28,0.23,1.37,0.54,0.22,41.82,9.34,0.97,2429,0.6561558169024144,2056
Mali,2014,MLI,Sub-Saharan Africa,33.55,30.6,32,0.34,1.35,0.55,0.23,44.02,9.38,0.79,2430,0.6724948022774815,1615
Mali,2015,MLI,Sub-Saharan Africa,34.17,31.5,35,0.34,1.36,0.55,0.23,41.72,9.37,1.02,2431,0.671569516694792,1633
Mali,2016,MLI,Sub-Saharan Africa,35.75,32.41,32,0.34,1.37,0.55,0.22,42.99,10.12,1.09,2432,0.6666066101378105,1749
Mali,2017,MLI,Sub-Saharan Africa,37.5,33.35,31,0.33,1.49,0.56,0.22,41.52,9.9,1.35,2433,0.6595239436371066,1948
Mali,2018,MLI,Sub-Saharan Africa,32.55,34.3,32,0.32,1.62,0.56,0.24,41.03,9.83,1.04,2434,0.6672459598505796,1735
Mali,2019,MLI,Sub-Saharan Africa,30.97,35.27,29,0.32,1.62,0.56,0.25,44.13251833333334,10.16,1.09,2435,0.6670401913548336,1739
Mali,2020,MLI,Sub-Saharan Africa,28.66,36.26,30,0.24,3.53,0.56,0.24168428571428568,37.29,7.513936666666667,1.01,2436,0.6575086959625998,2012
Mali,2021,MLI,Sub-Saharan Africa,46.858785,31.954565710108604,29,0.18,2.6,0.56,0.22984666666666687,44.505698333333314,7.086106666666669,1.69,2437,0.6370537937819574,2754
Mali,2022,MLI,Sub-Saharan Africa,47.4693083333333,26.05529185007975,28,0.18,3.645903102900151,0.5966483333333333,0.2202416666666668,42.19089666666666,6.356305000000001,0.89,2438,0.6352435559606348,2821
Malta,2000,MLT,Middle East and North Africa,26.37,100,61.9569015151515,0.53,6.32,0.42,0.27,89.18,30.97,1.06,2439,0.7333723366114839,384
Malta,2001,MLT,Middle East and North Africa,29.67,100,61.56065151515149,0.53,7.11,0.42,0.26,89.87,30.83,1.67,2440,0.7163520803250903,618
Malta,2002,MLT,Middle East and North Africa,28.74,100,65.15765151515151,0.55,6.9,0.42,0.28,90.58,31.4,0.94,2441,0.7366812477479041,352
Malta,2003,MLT,Middle East and North Africa,28.84,100,64.26765151515151,0.55,7.49,0.42,0.26,92.95,31.63,1.4,2442,0.7244536796081928,497
Malta,2004,MLT,Middle East and North Africa,28.17,100,68,0.55,7.32,0.42,0.26,104.5,32.27,0.7,2443,0.7449432330883156,283
Malta,2005,MLT,Middle East and North Africa,28.86,100,66,0.55,6.92,0.42,0.27,101.94,32.86,0.67,2444,0.7437407736749154,293
Malta,2006,MLT,Middle East and North Africa,29.62,100,64,0.55,6.8,0.42,0.27,97.99,33.73,1,2445,0.7333763514771059,382
Malta,2007,MLT,Middle East and North Africa,31.08,100,58,0.55,6.47,0.43,0.28,99.94,34.86,1.4,2446,0.7205449428672444,567
Malta,2008,MLT,Middle East and North Africa,32.99,100,58,0.56,5.98,0.43,0.29,100.21,35.27,1.27,2447,0.7241696905836873,501
Malta,2009,MLT,Middle East and North Africa,32.46,100,52,0.57,6.89,0.44,0.3,98.95195142857138,36.06,1.08,2448,0.7171922544040694,611
Malta,2010,MLT,Middle East and North Africa,33.03,100,56,0.57,6.85,0.43,0.31,104.24,36.28,1.24,2449,0.721890255015026,543
Malta,2011,MLT,Middle East and North Africa,33.16,100,56,0.58,6.38,0.44,0.31,93.31,37.52,1.01,2450,0.7204798868397723,569
Malta,2012,MLT,Middle East and North Africa,32.09,100,57,0.57,6.2,0.45,0.31,94.04,41.63,1.44,2451,0.7080467897252257,737
Malta,2013,MLT,Middle East and North Africa,30.22,100,56,0.55,6.11,0.45,0.31,94.07,36.98,1.34,2452,0.7167970586918517,615
Malta,2014,MLT,Middle East and North Africa,36.46,100,55,0.54,5.73,0.46,0.33,94.43,37.84,1.51,2453,0.7076525254175154,743
Malta,2015,MLT,Middle East and North Africa,37.2,100,60,0.58,5.38,0.47,0.35,94.91,36.14,1.4,2454,0.7212472419767298,558
Malta,2016,MLT,Middle East and North Africa,35.14,100,55,0.58,4.69,0.45,0.36,95.81,37.02,1.75,2455,0.716205476797646,622
Malta,2017,MLT,Middle East and North Africa,35.22,100,56,0.57,4,0.46,0.35,104.75,38.39,1.22,2456,0.7279193397693796,450
Malta,2018,MLT,Middle East and North Africa,34.3,100,54,0.56,3.66,0.45,0.36,107.27,38.3,1.44,2457,0.726040488735689,472
Malta,2019,MLT,Middle East and North Africa,34.13,100,54,0.56,3.62,0.47,0.37,108.03,38.81,1.29,2458,0.7271755184136321,456
Malta,2020,MLT,Middle East and North Africa,30.31,100,53,0.55,4.35,0.47,0.3438616666666665,109.68,38.846819999999994,1.64,2459,0.7190545581100571,580
Malta,2021,MLT,Middle East and North Africa,27.798998351158644,99.067265,54,0.56,3.53,0.47,0.3508299999999999,105.54053333333331,38.716968571428566,2.12,2460,0.7153424711519467,632
Malta,2022,MLT,Middle East and North Africa,28.086046684491976,99.02223404761908,51,0.56,4.697403413595261,0.4672265904701294,0.3438049999999999,103.39348833333334,33.35171999999999,1.96,2461,0.7186815438078854,586
Mauritania,2000,MRT,Sub-Saharan Africa,77.82,28.91,24.859000000000005,0.13,10.05,0.57,0.17,17.81,5.04,1.2,2462,0.5778732098620909,4008
Mauritania,2001,MRT,Sub-Saharan Africa,77.13,29.61,24.96833333333334,0.13,10,0.58,0.17,20.21,5.17,1.36,2463,0.5771911976274254,4019
Mauritania,2002,MRT,Sub-Saharan Africa,69.98,30.41,26.199500000000008,0.13,9.96,0.59,0.17,20.26,5.24,1.35,2464,0.5823455657869153,3954
Mauritania,2003,MRT,Sub-Saharan Africa,68.39,31.21,26.637666666666675,0.13,9.89,0.6,0.17,21.22,5.35,1.36,2465,0.5833573461261258,3940
Mauritania,2004,MRT,Sub-Saharan Africa,70.49,32,26.926000000000002,0.13,9.91,0.6,0.17,21.86,5.82,1.49,2466,0.5807756260408983,3966
Mauritania,2005,MRT,Sub-Saharan Africa,67.13,32.79,27.378166666666672,0.13,9.85,0.59,0.17,22.32,5.56,1.39,2467,0.585914138979132,3907
Mauritania,2006,MRT,Sub-Saharan Africa,68.16,33.62,31,0.13,9.72,0.57,0.18,23.31,5.13,1.44,2468,0.5908533534861434,3842
Mauritania,2007,MRT,Sub-Saharan Africa,65.3,34.45,26,0.19,9.98,0.56,0.18,25.662131666666664,5.19,1.06,2469,0.5981876122740489,3724
Mauritania,2008,MRT,Sub-Saharan Africa,60.94,35.27,28,0.15,9.95,0.54,0.19,19.09,4.96,1.32,2470,0.597765408944323,3740
Mauritania,2009,MRT,Sub-Saharan Africa,62.77,36.08,25,0.15,9.94,0.54,0.19,20.49,4.98,0.97,2471,0.5982220162327311,3722
Mauritania,2010,MRT,Sub-Saharan Africa,62.64,36.89,23,0.18,9.9,0.53,0.19,20.75,4.84,2.02,2472,0.5907380842738442,3843
Mauritania,2011,MRT,Sub-Saharan Africa,58.38,37.7,24,0.18,9.87,0.53,0.19,22.9,5.03,1.67,2473,0.5985557606752302,3714
Mauritania,2012,MRT,Sub-Saharan Africa,55.43,38.49,31,0.18,9.86,0.53,0.19,27.26,5.14,0.94,2474,0.6142461223396057,3417
Mauritania,2013,MRT,Sub-Saharan Africa,50.21,39.28,30,0.18,9.97,0.52,0.18,30.1,5.53,1.59,2475,0.6115310470073549,3464
Mauritania,2014,MRT,Sub-Saharan Africa,47.62,40.05,30,0.18,10.07,0.52,0.17,30.71,5.44,1.48,2476,0.6138236417807871,3429
Mauritania,2015,MRT,Sub-Saharan Africa,47.74,40.82,31,0.18,10.15,0.52,0.17,31.42,5.61,1.56,2477,0.6136495924570073,3432
Mauritania,2016,MRT,Sub-Saharan Africa,53.72,41.57,27,0.18,10.31,0.52,0.16,32.68,5.79,1.83,2478,0.6031736894135078,3654
Mauritania,2017,MRT,Sub-Saharan Africa,48.47,42.31,28,0.18,10.34,0.52,0.16,32.57,5.68,2.14,2479,0.6042319779556202,3625
Mauritania,2018,MRT,Sub-Saharan Africa,45.93,42.53,27,0.23,10.39,0.52,0.16,36.83,5.63,1.09,2480,0.6213498161489,3277
Mauritania,2019,MRT,Sub-Saharan Africa,45.24,42.74,28,0.27,10.4,0.52,0.16,39.41,5.85,1.44,2481,0.6230336435306791,3226
Mauritania,2020,MRT,Sub-Saharan Africa,46.58,42.95,29,0.25,11.14,0.52,0.19230166666666673,38.19,6.902473333333335,1.92,2482,0.6141720727443534,3421
Mauritania,2021,MRT,Sub-Saharan Africa,43.62023499999999,45.35736066017314,28,0.26,11.29,0.52,0.191725,44.6585583333333,6.605853333333332,1.86,2483,0.6194904974047957,3322
Mauritania,2022,MRT,Sub-Saharan Africa,46.697599999999994,44.82344113636364,30,0.26,9.451715384199137,0.5389432142857148,0.18888333333333343,41.38176833333332,5.751360000000001,1.71,2484,0.6251338687940345,3172
Mauritius,2000,MUS,Sub-Saharan Africa,44,99.25,47,0.49,9.14,0.56,0.29,76.82,16.7,0.17,2485,0.6985402758754159,918
Mauritius,2001,MUS,Sub-Saharan Africa,43.82,99.29,45,0.49,9.14,0.56,0.3,78.67,16.75,0.5,2486,0.6947848718143447,1018
Mauritius,2002,MUS,Sub-Saharan Africa,44.87,99.34,45,0.49,8.2,0.56,0.3,81.03,17.21,0.4,2487,0.6994029438981104,900
Mauritius,2003,MUS,Sub-Saharan Africa,45.32,99.38,44,0.49,8.23,0.56,0.29,84.61,17.46,0.69,2488,0.6950689657748554,1003
Mauritius,2004,MUS,Sub-Saharan Africa,43.42,99.43,41,0.49,8.34,0.56,0.29,85.92,18.04,0.31,2489,0.6975792955424361,943
Mauritius,2005,MUS,Sub-Saharan Africa,49.59,99.47,42,0.5,9.52,0.56,0.29,88.66,4.41,0.38,2490,0.701909302059033,842
Mauritius,2006,MUS,Sub-Saharan Africa,52.91,99.52,51,0.5,9.04,0.56,0.29,87.53,18.85,0.31,2491,0.6955239831016773,992
Mauritius,2007,MUS,Sub-Saharan Africa,55.81,99.56,47,0.5,8.48,0.57,0.29,88.38,19.41,0.54,2492,0.686980445601396,1197
Mauritius,2008,MUS,Sub-Saharan Africa,61.84,99.61,55,0.5,7.17,0.57,0.3,88.05,20.04,0.29,2493,0.6950499021499287,1004
Mauritius,2009,MUS,Sub-Saharan Africa,58.37,99.65,54,0.5,7.26,0.58,0.3,88.8,19.86,0.8,2494,0.6912582312781492,1109
Mauritius,2010,MUS,Sub-Saharan Africa,52.32,99.7,54,0.5,7.65,0.58,0.31,89.25,21.02,1.08,2495,0.6922922292240962,1081
Mauritius,2011,MUS,Sub-Saharan Africa,53.07,99.74,51,0.5,7.45,0.59,0.31,90.92,21.94,0.87,2496,0.6905655569025418,1129
Mauritius,2012,MUS,Sub-Saharan Africa,51.61,99.79,57,0.5,7.47,0.59,0.31,92.99,22.8,0.67,2497,0.6996270654719641,894
Mauritius,2013,MUS,Sub-Saharan Africa,53.18,99.84,52,0.5,7.32,0.59,0.33,96.04,22.99,0.8,2498,0.6949313306732506,1013
Mauritius,2014,MUS,Sub-Saharan Africa,50.18,99.84,54,0.48,7.47,0.59,0.33,99.9,22.63,0.91,2499,0.6982292401216964,929
Mauritius,2015,MUS,Sub-Saharan Africa,49.58,99.84,53,0.49,7.41,0.58,0.33,97.37,23.06,1.16,2500,0.6955621905918526,989
Mauritius,2016,MUS,Sub-Saharan Africa,48.16,99.84,54,0.49,6.81,0.58,0.33,97.54,23.34,1.08,2501,0.7010921398574371,864
Mauritius,2017,MUS,Sub-Saharan Africa,48.13,99.84,50,0.5,6.75,0.57,0.33,95.72,23.61,1.32,2502,0.6954126092578469,995
Mauritius,2018,MUS,Sub-Saharan Africa,48.23,99.84,51,0.5,6.43,0.57,0.34,95.1,24.04,1.05,2503,0.7011757387790623,860
Mauritius,2019,MUS,Sub-Saharan Africa,45.72,99.84,52,0.46,6.33,0.57,0.34,97.12,24.47,1.46,2504,0.6959606784913064,978
Mauritius,2020,MUS,Sub-Saharan Africa,41.31,99.84,53,0.36,8.63,0.57,0.27348857142857125,87.6457533333333,21.771628712121206,1.11,2505,0.6822686699590785,1331
Mauritius,2021,MUS,Sub-Saharan Africa,42.63939666666667,59.53098333333335,54,0.35,7.66,0.57,0.27039285714285716,93.73,10.411333333333332,0.99,2506,0.6940902050348897,1032
Mauritius,2022,MUS,Sub-Saharan Africa,42.79680166666668,49.69019095238094,50,0.34,7.977875416951467,0.5855960858585861,0.2689428571428572,64.59047499999998,8.01174,0.6,2507,0.6783926882130837,1452
Mexico,2000,MEX,Latin America and Caribbean,52.22,81.6,33,0.42,2.65,0.69,0.25,71.77,23.8,0.63,2508,0.656096863787584,2060
Mexico,2001,MEX,Latin America and Caribbean,53.43,82.35,37,0.43,2.63,0.69,0.26,73.44,23.38,0.55,2509,0.6621324944188994,1882
Mexico,2002,MEX,Latin America and Caribbean,54.36,83.09,36,0.44,3,0.69,0.28,76.01,22.9,0.73,2510,0.6613720161616102,1903
Mexico,2003,MEX,Latin America and Caribbean,55.66,83.84,36,0.44,3.46,0.71,0.28,79.86,23.81,0.89,2511,0.6547282702389,2100
Mexico,2004,MEX,Latin America and Caribbean,53.69,84.58,36,0.44,3.94,0.72,0.29,81.43,23.61,0.37,2512,0.6602382136426059,1926
Mexico,2005,MEX,Latin America and Caribbean,54.59,85.32,35,0.44,3.56,0.72,0.28,82.3,25.36,0.81,2513,0.6530714235553992,2154
Mexico,2006,MEX,Latin America and Caribbean,53.76,86.06,33,0.42,3.57,0.72,0.3,84.09,26.31,0.93,2514,0.6501626974913499,2236
Mexico,2007,MEX,Latin America and Caribbean,52.5,86.8,35,0.4,3.63,0.74,0.3,84.91,25.69,0.5,2515,0.6535991608103477,2140
Mexico,2008,MEX,Latin America and Caribbean,48.6,87.53,36,0.39,3.87,0.75,0.3,86.43,26.12,0.56,2516,0.6541112341417518,2122
Mexico,2009,MEX,Latin America and Caribbean,47.35,88.26,33,0.4,5.36,0.75,0.3,85.94,24.32,1.05,2517,0.6456589510502657,2396
Mexico,2010,MEX,Latin America and Caribbean,43.51,88.99,31,0.41,5.3,0.74,0.31,87.07,24.48,0.31,2518,0.6577846433895409,2005
Mexico,2011,MEX,Latin America and Caribbean,40.73,89.72,30,0.41,5.17,0.75,0.31,88.19,25.27,1.03,2519,0.6499968402253858,2242
Mexico,2012,MEX,Latin America and Caribbean,40.64,90.45,34,0.41,4.89,0.75,0.32,90.67,25.7,0.95,2520,0.6564958658765814,2043
Mexico,2013,MEX,Latin America and Caribbean,39.88,91.17,34,0.36,4.91,0.75,0.31,93.33,25.15,0.8,2521,0.6556415209654116,2070
Mexico,2014,MEX,Latin America and Caribbean,40.87,91.89,35,0.36,4.81,0.75,0.31,97.34,24.4,0.91,2522,0.6572489656257028,2022
Mexico,2015,MEX,Latin America and Caribbean,41.04,92.61,31,0.39,4.31,0.74,0.31,100.83,23.39,1.14,2523,0.6589326143943428,1967
Mexico,2016,MEX,Latin America and Caribbean,41.37,93.33,30,0.39,3.86,0.74,0.32,102.4,22.18,1.35,2524,0.6592060112987058,1959
Mexico,2017,MEX,Latin America and Caribbean,41.79,94.04,29,0.4,3.42,0.74,0.32,104.39,21.23,1.63,2525,0.6583573801404207,1985
Mexico,2018,MEX,Latin America and Caribbean,42.31,94.73,28,0.43,3.27,0.75,0.33,105.1,20.79,1.24,2526,0.6640075275894594,1821
Mexico,2019,MEX,Latin America and Caribbean,42.28,95.24,29,0.4,3.48,0.75,0.33,104.65,19.97,1.38,2527,0.6613330553245111,1904
Mexico,2020,MEX,Latin America and Caribbean,38.77,95.74,31,0.39,4.45,0.75,0.3338849999999999,101.84,22.608648333333335,1.73,2528,0.6544274919731249,2110
Mexico,2021,MEX,Latin America and Caribbean,41.240714999999994,91.841994761904715,31,0.38,4.09,0.75,0.3191783333333332,96.97852166666668,23.51248166666666,1.16,2529,0.6558808712948507,2066
Mexico,2022,MEX,Latin America and Caribbean,41.71961666666666,92.71483142857137,31,0.4,4.324163664712193,0.7252306719669217,0.32026499999999986,96.34272333333337,23.249454999999994,1.25,2530,0.6596740059953203,1944
Moldova,2000,MDA,Europe and Central Asia,47.17,40.4,26,0.37,8.46,0.5,0.45,76.04849833333334,0.1,1.5,2531,0.6713966116309237,1639
Moldova,2001,MDA,Europe and Central Asia,51.94,42.3,31,0.31,7.29,0.51,0.45,69.60553499999999,0.11,1.72,2532,0.6657546989780242,1773
Moldova,2002,MDA,Europe and Central Asia,46.52,44.25,21,0.31,6.8,0.51,0.45,69.87945000000002,0.12,1.46,2533,0.6659437246801279,1765
Moldova,2003,MDA,Europe and Central Asia,48.31,46.25,24,0.31,7.95,0.51,0.46,76.08966166666669,0.17,-0.18,2534,0.6826754617734899,1317
Moldova,2004,MDA,Europe and Central Asia,38.17,48.29,23,0.31,8.17,0.51,0.46,77.512225,0.29,0.72,2535,0.6816814938583915,1350
Moldova,2005,MDA,Europe and Central Asia,42.76,50.46,29,0.27,7.29,0.51,0.46,77.74604833333333,0.34,0.85,2536,0.6828619212116454,1310
Moldova,2006,MDA,Europe and Central Asia,46.45,52.76,32,0.27,7.38,0.51,0.46,77.28655499999999,0.61,0.25,2537,0.6886375476083737,1165
Moldova,2007,MDA,Europe and Central Asia,45.1,55.09,28,0.27,5.07,0.51,0.45,82.94273000000003,0.97,2.37,2538,0.6701879740811255,1664
Moldova,2008,MDA,Europe and Central Asia,48.42,57.44,29,0.26,3.98,0.52,0.45,84.40737999999999,1.53,1.53,2539,0.6813674617119854,1361
Moldova,2009,MDA,Europe and Central Asia,45.58,59.83,33,0.29,6.4,0.52,0.45,85.52376666666669,1.75,1.77,2540,0.68087672289681,1379
Moldova,2010,MDA,Europe and Central Asia,40.43,62.24,29,0.42,7.45,0.51,0.45,86.36697000000005,1.74,1.37,2541,0.6960633917805216,976
Moldova,2011,MDA,Europe and Central Asia,44.8,64.69,29,0.46,6.68,0.5,0.45,88.66978333333331,2.08,0.49,2542,0.7110152511105944,685
Moldova,2012,MDA,Europe and Central Asia,42.22,67.16,36,0.46,5.58,0.5,0.45,98.13609166666663,2.97,2.09,2543,0.7062873054176753,768
Moldova,2013,MDA,Europe and Central Asia,42.58,69.66,35,0.44,5.1,0.49,0.45,99.46637999999996,3.39,1.36,2544,0.7175953047093716,603
Moldova,2014,MDA,Europe and Central Asia,38.35,72.2,35,0.43,3.73,0.49,0.45,104.38,2.76,1.45,2545,0.7256831265789031,479
Moldova,2015,MDA,Europe and Central Asia,46.19,72.49,33,0.38,4.7,0.49,0.47,105.06,2.71,2.02,2546,0.7018697907978688,843
Moldova,2016,MDA,Europe and Central Asia,46.29,72.8,30,0.35,4.02,0.48,0.46,106.02,2.77,2.09,2547,0.6976745803664618,941
Moldova,2017,MDA,Europe and Central Asia,43.63,73.11,31,0.33,3.89,0.48,0.45,108.49,2.84,1.41,2548,0.7097308077606063,701
Moldova,2018,MDA,Europe and Central Asia,40.09,73.42,33,0.33,2.91,0.48,0.45,109.23,3.1,2.1,2549,0.7071481223173212,755
Moldova,2019,MDA,Europe and Central Asia,35.69,73.74,32,0.4,5.1,0.49,0.45,109.08,3.26,2.41,2550,0.70399897175526,807
Moldova,2020,MDA,Europe and Central Asia,30.93,74.07,34,0.42,3.82,0.49,0.4411500000000002,108.46,13.710433333333333,3.06,2551,0.69400969595139,1034
Moldova,2021,MDA,Europe and Central Asia,32.303893333333356,92.95918928571427,36,0.52,3.23,0.49,0.39246666666666663,109.82,24.24217166666667,1.34,2552,0.7254062599734402,486
Moldova,2022,MDA,Europe and Central Asia,30.270380000000017,94.15081833333333,39,0.52,4.78344020361991,0.47980666666666666,0.4043800000000001,102.18913833333339,27.962071666666667,2.14,2553,0.7064232171836933,765
Mongolia,2000,MNG,East Asia and Pacific,19.75,20.6,26,0.4,6.09,0.56,0.36,65.12,11.96,0.98,2554,0.6758959195083938,1520
Mongolia,2001,MNG,East Asia and Pacific,22.36,21.2,31,0.39,6.14,0.56,0.36,71.67,13.33,1.68,2555,0.6715162920098834,1635
Mongolia,2002,MNG,East Asia and Pacific,22.22,21.81,21,0.39,6.2,0.57,0.37,75.99,13.67,1.79,2556,0.6610468240889955,1907
Mongolia,2003,MNG,East Asia and Pacific,25.06,22.42,24,0.39,6.8,0.57,0.37,82.8,15.6,0.49,2557,0.6764633735322151,1499
Mongolia,2004,MNG,East Asia and Pacific,25.52,23.02,24,0.39,6.82,0.58,0.37,87.83,16.55,1.76,2558,0.66112170742215,1906
Mongolia,2005,MNG,East Asia and Pacific,32.41,23.63,29,0.39,7.04,0.58,0.37,90.3,17.3,0.92,2559,0.6717281576912243,1629
Mongolia,2006,MNG,East Asia and Pacific,25.56,24.24,32,0.4,7.13,0.58,0.38,89.88,19.74,1.22,2560,0.6740991219149253,1569
Mongolia,2007,MNG,East Asia and Pacific,23.28,24.84,29,0.4,7.2,0.58,0.38,88.59790166666662,23.17,2.73,2561,0.6468401517259498,2344
Mongolia,2008,MNG,East Asia and Pacific,21.42,25.44,33,0.4,5.56,0.57,0.38,88.37809833333333,25.42,1.76,2562,0.6702078793962841,1662
Mongolia,2009,MNG,East Asia and Pacific,22.76,26.04,29,0.4,5.86,0.55,0.38,97.62,25.91,1.4,2563,0.6745894706685767,1560
Mongolia,2010,MNG,East Asia and Pacific,28.06,26.63,29,0.4,6.55,0.57,0.38,91.52,24.7,0.31,2564,0.6786610705682121,1435
Mongolia,2011,MNG,East Asia and Pacific,32,27.04,28,0.41,4.77,0.57,0.37,87.70125166666665,35.15,0.76,2565,0.6614766990325269,1898
Mongolia,2012,MNG,East Asia and Pacific,31.51,27.34,30,0.4,3.9,0.58,0.36,87.30177499999999,50.1,0.23,2566,0.6468699940255173,2341
Mongolia,2013,MNG,East Asia and Pacific,37.1,27.66,30,0.4,4.23,0.57,0.36,88.25372166666665,57.75,1.02,2567,0.6222061412337104,3248
Mongolia,2014,MNG,East Asia and Pacific,34.68,27.98,28,0.41,4.8,0.57,0.36,91.65340166666664,43.46,1.88,2568,0.6346431077811759,2838
Mongolia,2015,MNG,East Asia and Pacific,36.38,28.31,30,0.38,4.86,0.56,0.36,91.03920166666661,37.64,2.13,2569,0.638865851385253,2684
Mongolia,2016,MNG,East Asia and Pacific,33.17,28.64,30,0.37,7.24,0.56,0.36,90.45383666666665,38.21,1.39,2570,0.6405462228986325,2617
Mongolia,2017,MNG,East Asia and Pacific,32.5,28.98,27,0.38,6.36,0.56,0.37,93.73617833333331,47.05,2.49,2571,0.6160435082733579,3388
Mongolia,2018,MNG,East Asia and Pacific,34.2,29.33,27,0.37,5.38,0.56,0.35,92.64896666666664,82.02,2.21,2572,0.5600150809748713,4202
Mongolia,2019,MNG,East Asia and Pacific,30.96,29.69,27,0.37,5.44,0.55,0.36,91.5,81.53,1.85,2573,0.5683729197391847,4120
Mongolia,2020,MNG,East Asia and Pacific,27.04,30.06,35,0.35,6.59,0.55,0.3583066666666665,98.05,45.37540333333333,2.35,2574,0.6302337306016909,2983
Mongolia,2021,MNG,East Asia and Pacific,34.21886119047618,45.91594739898992,35,0.33,7.75,0.55,0.3512133333333331,103.26,42.449788333333345,1.99,2575,0.6344249175803859,2847
Mongolia,2022,MNG,East Asia and Pacific,30.268671212121202,58.36178931623932,33,0.29,4.765874146891758,0.5432347621457487,0.3456966666666667,98.11737833333332,43.67405333333334,2.2,2576,0.6396476850204843,2654
Montenegro,2000,MNE,Europe and Central Asia,36.86687250000001,76.28399104978355,30.927999999999997,0.25,28.8,0.48,0.37,91.61056666666666,22.33,1.43,2577,0.5634833880682667,4170
Montenegro,2001,MNE,Europe and Central Asia,36.35809500000002,84.92049377705627,32.661833333333334,0.27,29.01,0.44,0.37,90.62660666666663,21.24,1.5,2578,0.5702516867552649,4105
Montenegro,2002,MNE,Europe and Central Asia,37.60330000000002,88.85067627705628,36.041000000000004,0.28,29.34,0.45,0.37,91.74006166666666,23.89,1.01,2579,0.5721224472159344,4086
Montenegro,2003,MNE,Europe and Central Asia,38.39106000000001,90.81693984848485,37.11416666666666,0.3,29.66,0.46,0.37,92.96,22.57,0.74,2580,0.5761155454153456,4035
Montenegro,2004,MNE,Europe and Central Asia,40.362201666666664,89.23068889610387,34.08366666666667,0.31,30.03,0.46,0.37,93.44,22.5,0.52,2581,0.5735552496770604,4069
Montenegro,2005,MNE,Europe and Central Asia,39.930563333333346,89.63400722943723,33.15616666666667,0.31,30.31,0.47,0.37,94.49,20.74,-0.04,2582,0.5781772142980964,4004
Montenegro,2006,MNE,Europe and Central Asia,40.22416499999999,83.87,30.681666666666676,0.31,24.97,0.48,0.38,95.56,23.33,0.48,2583,0.5963713780079936,3762
Montenegro,2007,MNE,Europe and Central Asia,39.43556833333334,85.12,33,0.33,19.4,0.48,0.39,95.75,25.04,1.7,2584,0.6163915550808625,3378
Montenegro,2008,MNE,Europe and Central Asia,38.54008000000002,86.35,34,0.34,17.15,0.49,0.4,95.38,26.05,1.27,2585,0.6344213349238401,2848
Montenegro,2009,MNE,Europe and Central Asia,38.50157333333335,87.57,39,0.34,19.09,0.49,0.4,97.51,21.48,1.23,2586,0.6355238633819082,2803
Montenegro,2010,MNE,Europe and Central Asia,37.901926666666675,88.78,37,0.34,19.65,0.5,0.39,100.35,27.42,1.19,2587,0.623466731230994,3217
Montenegro,2011,MNE,Europe and Central Asia,38.8,89.97,40,0.34,19.76,0.51,0.39,93.38,30.68,0.99,2588,0.6193284862234666,3327
Montenegro,2012,MNE,Europe and Central Asia,35.91,91.15,41,0.34,19.81,0.51,0.4,93.13,28.83,1.65,2589,0.6173806457207596,3361
Montenegro,2013,MNE,Europe and Central Asia,42.08,92.32,44,0.32,19.59,0.51,0.4,93.6298540909091,26.75,1.44,2590,0.6206241685331211,3296
Montenegro,2014,MNE,Europe and Central Asia,39.12,93.48,42,0.31,18.05,0.5,0.4,94.67326242424248,26.65,1.5,2591,0.6296992956720578,3000
Montenegro,2015,MNE,Europe and Central Asia,37.73,94.62,44,0.31,17.55,0.53,0.41,92.7,27.93,1.7,2592,0.6278229878219439,3069
Montenegro,2016,MNE,Europe and Central Asia,38.23,95.75,45,0.31,17.73,0.51,0.41,90.54,27.6,1.47,2593,0.6320856175723876,2923
Montenegro,2017,MNE,Europe and Central Asia,42.17,96.87,46,0.3,16.08,0.5,0.4,89.92,28.42,1.28,2594,0.6395238914605924,2661
Montenegro,2018,MNE,Europe and Central Asia,39.61,97.75,45,0.3,15.19,0.51,0.41,89.88,28.64,2.23,2595,0.63196373566983155,2928
Montenegro,2019,MNE,Europe and Central Asia,38.56,97.97,45,0.31,15.13,0.51,0.4,90.09,29.62,1.82,2596,0.6379208516504964,2714
Montenegro,2020,MNE,Europe and Central Asia,36.55,98.18,45,0.31,17.88,0.51,0.4002249999999999,90.4,27.90195833333332,1.71,2597,0.6287941550448415,3034
Montenegro,2021,MNE,Europe and Central Asia,37.67879166666667,94.96862888888893,46,0.31,16.87,0.51,0.40473166666666643,91.05,27.054861666666667,1.6,2598,0.6368797066568099,2759
Montenegro,2022,MNE,Europe and Central Asia,37.655590000000004,95.12907722222228,45,0.3,16.842450804382693,0.5051435836385837,0.4051816666666666,90.91702242424245,26.769569999999998,1.87,2599,0.632611702836567,2904
Morocco,2000,MAR,Middle East and North Africa,53.87,53.83,47,0.13,13.58,0.6,0.13,38.68,7.12,0.85,2600,0.6037165001413177,3638
Morocco,2001,MAR,Middle East and North Africa,53.25,54.71,37.586055555555554,0.13,12.46,0.6,0.14,40.51,7.47,1.75,2601,0.5948215050127004,3788
Morocco,2002,MAR,Middle East and North Africa,53.85,55.59,37,0.13,11.59,0.61,0.15,42.91,8.06,1.11,2602,0.6037425634166939,3637
Morocco,2003,MAR,Middle East and North Africa,56.21,56.46,33,0.13,11.92,0.61,0.15,45.18,7.56,1.59,2603,0.5949149229310328,3787
Morocco,2004,MAR,Middle East and North Africa,57.38,57.32,32,0.13,10.83,0.61,0.15,48.55,8.31,1.03,2604,0.6034122112857823,3649
Morocco,2005,MAR,Middle East and North Africa,59.66,58.3,32,0.14,11.01,0.61,0.15,50.35,8.8,1.19,2605,0.6006858554369355,3687
Morocco,2006,MAR,Middle East and North Africa,58.75,59.3,32,0.14,9.67,0.61,0.14,53.08,9.2,1.39,2606,0.604366261854955,3621
Morocco,2007,MAR,Middle East and North Africa,57.18,60.28,35,0.14,9.56,0.61,0.14,56.1,9.5,0.93,2607,0.6134003280620935,3438
Morocco,2008,MAR,Middle East and North Africa,56.41,61.25,35,0.14,9.57,0.61,0.14,58.2,10.12,1.07,2608,0.612865037856488,3448
Morocco,2009,MAR,Middle East and North Africa,54.5,62.21,33,0.14,8.96,0.6,0.14,60.97,9.94,1.16,2609,0.6164825784108879,3375
Morocco,2010,MAR,Middle East and North Africa,55.61,64.06,34,0.14,9.09,0.6,0.14,63.29,10.14,2.02,2610,0.6079007436690658,3546
Morocco,2011,MAR,Middle East and North Africa,54.24,65.93,34,0.17,8.91,0.6,0.14,66.52,10.01,1.7,2611,0.6170656843414422,3368
Morocco,2012,MAR,Middle East and North Africa,52.75,67.83,37,0.17,8.99,0.6,0.14,69.75,9.62,1.3,2612,0.626236784167292,3131
Morocco,2013,MAR,Middle East and North Africa,51.67,69.74,37,0.17,9.23,0.6,0.14,74.28468999999996,10.21,1.23,2613,0.6281810490120338,3055
Morocco,2014,MAR,Middle East and North Africa,49.16,71.68,39,0.17,9.7,0.6,0.13,78.52131166666659,10.22,1.6,2614,0.6267799389400771,3106
Morocco,2015,MAR,Middle East and North Africa,48.95,73.63,36,0.18,9.46,0.6,0.13,76.4053733333333,10.21,1.12,2615,0.6311946469942963,2957
Morocco,2016,MAR,Middle East and North Africa,48.85,75.6,37,0.18,9.3,0.6,0.13,77.43023666666663,9.91,1.84,2616,0.6257382328742932,3149
Morocco,2017,MAR,Middle East and North Africa,47.97,77.59,40,0.17,9.23,0.6,0.13,79.86,10.18,2.13,2617,0.6254151668398249,3162
Morocco,2018,MAR,Middle East and North Africa,46.99,79.59,43,0.17,9.24,0.6,0.13,80.23,10.27,0.6,2618,0.6454095622622821,2405
Morocco,2019,MAR,Middle East and North Africa,46.11,81.6,41,0.16,9.24,0.6,0.14,81.19,11.17,1.47,2619,0.6350599774619239,2825
Morocco,2020,MAR,Middle East and North Africa,42.02,83.62,40,0.16,11.11,0.6,0.16147500000000004,82.45,13.501360000000002,2.11,2620,0.6223414315322797,3244
Morocco,2021,MAR,Middle East and North Africa,44.54864803030304,80.26244573260074,39,0.16,10.54,0.6,0.15235500000000005,83.73,11.785859166666665,1.8,2621,0.6268754430474389,3100
Morocco,2022,MAR,Middle East and North Africa,44.26298469696971,80.68323214285714,38,0.16,10.596836567003926,0.6050355739436005,0.15351833333333342,82.40283666666659,14.477780833333336,2.3,2622,0.6163364868156996,3380
Mozambique,2000,MOZ,Sub-Saharan Africa,38.14,7.3,22,0.27,2.89,0.68,0.2,6.2,4.74,0.38,2623,0.6220895315197728,3254
Mozambique,2001,MOZ,Sub-Saharan Africa,26.08,7.34,25.935666666666666,0.28,2.84,0.68,0.2,6.98,5.17,0.48,2624,0.6312121062390856,2955
Mozambique,2002,MOZ,Sub-Saharan Africa,27.36,7.89,24.839666666666663,0.28,2.9,0.67,0.2,8.62,5.3,0.68,2625,0.6298533075506166,2994
Mozambique,2003,MOZ,Sub-Saharan Africa,21.22,8.45,27,0.28,2.95,0.67,0.2,13.810978333333335,5.16,0.59,2626,0.6374033163985845,2740
Mozambique,2004,MOZ,Sub-Saharan Africa,15.61,9.04,28,0.28,2.98,0.66,0.2,11.02,4.96,0.44,2627,0.6419651273818398,2548
Mozambique,2005,MOZ,Sub-Saharan Africa,12.32,9.69,28,0.29,3.03,0.66,0.2,13.44,5.19,1.05,2628,0.6397533351381491,2650
Mozambique,2006,MOZ,Sub-Saharan Africa,12.75,10.57,28,0.29,3.05,0.66,0.21,15.73,5.08,0.58,2629,0.6455397322229777,2399
Mozambique,2007,MOZ,Sub-Saharan Africa,12.02,11.53,28,0.29,3.1,0.65,0.21,18.41,5.28,0.65,2630,0.6475121559802507,2321
Mozambique,2008,MOZ,Sub-Saharan Africa,10.87,12.67,26,0.29,3.14,0.65,0.2,20.57,5.64,0.38,2631,0.6487698853475413,2287
Mozambique,2009,MOZ,Sub-Saharan Africa,8.24,13.89,25,0.28,3.19,0.66,0.2,23.24,5.43,0.59,2632,0.6468567266892147,2343
Mozambique,2010,MOZ,Sub-Saharan Africa,7.11,15.2,27,0.27,3.23,0.68,0.21,25.23,5.64,1.11,2633,0.6427444272088463,2523
Mozambique,2011,MOZ,Sub-Saharan Africa,6.72,16.6,27,0.27,3.26,0.69,0.21,26,5.7,0.81,2634,0.6449343905269616,2431
Mozambique,2012,MOZ,Sub-Saharan Africa,5.55,18.08,31,0.27,3.3,0.7,0.21,25.51,5.96,0.75,2635,0.6475775034980672,2317
Mozambique,2013,MOZ,Sub-Saharan Africa,8.02,19.64,30,0.27,3.35,0.71,0.21,34.09,6.35,0.48,2636,0.6504687423839026,2228
Mozambique,2014,MOZ,Sub-Saharan Africa,10.42,21.28,31,0.27,3.38,0.72,0.2,33.38,6.97,0.72,2637,0.6459103606291755,2380
Mozambique,2015,MOZ,Sub-Saharan Africa,11.26,23,31,0.28,3.43,0.72,0.21,33.57,6.31,1.03,2638,0.6451680250521442,2420
Mozambique,2016,MOZ,Sub-Saharan Africa,10.55,24.81,27,0.28,3.45,0.72,0.21,26.78,6.59,1.26,2639,0.6376424143823909,2726
Mozambique,2017,MOZ,Sub-Saharan Africa,9.67,26.69,25,0.26,3.45,0.72,0.22,35.41,6.42,0.84,2640,0.6434190359005149,2498
Mozambique,2018,MOZ,Sub-Saharan Africa,9.5,28.66,23,0.25,3.45,0.72,0.22,28.87,6.36,0.81,2641,0.639330969710624,2670
Mozambique,2019,MOZ,Sub-Saharan Africa,9.52,30.7,26,0.24,3.46,0.72,0.22,30.27,6.41,1.21,2642,0.63826432175373915,2704
Mozambique,2020,MOZ,Sub-Saharan Africa,9.96,32.83,25,0.22,3.78,0.72,0.23641833333333329,39.02,6.64986111111111,1.03,2643,0.6413063985061359,2579
Mozambique,2021,MOZ,Sub-Saharan Africa,11.800503333333333,29.31146578282829,26,0.24,3.94,0.72,0.2235884848484847,38.60762499999999,6.597658333333332,0.69,2644,0.6438556501250485,2480
Mozambique,2022,MOZ,Sub-Saharan Africa,16.019196666666666,25.70187201298701,26,0.23,4.154339926330978,0.6791318742368739,0.2292484848484847,40.32258666666667,5.532264999999998,0.83,2645,0.6457515847423989,2388
Myanmar,2000,MMR,East Asia and Pacific,85.66,27.11,16.62238095238095,0.05,0.65,0.62,0.34,36.87,3.31,0.22,2646,0.6070861753902032,3563
Myanmar,2001,MMR,East Asia and Pacific,85.9,28.62,16.78054761904762,0.05,0.66,0.62,0.34,37.79,3.45,0.63,2647,0.6046381252481657,3616
Myanmar,2002,MMR,East Asia and Pacific,82.23,30.17,16.827214285714287,0.05,0.66,0.62,0.34,39.48,3.57,0.68,2648,0.6076578770185171,3550
Myanmar,2003,MMR,East Asia and Pacific,83.17,31.74,16,0.05,0.66,0.62,0.33,40.12,4.15,0.65,2649,0.6062235498912444,3575
Myanmar,2004,MMR,East Asia and Pacific,78.88,33.35,17,0.05,0.65,0.62,0.33,43.26,4.42,0.6,2650,0.6114148386076038,3466
Myanmar,2005,MMR,East Asia and Pacific,82.5,34.99,18,0.05,0.66,0.62,0.32,44.34,4.48,0.93,2651,0.6071136346738039,3559
Myanmar,2006,MMR,East Asia and Pacific,75.02,36.67,19,0.05,0.66,0.62,0.32,46.31,4.64,0.86,2652,0.61454747614746,3409
Myanmar,2007,MMR,East Asia and Pacific,82.16,38.38,14,0.05,0.67,0.62,0.32,46.24,4.85,0.51,2653,0.608602517951823,3529
Myanmar,2008,MMR,East Asia and Pacific,82.46,40.12,13,0.05,0.68,0.62,0.32,48.55,4.77,0.5,2654,0.6088066101776024,3522
Myanmar,2009,MMR,East Asia and Pacific,82.27,41.89,14,0.05,0.69,0.62,0.31,47.93,4.97,0.92,2655,0.6060316429446092,3578
Myanmar,2010,MMR,East Asia and Pacific,80.74,43.7,14,0.09,0.7,0.62,0.31,48.14,5.16,1.2,2656,0.6080292571482402,3543
Myanmar,2011,MMR,East Asia and Pacific,77.28,45.54,15,0.12,0.72,0.62,0.31,47.1463116666667,5.15,0.51,2657,0.6188524911787463,3336
Myanmar,2012,MMR,East Asia and Pacific,76.7,47.41,15,0.16,0.73,0.62,0.31,51.66909833333336,4.97,0.92,2658,0.6209752926574427,3288
Myanmar,2013,MMR,East Asia and Pacific,72.23,49.32,21,0.21,0.72,0.62,0.31,54.15077666666666,5.07,0.99,2659,0.6332640209319474,2882
Myanmar,2014,MMR,East Asia and Pacific,66.04,51.25,21,0.21,0.72,0.62,0.31,51.79,5.61,0.9,2660,0.638050294160405,2710
Myanmar,2015,MMR,East Asia and Pacific,70.45,53.23,22,0.22,0.77,0.62,0.31,56.87681666666667,5.77,1.25,2661,0.6348200474301111,2830
Myanmar,2016,MMR,East Asia and Pacific,76.67,55.24,28,0.25,0.99,0.58,0.3,60.32,5.82,1.44,2662,0.6390436035359129,2678
Myanmar,2017,MMR,East Asia and Pacific,75.69,57.29,30,0.26,1.36,0.55,0.3,64.28,5.66,1.33,2663,0.647073633109964,2334
Myanmar,2018,MMR,East Asia and Pacific,76.45,59.38,29,0.26,0.77,0.54,0.29,68.44,6.21,1.06,2664,0.6512022796340955,2205
Myanmar,2019,MMR,East Asia and Pacific,75.95,61.5,29,0.27,0.41,0.54,0.3,66.27228166666664,7.28,1.73,2665,0.6457211162304352,2389
Myanmar,2020,MMR,East Asia and Pacific,72.71,63.66,28,0.27,1.48,0.54,0.2996400000000001,72.46952833333333,8.866757272727272,1.67,2666,0.6471521546672805,2332
Myanmar,2021,MMR,East Asia and Pacific,41.80413369047619,75.63974218779026,28,0.1,2.0626716179692717,0.54,0.3204649999999999,83.60243333333327,12.175379999999995,1.66,2667,0.659213817932194,1958
Myanmar,2022,MMR,East Asia and Pacific,42.705100357142854,71.19514996556808,23,0.09,1.9463170346359389,0.5504528205128203,0.31365666666666664,80.46894999999999,9.660276159420286,1.44,2668,0.6551243368959584,2087
Namibia,2000,NAM,Sub-Saharan Africa,6.68,42.5,54,0.41,20.3,0.78,0.34,59.34,27.82,-0.04,2669,0.6070123290615588,3564
Namibia,2001,NAM,Sub-Saharan Africa,6.33,43.53,54,0.41,20.86,0.78,0.34,63.63,27.98,0.41,2670,0.6019513493765061,3669
Namibia,2002,NAM,Sub-Saharan Africa,6.74,44.74,57,0.41,21.27,0.78,0.34,63.2,28.12,0.92,2671,0.5966883914525247,3758
Namibia,2003,NAM,Sub-Saharan Africa,6.6,45.96,47,0.41,21.8,0.78,0.34,63.05,28.42,1.29,2672,0.5836362657301438,3937
Namibia,2004,NAM,Sub-Saharan Africa,6.36,47.17,41,0.42,22.09,0.78,0.34,63.15,28.52,0.86,2673,0.5832758178682849,3944
Namibia,2005,NAM,Sub-Saharan Africa,6.27,48.36,43,0.42,22.33,0.78,0.35,63.51,28.41,0.82,2674,0.5849302300709012,3923
Namibia,2006,NAM,Sub-Saharan Africa,5.65,49.52,41,0.42,22.18,0.77,0.35,64.04,28.56,-0.08,2675,0.5941312595150937,3799
Namibia,2007,NAM,Sub-Saharan Africa,5.8,50.67,45,0.42,22.2,0.77,0.36,65.78,28.57,1,2676,0.5883131841288477,3870
Namibia,2008,NAM,Sub-Saharan Africa,6.9,51.79,45,0.42,22.25,0.77,0.36,67.95321333333332,28.74,0.67,2677,0.591457690933144,3834
Namibia,2009,NAM,Sub-Saharan Africa,8.49,52.88,45,0.42,22.29,0.77,0.36,67.65850499999999,28.05,0.46,2678,0.593489895290422,3811
Namibia,2010,NAM,Sub-Saharan Africa,9.28,53.94,44,0.4,22.12,0.76,0.36,70.47427166666665,27.88,1.21,2679,0.5873894373966904,3888
Namibia,2011,NAM,Sub-Saharan Africa,10.3,54.98,44,0.41,19.46,0.76,0.37,71.80957166666667,27.53,-0.48,2680,0.618355597351741,3343
Namibia,2012,NAM,Sub-Saharan Africa,10.91,56,48,0.41,16.77,0.75,0.37,75.98825666666666,27.03,-0.13,2681,0.6362271096119823,2773
Namibia,2013,NAM,Sub-Saharan Africa,9.89,57,48,0.41,19.03,0.75,0.37,80.66323000000001,27.16,0.76,2682,0.6183416661256625,3344
Namibia,2014,NAM,Sub-Saharan Africa,9.04,57.96,49,0.42,18.52,0.74,0.38,81.10359,26.84,0.44,2683,0.6289543606540627,3024
Namibia,2015,NAM,Sub-Saharan Africa,7.33,58.88,53,0.45,20.9,0.74,0.38,85.36567666666667,26.59,1.22,2684,0.6159141814962715,3391
Namibia,2016,NAM,Sub-Saharan Africa,7.71,59.77,52,0.46,23.35,0.74,0.38,87.34759,26.48,1.47,2685,0.6007438325081116,3685
Namibia,2017,NAM,Sub-Saharan Africa,7.79,60.63,51,0.44,21.66,0.74,0.39,85.96653,26.36,0.82,2686,0.6150532269727529,3403
Namibia,2018,NAM,Sub-Saharan Africa,8.07,61.44,53,0.43,19.88,0.74,0.4,84.317585,26.23,1.11,2687,0.6225210780958178,3239
Namibia,2019,NAM,Sub-Saharan Africa,7.93,61.81,52,0.4,20,0.74,0.4,84.5916333333333,26.1,1.82,2688,0.6113140458219565,3470
Namibia,2020,NAM,Sub-Saharan Africa,7.44,62.08,51,0.39,21.24,0.74,0.37752523809523786,83.78836,27.220972380952393,0.6,2689,0.6138647491005838,3428
Namibia,2021,NAM,Sub-Saharan Africa,9.385621666666667,55.93251634705302,49,0.38,21.27,0.74,0.36782690476190466,78.20957999999997,27.148939047619045,-0.06,2690,0.613054812294736,3445
Namibia,2022,NAM,Sub-Saharan Africa,27.078369166666675,36.98230270146519,49,0.38,16.71846022526424,0.6555396078431373,0.3159761904761905,66.129775,10.85523083333333,0.24,2691,0.6445906465337259,2441
Nepal,2000,NPL,South Asia,55.78,43.02,28.04819047619047,0.22,10.6,0.55,0.15,35.76,2.71,0.08,2692,0.6215998590739611,3270
Nepal,2001,NPL,South Asia,51.27,44.33,28.462833333333332,0.22,10.57,0.55,0.15,38.97,2.73,0.45,2693,0.6237674449726979,3211
Nepal,2002,NPL,South Asia,51.96,45.55,27.565,0.19,10.42,0.55,0.16,43.43,2.7,0.55,2694,0.622558010535325,3238
Nepal,2003,NPL,South Asia,53.81,46.78,27.171857142857142,0.13,10.54,0.55,0.16,44.65,2.82,0.31,2695,0.6181436762753352,3345
Nepal,2004,NPL,South Asia,51.6,48.01,28,0.13,10.56,0.55,0.16,45.78789666666665,2.69,0.35,2696,0.6206949517689309,3295
Nepal,2005,NPL,South Asia,49.22,49.26,25,0.13,10.52,0.55,0.16,48.15,2.73,0.68,2697,0.6184601262245597,3341
Nepal,2006,NPL,South Asia,42.5,50.51,25,0.13,10.52,0.55,0.16,45.33,2.78,0.8,2698,0.6209696750882854,3289
Nepal,2007,NPL,South Asia,60.96,51.77,25,0.15,10.51,0.55,0.16,45,2.85,0.73,2699,0.6107222049610894,3488
Nepal,2008,NPL,South Asia,61.63,53.04,27,0.23,10.59,0.54,0.16,51.04,2.91,0.35,2700,0.6242267534564911,3196
Nepal,2009,NPL,South Asia,57.62,54.32,23,0.27,10.54,0.54,0.16,51.79,3.21,1.12,2701,0.6207394001884545,3294
Nepal,2010,NPL,South Asia,56.2,55.6,22,0.26,10.55,0.54,0.17,57.63,3.59,1.14,2702,0.6226699561867347,3233
Nepal,2011,NPL,South Asia,58.38,56.89,22,0.27,10.5,0.54,0.18,60.26,3.69,0.23,2703,0.6319578114336666,2929
Nepal,2012,NPL,South Asia,56.08,58.19,27,0.2,10.53,0.54,0.19,63.75,3.75,0.4,2704,0.6327985923058578,2900
Nepal,2013,NPL,South Asia,63.53,59.49,31,0.16,10.5,0.54,0.2,65.35,4.11,0.19,2705,0.6296589730227736,3003
Nepal,2014,NPL,South Asia,60.05,60.8,29,0.31,10.58,0.53,0.21,66.88,4.26,0.34,2706,0.6442801049219364,2461
Nepal,2015,NPL,South Asia,59.44,62.11,27,0.35,10.51,0.53,0.22,67.84,4.03,0.65,2707,0.6452010473568285,2419
Nepal,2016,NPL,South Asia,55.44,63.43,29,0.37,10.4,0.53,0.23,70.78,4.9,1.17,2708,0.6483082893783462,2304
Nepal,2017,NPL,South Asia,57.38,64.74,31,0.45,10.66,0.53,0.23,76.24,5.25,1.07,2709,0.6564287366725501,2046
Nepal,2018,NPL,South Asia,57.73,66.07,31,0.42,10.62,0.53,0.23,74.36341833333331,6.3,0.63,2710,0.6572682710790785,2021
Nepal,2019,NPL,South Asia,57.91,67.39,34,0.39,10.6,0.53,0.23,80.18,6.42,0.85,2711,0.6576638513169916,2008
Nepal,2020,NPL,South Asia,54.17,68.72,33,0.39,13.08,0.53,0.2312766666666668,85.52,6.981913333333333,0.23,2712,0.6572862096117484,2019
Nepal,2021,NPL,South Asia,51.38958833333332,69.12120511904764,33,0.39,12.22,0.53,0.23459000000000022,84.7,7.063738333333332,0.63,2713,0.6596719223002433,1945
Nepal,2022,NPL,South Asia,51.237848333333325,69.62862048701297,34,0.43,11.069582560503225,0.5431233333333337,0.22776166666666675,77.73538833333332,6.676953333333333,1.13,2714,0.6593830967625578,1955
Netherlands,2000,NLD,Europe and Central Asia,11.03,100,89,0.58,2.73,0.38,0.3,122.42,31.57,1.6,2715,0.7886501803110169,47
Netherlands,2001,NLD,Europe and Central Asia,10.47,100,88,0.58,2.12,0.39,0.3,122.85,30.57,1.27,2716,0.7992159566298583,22
Netherlands,2002,NLD,Europe and Central Asia,9.81,100,90,0.57,2.55,0.39,0.3,120.76,32.3,1.53,2717,0.7886375215517312,48
Netherlands,2003,NLD,Europe and Central Asia,9.61,100,89,0.58,3.59,0.4,0.3,120.88,37.4,1.21,2718,0.7841242579905358,59
Netherlands,2004,NLD,Europe and Central Asia,9.96,100,87,0.58,4.65,0.4,0.3,118.18,37.21,1.16,2719,0.7797765333828455,84
Netherlands,2005,NLD,Europe and Central Asia,9.89,100,86,0.61,5.87,0.41,0.3,118.37,37.44,1.25,2720,0.7743218538498038,113
Netherlands,2006,NLD,Europe and Central Asia,8.33,100,87,0.61,5,0.41,0.3,118.6,42.4,1.51,2721,0.7641126607538063,162
Netherlands,2007,NLD,Europe and Central Asia,7.89,100,90,0.63,4.15,0.42,0.31,119.48,36.61,2.07,2722,0.7681509173742191,141
Netherlands,2008,NLD,Europe and Central Asia,9.92,100,89,0.63,3.65,0.4,0.32,120.44,35.65,1.43,2723,0.7881882036116896,50
Netherlands,2009,NLD,Europe and Central Asia,9.07,100,89,0.63,4.35,0.4,0.34,120.61,33.52,1.22,2724,0.7971636503705952,24
Netherlands,2010,NLD,Europe and Central Asia,9.1,100,88,0.61,4.99,0.41,0.34,122.08,34.74,0.1,2725,0.8124153813158266,5
Netherlands,2011,NLD,Europe and Central Asia,9.48,100,89,0.61,4.98,0.41,0.34,128.18,31.84,1.07,2726,0.8019139027847438,12
Netherlands,2012,NLD,Europe and Central Asia,10.09,100,84,0.61,5.82,0.41,0.35,110.11,31.86,1.15,2727,0.786563024989442,56
Netherlands,2013,NLD,Europe and Central Asia,11.53,100,83,0.61,7.24,0.4,0.35,112.41176999999998,31.62,0.43,2728,0.7949205405449459,28
Netherlands,2014,NLD,Europe and Central Asia,11.59,100,83,0.61,7.42,0.41,0.35,114.0078433333333,31.13,2.56,2729,0.7478462451516639,264
Netherlands,2015,NLD,Europe and Central Asia,11.29,100,84,0.61,6.87,0.41,0.35,114.22,30.5,1.29,2730,0.7824554555299208,68
Netherlands,2016,NLD,Europe and Central Asia,11.28,100,83,0.64,6.01,0.41,0.35,113.76,29.47,1.94,2731,0.7738121789967496,115
Netherlands,2017,NLD,Europe and Central Asia,11.05,100,82,0.63,4.84,0.42,0.36,116.41,29.99,1.73,2732,0.7828103319740581,64
Netherlands,2018,NLD,Europe and Central Asia,10.79,100,82,0.63,3.83,0.41,0.36,115.23,29.26,2.14,2733,0.7770427250564613,99
Netherlands,2019,NLD,Europe and Central Asia,10.57,100,82,0.59,3.38,0.41,0.36,115.04,27.68,2.14,2734,0.777630172700762,96
Netherlands,2020,NLD,Europe and Central Asia,9.32,100,82,0.59,3.82,0.41,0.3599983333333332,115.17,35.86341333333334,2.48,2735,0.7558219040641396,212
Netherlands,2021,NLD,Europe and Central Asia,15.130915808080818,99.65709500000001,82,0.59,4.21,0.41,0.3739333333333333,116.26616499999999,38.81196075757574,1.32,2736,0.7754085834558561,106
Netherlands,2022,NLD,Europe and Central Asia,22.657559444444445,99.3241023809524,80,0.58,5.254115467093295,0.4608663445378148,0.38980333333333334,115.07352166666671,50.13164,2.6,2737,0.7123295227963251,668
New Zealand,2000,NZL,East Asia and Pacific,15.36,100,94,0.72,6.13,0.45,0.37,110.76,46.99,0.27,2738,0.7789599258552,88
New Zealand,2001,NZL,East Asia and Pacific,16.99,100,94,0.72,5.43,0.46,0.37,111.73,48.22,0.57,2739,0.7727266402849392,118
New Zealand,2002,NZL,East Asia and Pacific,16.06,100,95,0.72,5.28,0.46,0.37,116.09,48.94,0.42,2740,0.7770312620369422,100
New Zealand,2003,NZL,East Asia and Pacific,15.38,100,95,0.71,4.75,0.47,0.37,118.77,50.86,0.24,2741,0.7772391486414035,97
New Zealand,2004,NZL,East Asia and Pacific,14.11,100,96,0.7,4.01,0.47,0.37,116.59,52.12,0.03,2742,0.7793241273146421,86
New Zealand,2005,NZL,East Asia and Pacific,14.07,100,96,0.7,3.81,0.45,0.37,120.25,52.87,0.44,2743,0.7760705623242734,103
New Zealand,2006,NZL,East Asia and Pacific,13.84,100,96,0.69,3.86,0.39,0.37,118.43,48.41,0.39,2744,0.7905711826383004,41
New Zealand,2007,NZL,East Asia and Pacific,11.45,100,94,0.68,3.66,0.41,0.37,119.35,48.66,0.24,2745,0.7923641481386335,38
New Zealand,2008,NZL,East Asia and Pacific,13.24,100,93,0.68,4.17,0.38,0.38,117.1,46.98,0.56,2746,0.7893844508019063,44
New Zealand,2009,NZL,East Asia and Pacific,12.36,100,94,0.69,6.12,0.43,0.38,124.66,42.6,0.06,2747,0.8014261481565543,14
New Zealand,2010,NZL,East Asia and Pacific,11.96,100,93,0.69,6.56,0.43,0.37,119.06,42.76,0.6,2748,0.7867515343218332,55
New Zealand,2011,NZL,East Asia and Pacific,12.1,100,95,0.71,6.49,0.45,0.38,118.5,43.75,0.67,2749,0.7840659597232977,60
New Zealand,2012,NZL,East Asia and Pacific,12.27,100,90,0.7,6.93,0.47,0.38,117.11,45.56,0.13,2750,0.7812335709812394,75
New Zealand,2013,NZL,East Asia and Pacific,12.37,100,91,0.7,5.84,0.45,0.38,115.26,45.25,1,2751,0.7738163647613462,114
New Zealand,2014,NZL,East Asia and Pacific,12.85,100,91,0.7,5.43,0.45,0.37,115.38,45.37,0.54,2752,0.7826936927552932,65
New Zealand,2015,NZL,East Asia and Pacific,13.36,100,91,0.7,5.41,0.46,0.37,114.75,44.8,0.57,2753,0.7818486744860349,72
New Zealand,2016,NZL,East Asia and Pacific,13.58,100,90,0.7,5.15,0.45,0.38,114.36,43.06,1.21,2754,0.7753394185121959,108
New Zealand,2017,NZL,East Asia and Pacific,13.58,100,89,0.7,4.74,0.46,0.38,114.59,44.41,0.63,2755,0.7839092664601993,61
New Zealand,2018,NZL,East Asia and Pacific,12.91,100,87,0.7,4.33,0.46,0.38,114.64,43.87,1.17,2756,0.7754891159478179,105
New Zealand,2019,NZL,East Asia and Pacific,12.15,100,87,0.69,4.11,0.46,0.39,123.14,45.27,1.12,2757,0.7784149768576402,92
New Zealand,2020,NZL,East Asia and Pacific,11.58,100,88,0.69,4.6,0.46,0.3788244927536231,120.38,44.97219266025641,0.91,2758,0.7804872798732313,79
New Zealand,2021,NZL,East Asia and Pacific,14.805053349248793,99.203955,88,0.68,3.78,0.46,0.37745115942028984,121.45986954545445,45.80623099358974,0.98,2759,0.7779137354658477,94
New Zealand,2022,NZL,East Asia and Pacific,13.328798349248789,99.86443666666668,87,0.67,4.675363153536015,0.45206333333333354,0.3790994927536233,119.51717454545445,49.6673776602564,1.32,2760,0.7597901104787836,188
Nicaragua,2000,NIC,Latin America and Caribbean,43.88,59.36,28.12749999999999,0.36,7.39,0.68,0.27,52.68,7.95,0.14,2761,0.6513074567645941,2202
Nicaragua,2001,NIC,Latin America and Caribbean,40.38,60.61,24,0.36,7.47,0.69,0.27,55.71,7.97,0.5,2762,0.6467582611230984,2349
Nicaragua,2002,NIC,Latin America and Caribbean,45.29,61.85,25,0.37,7.58,0.69,0.28,60.19,8.11,0.79,2763,0.6443499103481047,2455
Nicaragua,2003,NIC,Latin America and Caribbean,38.69,63.09,26,0.37,7.6,0.68,0.29,71.16651833333331,8.63,0.74,2764,0.6563287843281279,2049
Nicaragua,2004,NIC,Latin America and Caribbean,41.56,64.33,27,0.37,6.41,0.68,0.3,65.11,8.19,0.58,2765,0.6597109851882679,1942
Nicaragua,2005,NIC,Latin America and Caribbean,39.17,65.56,26,0.37,5.37,0.67,0.31,68.19,8.34,0.84,2766,0.6644895929576571,1807
Nicaragua,2006,NIC,Latin America and Caribbean,41.98,66.82,26,0.34,5.31,0.67,0.32,69.02,8.5,0.71,2767,0.6625503924120035,1868
Nicaragua,2007,NIC,Latin America and Caribbean,41.94,68.06,26,0.27,4.89,0.68,0.32,72.67,8.68,0.84,2768,0.6566840985038565,2039
Nicaragua,2008,NIC,Latin America and Caribbean,40.91,69.31,25,0.26,6.2,0.67,0.32,71.76,8.33,0.57,2769,0.6557758584310005,2068
Nicaragua,2009,NIC,Latin America and Caribbean,38.32,70.54,25,0.26,8.16,0.66,0.31,69.02038833333334,8.04,0.82,2770,0.6487911290770505,2285
Nicaragua,2010,NIC,Latin America and Caribbean,37.49,71.78,25,0.26,7.83,0.66,0.3,73.43,8.2,0.87,2771,0.6510920601067616,2210
Nicaragua,2011,NIC,Latin America and Caribbean,37.83,73,25,0.25,6.5,0.65,0.3,75.99516333333335,8.78,0.7,2772,0.6580509446280748,1995
Nicaragua,2012,NIC,Latin America and Caribbean,37.64,74.23,29,0.23,5.21,0.65,0.3,77.01559833333336,8.75,0.68,2773,0.6649015671942722,1793
Nicaragua,2013,NIC,Latin America and Caribbean,36.9,75.45,28,0.2,5.28,0.65,0.3,75.94440500000002,8.42,1.2,2774,0.656172808863924,2054
Nicaragua,2014,NIC,Latin America and Caribbean,35.33,76.66,28,0.19,4.52,0.65,0.29,76.50159833333335,8.6,0.8,2775,0.6622376279138351,1877
Nicaragua,2015,NIC,Latin America and Caribbean,35.39,77.52,27,0.19,4.7,0.65,0.3,78.56408500000002,8.93,1.02,2776,0.6597103150893114,1943
Nicaragua,2016,NIC,Latin America and Caribbean,35.02,78.37,26,0.18,3.9,0.65,0.3,80.94789166666668,8.88,1.32,2777,0.65812217802954,1993
Nicaragua,2017,NIC,Latin America and Caribbean,33.84,79.16,26,0.17,3.3,0.65,0.3,78.59471000000002,8.57,1.03,2778,0.6621640327581412,1880
Nicaragua,2018,NIC,Latin America and Caribbean,33.16,79.26,25,0.14,5.2,0.65,0.3,74.25716666666669,8.45,0.9,2779,0.6534078402571571,2147
Nicaragua,2019,NIC,Latin America and Caribbean,33.22,79.36,22,0.14,5.2,0.64,0.29,75.3839216666667,8.58,1.16,2780,0.6489986157283055,2279
Nicaragua,2020,NIC,Latin America and Caribbean,32.27,79.47,22,0.13,5.94,0.66,0.31643285714285707,80.84696166666664,11.38303333333333,1.53,2781,0.6407455812460982,2609
Nicaragua,2021,NIC,Latin America and Caribbean,31.047989047619048,82.15155071428572,20,0.12,5.93,0.66,0.315455,77.97707666666668,13.256723333333332,1.03,2782,0.6415458928170219,2569
Nicaragua,2022,NIC,Latin America and Caribbean,31.79349738095238,81.62531321428577,19,0.11,5.475857122430292,0.645226944444444,0.3138733333333333,76.86130999999999,13.405576666666667,0.84,2783,0.6436116699543099,2487
Niger,2000,NER,Sub-Saharan Africa,60.33,8.81,20.992333333333335,0.28,1.52,0.63,0.4,6.59,3.14,0.68,2784,0.6261405397199259,3134
Niger,2001,NER,Sub-Saharan Africa,60.26,9.21,20.229166666666668,0.28,1.47,0.63,0.39,6.49,3.06,0.17,2785,0.6292272694613957,3012
Niger,2002,NER,Sub-Saharan Africa,59.45,9.59,21.5135,0.28,1.9,0.64,0.38,6.55,3.13,0.54,2786,0.6257358780564132,3150
Niger,2003,NER,Sub-Saharan Africa,61.08,9.98,21.372500000000006,0.29,2.35,0.64,0.37,7.16,3.37,0.78,2787,0.6219735904397983,3260
Niger,2004,NER,Sub-Saharan Africa,59.83,10.37,22,0.35,2.79,0.64,0.36,8.71,3.46,0.55,2788,0.6281214024792036,3059
Niger,2005,NER,Sub-Saharan Africa,51.34,10.76,24,0.36,3.1,0.65,0.35,9.63,3.4,1.17,2789,0.6290716801654193,3020
Niger,2006,NER,Sub-Saharan Africa,49.89,11.16,23,0.36,2.65,0.62,0.35,11.05,3.2,1.18,2790,0.634220539714569,2854
Niger,2007,NER,Sub-Saharan Africa,53.66,11.56,26,0.36,2.22,0.59,0.34,10.6,3.08,0.87,2791,0.6402604625574193,2628
Niger,2008,NER,Sub-Saharan Africa,52.61,11.96,28,0.36,1.7,0.58,0.34,10.91,3.05,0.28,2792,0.6497891830423613,2251
Niger,2009,NER,Sub-Saharan Africa,53.67,12.37,29,0.3,1.27,0.56,0.33,11.43,3.1,1.31,2793,0.6394326462333257,2668
Niger,2010,NER,Sub-Saharan Africa,55.53,12.79,28,0.22,0.77,0.55,0.33,13.04,3.07,1.56,2794,0.6320809779929817,2925
Niger,2011,NER,Sub-Saharan Africa,57.74,13.2,25,0.4,0.32,0.53,0.32,13.88,2.97,0.96,2795,0.6488223003412558,2283
Niger,2012,NER,Sub-Saharan Africa,60.81,13.62,33,0.45,2.18,0.54,0.31,15.06,3.15,0.59,2796,0.6541874959678876,2119
Niger,2013,NER,Sub-Saharan Africa,56.54,14.05,34,0.46,1.38,0.54,0.24,16.25,3.21,0.81,2797,0.6553793731109127,2079
Niger,2014,NER,Sub-Saharan Africa,54.67,14.48,35,0.46,0.52,0.55,0.17,18.2,3.29,0.99,2798,0.6531030316239493,2153
Niger,2015,NER,Sub-Saharan Africa,51.69,14.93,34,0.45,0.53,0.56,0.16,20.09,3.12,0.83,2799,0.654811011565222,2096
Niger,2016,NER,Sub-Saharan Africa,58.51,15.4,35,0.37,0.53,0.57,0.16,23.12,3.12,0.93,2800,0.6450625289159346,2424
Niger,2017,NER,Sub-Saharan Africa,48.31,15.87,33,0.34,0.54,0.58,0.16,24.25,3.16,0.84,2801,0.6491984677004087,2271
Niger,2018,NER,Sub-Saharan Africa,48.96,16.36,34,0.31,0.54,0.59,0.15,28.39817666666668,3.18,1.07,2802,0.6454489212712983,2403
Niger,2019,NER,Sub-Saharan Africa,46.1,16.87,32,0.34,0.55,0.59,0.15,28.779933333333332,3.24,0.94,2803,0.6494117979209381,2264
Niger,2020,NER,Sub-Saharan Africa,43.35,17.39,32,0.36,0.68,0.59,0.2043169047619048,28.99688666666665,3.944447307692308,0.78,2804,0.6573675378417196,2014
Niger,2021,NER,Sub-Saharan Africa,48.75955333333331,22.94169583333335,31,0.34,0.67,0.59,0.20132166666666676,33.584063333333326,4.949110000000002,1.43,2805,0.647643355017971,2314
Niger,2022,NER,Sub-Saharan Africa,48.594157777777774,24.43440750000002,32,0.33,3.500481806482992,0.6087588095238098,0.2574924999999999,43.44947,5.165858333333333,0.43,2806,0.6565505185412722,2041
Nigeria,2000,NGA,Sub-Saharan Africa,60.16,13.91,12,0.32,3.85,0.59,0.3,24.61,4.09,0.53,2807,0.6241583760007903,3198
Nigeria,2001,NGA,Sub-Saharan Africa,60.75,14.36,10,0.32,3.84,0.59,0.29,27.03,4.78,0.23,2808,0.6243413170275216,3188
Nigeria,2002,NGA,Sub-Saharan Africa,65.05,15.03,16,0.32,3.75,0.58,0.29,29.61,4.62,0.78,2809,0.6241278369989702,3201
Nigeria,2003,NGA,Sub-Saharan Africa,72.81,15.71,14,0.3,3.81,0.58,0.3,31.401106666666674,5.05,0.78,2810,0.6162149172050359,3383
Nigeria,2004,NGA,Sub-Saharan Africa,64.55,16.41,16,0.29,3.79,0.58,0.3,35,4.93,0.7,2811,0.6255900380282593,3156
Nigeria,2005,NGA,Sub-Saharan Africa,65.97,17.11,19,0.29,3.81,0.57,0.3,34.96,5.13,1.18,2812,0.6235373687178477,3216
Nigeria,2006,NGA,Sub-Saharan Africa,70.46,17.83,22,0.29,3.8,0.57,0.3,34.46,4.64,1.2,2813,0.6226654632692301,3234
Nigeria,2007,NGA,Sub-Saharan Africa,70.94,18.56,22,0.29,3.79,0.56,0.3,31.87,4.91,0.82,2814,0.6255078041831036,3158
Nigeria,2008,NGA,Sub-Saharan Africa,72.76,19.3,27,0.29,3.78,0.56,0.3,35.39,4.83,0.59,2815,0.6313463549881704,2949
Nigeria,2009,NGA,Sub-Saharan Africa,74.47,20.06,25,0.29,3.76,0.55,0.3,39.23,4.63,1.3,2816,0.624911788325659,3176
Nigeria,2010,NGA,Sub-Saharan Africa,76.88,20.83,24,0.3,3.76,0.55,0.3,44.22,4.91,1.43,2817,0.6233758313349632,3221
Nigeria,2011,NGA,Sub-Saharan Africa,74.73,21.61,24,0.33,3.77,0.54,0.3,45.56,4.91,0.85,2818,0.6340337998748358,2858
Nigeria,2012,NGA,Sub-Saharan Africa,72.84,22.4,27,0.34,3.75,0.54,0.29,47.18,4.69,0.53,2819,0.6419872334606657,2547
Nigeria,2013,NGA,Sub-Saharan Africa,70.93,23.21,25,0.36,3.7,0.55,0.29,56.21,5.05,0.92,2820,0.6425043618555125,2532
Nigeria,2014,NGA,Sub-Saharan Africa,71.85,24.03,27,0.36,3.94,0.55,0.28,45.62,4.87,1.01,2821,0.6377218747184932,2722
Nigeria,2015,NGA,Sub-Saharan Africa,71.89,24.86,26,0.38,4.22,0.55,0.28,46.78,4.68,1.19,2822,0.6365891144040059,2766
Nigeria,2016,NGA,Sub-Saharan Africa,75.19,25.71,28,0.38,4.51,0.55,0.28,42,4.65,1.17,2823,0.6331399534809755,2886
Nigeria,2017,NGA,Sub-Saharan Africa,77.39,26.57,27,0.38,4.73,0.55,0.28,44.19870666666669,4.6,1.17,2824,0.630913970306367,2963
Nigeria,2018,NGA,Sub-Saharan Africa,75.95,27.44,27,0.38,4.96,0.55,0.28,43.51,4.36,1.09,2825,0.6324250785952849,2912
Nigeria,2019,NGA,Sub-Saharan Africa,71.5,28.32,26,0.35,5.21,0.55,0.28,45.03677833333335,4.37,1.23,2826,0.6321509919495893,2920
Nigeria,2020,NGA,Sub-Saharan Africa,74.68,29.21,25,0.35,6,0.55,0.2677150000000002,45.47528833333335,4.621079761904763,1.13,2827,0.6267386610230522,3107
Nigeria,2021,NGA,Sub-Saharan Africa,62.018187777777776,41.57276500000001,24,0.33,5.94,0.55,0.24499916666666663,45.97030166666664,4.634599999999999,1.56,2828,0.6324408877969013,2911
Nigeria,2022,NGA,Sub-Saharan Africa,59.116860522875825,25.141907222222223,24,0.33,4.488919798872845,0.5685786363636364,0.2720025000000001,45.67566166666665,4.650736666666667,0.79,2829,0.6424725712592924,2534
North Macedonia,2000,MKD,Europe and Central Asia,42.09,94.5,34.508833333333335,0.28,32.2,0.46,0.33,81.35,14.79,1.07,2830,0.5601772877132168,4201
North Macedonia,2001,MKD,Europe and Central Asia,42.38,94.5,34.986000000000004,0.28,30.52,0.47,0.33,81.61,14.28,1.59,2831,0.5637471891242233,4167
North Macedonia,2002,MKD,Europe and Central Asia,42.57,94.5,28.884,0.33,31.94,0.47,0.35,80.9,14.43,0.36,2832,0.5672177832604233,4134
North Macedonia,2003,MKD,Europe and Central Asia,43.79,94.5,23,0.38,36.69,0.47,0.36,81.56,14.42,0.62,2833,0.5424650716033554,4294
North Macedonia,2004,MKD,Europe and Central Asia,42.53,94.51,27,0.42,37.16,0.47,0.36,81.32,14.76,0.36,2834,0.5469476777852452,4278
North Macedonia,2005,MKD,Europe and Central Asia,41.24,94.6,27,0.41,37.32,0.47,0.35,81.53,15.3,0.15,2835,0.5469099749343518,4279
North Macedonia,2006,MKD,Europe and Central Asia,37,94.69,27,0.4,36.03,0.47,0.35,82.12150500000001,15.02,0.37,2836,0.5532796829320672,4243
North Macedonia,2007,MKD,Europe and Central Asia,37.29,94.77,33,0.39,35.23,0.47,0.36,81.57,16.23,1.52,2837,0.5493609459930442,4260
North Macedonia,2008,MKD,Europe and Central Asia,32.03,94.86,36,0.37,33.93,0.49,0.35,81.23,17.24,1.13,2838,0.5590141304730288,4207
North Macedonia,2009,MKD,Europe and Central Asia,34.79,94.95,38,0.35,32.35,0.49,0.35,81.01,16.69,1.01,2839,0.5669826671245541,4136
North Macedonia,2010,MKD,Europe and Central Asia,37.79,95.03,41,0.35,33.13,0.49,0.35,82.2,16.79,1.35,2840,0.5604607350107026,4197
North Macedonia,2011,MKD,Europe and Central Asia,35.8,95.12,39,0.32,31.5,0.49,0.36,85.09247833333335,17.51,0.74,2841,0.5724709401641601,4083
North Macedonia,2012,MKD,Europe and Central Asia,35.24,95.21,43,0.31,31.2,0.48,0.36,82.39,17.5,1.45,2842,0.5698300676628795,4106
North Macedonia,2013,MKD,Europe and Central Asia,33.71,95.3,44,0.3,29.14,0.47,0.36,80.95,16.7,1.42,2843,0.5829813743193928,3949
North Macedonia,2014,MKD,Europe and Central Asia,34.98,95.39,45,0.3,28.38,0.46,0.36,80.57,16.12,1.29,2844,0.5895482526458418,3856
North Macedonia,2015,MKD,Europe and Central Asia,34.26,95.48,42,0.3,26.43,0.45,0.37,81.89,15.73,1.48,2845,0.5987121223623918,3713
North Macedonia,2016,MKD,Europe and Central Asia,35.32,95.57,37,0.29,24.3,0.45,0.36,83.73151166666666,15.45,1.64,2846,0.6039442199500534,3631
North Macedonia,2017,MKD,Europe and Central Asia,41.04,95.66,35,0.36,22.81,0.45,0.36,81.45,16.16,1.06,2847,0.6166234934998297,3374
North Macedonia,2018,MKD,Europe and Central Asia,41.23,95.76,37,0.39,21.2,0.44,0.36,79.99,15.52,2.08,2848,0.6184479962259696,3342
North Macedonia,2019,MKD,Europe and Central Asia,39.09,95.86,35,0.41,17.39,0.44,0.36,79.66,15.44,1.82,2849,0.6431863080049759,2507
North Macedonia,2020,MKD,Europe and Central Asia,38.87,95.96,35,0.4,16.55,0.43,0.38077333333333313,79.6,18.635513333333343,1.47,2850,0.6496190584957772,2257
North Macedonia,2021,MKD,Europe and Central Asia,36.80112333333334,95.05014414502165,39,0.4,15.78,0.43,0.3867916666666665,89.58295166666674,20.256659999999997,1.53,2851,0.6602229163124955,1927
North Macedonia,2022,MKD,Europe and Central Asia,39.58167000000001,94.43725843073591,40,0.37,22.11767460485206,0.4636768939393941,0.3681699999999998,87.07916166666669,18.945352051282047,1.4,2852,0.6202407933979283,3303
Norway,2000,NOR,Europe and Central Asia,17.94,100,91,0.66,3.46,0.41,0.37,116.06,31.59,1.43,2853,0.7962887180159316,26
Norway,2001,NOR,Europe and Central Asia,16.96,100,86,0.66,3.74,0.39,0.37,113.8,30.18,0.61,2854,0.8148325817342277,4
Norway,2002,NOR,Europe and Central Asia,16.83,100,85,0.66,4.02,0.39,0.37,112.37,31.6,1.39,2855,0.7926413748333965,37
Norway,2003,NOR,Europe and Central Asia,16.6,100,88,0.65,4.22,0.4,0.37,113.46,35.18,1.09,2856,0.7935647775867616,31
Norway,2004,NOR,Europe and Central Asia,16.76,100,89,0.65,4.26,0.41,0.37,115.38,34.51,1.3,2857,0.7905809102688057,40
Norway,2005,NOR,Europe and Central Asia,16.71,100,89,0.65,4.38,0.42,0.37,113.76,35.74,1.76,2858,0.7756520207564663,104
Norway,2006,NOR,Europe and Central Asia,16.45,100,88,0.65,3.4,0.42,0.37,113.94,37.42,1.5,2859,0.781699228294591,74
Norway,2007,NOR,Europe and Central Asia,16.07,100,87,0.65,2.49,0.42,0.36,113.58,41.02,1.7,2860,0.7716260893433089,121
Norway,2008,NOR,Europe and Central Asia,15.66,100,79,0.65,2.55,0.42,0.37,112.57,39.37,1.62,2861,0.7722729294350145,120
Norway,2009,NOR,Europe and Central Asia,15.25,100,86,0.65,3.1,0.4,0.37,111.31,35.27,1.39,2862,0.78889300751199,46
Norway,2010,NOR,Europe and Central Asia,15.05,100,86,0.65,3.52,0.41,0.38,112.61,36.79,-0.34,2863,0.8175635712015933,2
Norway,2011,NOR,Europe and Central Asia,15.21,100,90,0.65,3.21,0.42,0.38,112.19,36.68,1.4,2864,0.7876455016592833,52
Norway,2012,NOR,Europe and Central Asia,14.8,100,85,0.65,3.12,0.42,0.38,110.57,35.8,1.06,2865,0.7941416924620497,30
Norway,2013,NOR,Europe and Central Asia,14.59,100,86,0.64,3.42,0.42,0.38,113.18,34.62,0.79,2866,0.8025524350485118,11
Norway,2014,NOR,Europe and Central Asia,14.38,100,86,0.64,3.48,0.41,0.38,112.77,34.16,2.41,2867,0.7649042957105053,160
Norway,2015,NOR,Europe and Central Asia,14.14,100,88,0.65,4.3,0.4,0.38,114.65,33.87,1.78,2868,0.7821837827532461,70
Norway,2016,NOR,Europe and Central Asia,14.27,100,85,0.65,4.68,0.4,0.39,116.23,33.86,1.72,2869,0.7821509318879928,71
Norway,2017,NOR,Europe and Central Asia,14.51,100,85,0.65,4.16,0.4,0.38,116.87,33.76,1.55,2870,0.787729711928805,51
Norway,2018,NOR,Europe and Central Asia,13.97,100,84,0.64,3.8,0.41,0.38,117.45,33.77,1.49,2871,0.7890196312308454,45
Norway,2019,NOR,Europe and Central Asia,13.92,100,84,0.64,3.69,0.4,0.38,118.62,32.52,1.21,2872,0.7994810447260532,19
Norway,2020,NOR,Europe and Central Asia,13.9,100,84,0.64,4.42,0.39,0.37740060606060616,118.97,33.26641055555556,2.39,2873,0.7665454056753465,148
Norway,2021,NOR,Europe and Central Asia,14.6304696031746,99.95774000000002,85,0.65,4.37,0.39,0.3818422727272729,118.2984133333333,37.2713440909091,1.5,2874,0.7830643530632886,63
Norway,2022,NOR,Europe and Central Asia,14.17770936507936,99.95218166666666,84,0.65,4.650135761220953,0.4149054271708685,0.3814416666666667,117.06920499999998,36.669295000000005,1.92,2875,0.7707542828517074,127
Oman,2000,OMN,Middle East and North Africa,11.75,83.9,56.00920454545454,0.05,4.07,0.67,0.1,78.23,50.55,0.55,2876,0.6204834438818461,3298
Oman,2001,OMN,Middle East and North Africa,11.27,83.89,57.592287878787864,0.06,4.11,0.67,0.11,82.06,51.9,0.66,2877,0.6216987452332988,3267
Oman,2002,OMN,Middle East and North Africa,10.15,83.89,59.29767676767677,0.07,4.22,0.67,0.11,84.22,59.11,0.89,2878,0.6112548399731782,3472
Oman,2003,OMN,Middle East and North Africa,10.58,83.88,63,0.07,4.26,0.67,0.11,85.83,69.08,0.84,2879,0.5980419146051285,3727
Oman,2004,OMN,Middle East and North Africa,11.15,83.96,61,0.07,4.2,0.67,0.11,86.1114325,59.16,0.78,2880,0.6135850841974726,3433
Oman,2005,OMN,Middle East and North Africa,10.55,84.33,63,0.07,4.19,0.67,0.11,87.67,59.45,0.81,2881,0.6149686710480922,3405
Oman,2006,OMN,Middle East and North Africa,11.48,84.69,64,0.07,4.16,0.67,0.11,87.56,75.61,0.84,2882,0.5882429071223848,3872
Oman,2007,OMN,Middle East and North Africa,11.27,85.05,47,0.07,4.19,0.67,0.11,90.47,82.28,0.65,2883,0.5687951508308866,4115
Oman,2008,OMN,Middle East and North Africa,12.45,85.41,55,0.07,4.14,0.67,0.1,94.17,84.52,0.54,2884,0.5712028915367097,4096
Oman,2009,OMN,Middle East and North Africa,11.5,85.76,55,0.07,4.06,0.67,0.1,99.78,82.11,0.73,2885,0.5760840088534618,4037
Oman,2010,OMN,Middle East and North Africa,10.41,86.11,53,0.07,4.01,0.67,0.09,97.32635,73.25,1.1,2886,0.585474061992068,3913
Oman,2011,OMN,Middle East and North Africa,10.84,86.57,48,0.11,3.87,0.67,0.08,99.59,73.5,0.84,2887,0.5880239626570875,3876
Oman,2012,OMN,Middle East and North Africa,10.24,87.1,47,0.12,3.66,0.67,0.08,100.04,83.39,0.75,2888,0.5735341376214991,4070
Oman,2013,OMN,Middle East and North Africa,6.97,87.61,47,0.12,3.6,0.67,0.07,99.52,79.64,0.47,2889,0.5835566224104701,3939
Oman,2014,OMN,Middle East and North Africa,5.68,88.1,45,0.12,3.55,0.67,0.07,100.7952983333333,82.13,0.49,2890,0.579064964793258,3988
Oman,2015,OMN,Middle East and North Africa,5.3,88.58,45,0.12,3.38,0.67,0.06,103.3,81.6,1.21,2891,0.5739439056148392,4063
Oman,2016,OMN,Middle East and North Africa,5.56,89.04,45,0.13,3.27,0.67,0.06,107.58,73.18,0.93,2892,0.5930638913828054,3816
Oman,2017,OMN,Middle East and North Africa,5.94,89.47,44,0.13,2.57,0.67,0.07,105.79,70.99,1.42,2893,0.5935214400344175,3810
Oman,2018,OMN,Middle East and North Africa,6.5,89.89,52,0.13,1.8,0.67,0.09,106.67,70.3,1.12,2894,0.6072427780724425,3556
Oman,2019,OMN,Middle East and North Africa,5.96,90.27,52,0.13,1.85,0.67,0.09,107.09,68.87,0.89,2895,0.612149986128205,3453
Oman,2020,OMN,Middle East and North Africa,4.67,90.56,54,0.12,2.94,0.67,0.08313722222222224,107.05,73.95370251646905,0.5,2896,0.6044897241535819,3617
Oman,2021,OMN,Middle East and North Africa,7.736079761904759,90.89158000360754,52,0.12,2.51,0.67,0.08774388888888886,106.04,68.3115806982872,1.33,2897,0.6044301244976138,3619
Oman,2022,OMN,Middle East and North Africa,12.148264222689074,88.97527631313133,44,0.12,3.4548212373234786,0.6634066666666676,0.08173222222222222,101.28684309523807,66.85524297101449,1.06,2898,0.5975075328245912,3744
Pakistan,2000,PAK,South Asia,57.38,84.12,25.175833333333344,0.15,0.61,0.55,0.07,30.698981666666658,4.58,0.67,2899,0.6344315956829863,2846
Pakistan,2001,PAK,South Asia,55.88,84.31,23,0.15,0.6,0.54,0.07,31.21993166666666,4.45,0.76,2900,0.6342731356139191,2852
Pakistan,2002,PAK,South Asia,51.04,84.5,26,0.19,0.59,0.55,0.07,34.84719999999998,4.56,1.02,2901,0.6412400931906137,2581
Pakistan,2003,PAK,South Asia,60.59,84.68,25,0.25,0.6,0.56,0.08,22.51,4.58,0.53,2902,0.6376031565525132,2731
Pakistan,2004,PAK,South Asia,60.96,84.87,21,0.25,0.6,0.56,0.07,24.69,4.83,1.01,2903,0.6303416337075549,2976
Pakistan,2005,PAK,South Asia,66.01,84.08,21,0.25,0.59,0.57,0.08,25.64,5.13,0.21,2904,0.6328774723560083,2898
Pakistan,2006,PAK,South Asia,72.84,83.29,22,0.25,0.58,0.56,0.06,30.86,5.28,1.02,2905,0.6233400931854048,3222
Pakistan,2007,PAK,South Asia,72.29,82.49,24,0.24,0.4,0.55,0.06,32.9,5.26,0.65,2906,0.629325063036108,3010
Pakistan,2008,PAK,South Asia,69.99,81.68,25,0.27,0.42,0.54,0.06,33.04,5.11,0.36,2907,0.6370019032383839,2755
Pakistan,2009,PAK,South Asia,67.54,80.87,24,0.29,0.54,0.53,0.06,32.86,5.06,1.03,2908,0.6345581992649449,2842
Pakistan,2010,PAK,South Asia,67.76,80.05,23,0.31,0.65,0.53,0.06,33.18,4.86,1.29,2909,0.6326348232205273,2903
Pakistan,2011,PAK,South Asia,65.39,79.22,25,0.31,0.8,0.53,0.06,33.77,4.85,0.83,2910,0.6398003908596095,2648
Pakistan,2012,PAK,South Asia,61.16,78.39,27,0.31,1.86,0.53,0.07,34.9,4.77,0.26,2911,0.6481027434283101,2308
Pakistan,2013,PAK,South Asia,63.15,77.54,28,0.3,2.95,0.53,0.07,36,4.66,0.78,2912,0.640129315246111,2633
Pakistan,2014,PAK,South Asia,65.51,76.7,29,0.3,1.83,0.53,0.08,37.32,4.74,0.36,2913,0.6463488074573034,2368
Pakistan,2015,PAK,South Asia,63.6,75.84,30,0.28,3.57,0.54,0.07,39.6,5,0.53,2914,0.6403971752336807,2622
Pakistan,2016,PAK,South Asia,62.13,74.98,32,0.27,3.76,0.54,0.07,40.96,5.69,1.23,2915,0.6353258417157011,2816
Pakistan,2017,PAK,South Asia,56.42,74.11,32,0.26,3.91,0.53,0.07,40.4,6.32,1.25,2916,0.6382683186199831,2703
Pakistan,2018,PAK,South Asia,56.24,73.23,33,0.26,4.08,0.53,0.07,42.67,6.52,1.36,2917,0.6381717527175581,2706
Pakistan,2019,PAK,South Asia,55.6,72.35,32,0.25,4.83,0.53,0.07,44.87,6.43,0.57,2918,0.643234557834457,2505
Pakistan,2020,PAK,South Asia,54.29,71.46,31,0.26,6.55,0.53,0.10413000000000007,61.43556499999999,6.414139999999996,0.39,2919,0.6498956914849114,2245
Pakistan,2021,PAK,South Asia,54.73904999999998,75.86003755244757,28,0.26,6.34,0.53,0.08978500000000009,58.49001833333332,6.491523333333332,1.12,2920,0.6391763285700142,2675
Pakistan,2022,PAK,South Asia,54.3816933333333,75.54995999999997,27,0.26,4.884399082053212,0.5481732513367861,0.09067833333333342,57.281306666666666,5.690678333333333,1.39,2921,0.6389561638505774,2681
Palestine,2000,PSE,Middle East and North Africa,37.170733333333345,82.34,29.4535,0.22,9.252050553669966,0.62,0.09,78.32,16.682595238095242,0.25,2922,0.6362462075976456,2772
Palestine,2001,PSE,Middle East and North Africa,34.12998000000002,82.69,27.5735,0.23,9.953165117162028,0.63,0.11,80.11,17.293391666666672,0.86,2923,0.6296054714445526,3004
Palestine,2002,PSE,Middle East and North Africa,35.034053333333354,83.05,28.357999999999997,0.23,9.736856783828694,0.63,0.13,82.18,17.302916666666672,0.73,2924,0.6342852758299518,2851
Palestine,2003,PSE,Middle East and North Africa,34.97132500000002,83.41,30,0.23,9.551778926685838,0.63,0.12,84.8,17.14133666666667,0.56,2925,0.638414878242781,2697
Palestine,2004,PSE,Middle East and North Africa,33.129960000000004,83.76,25,0.32,10.63974848585216,0.63,0.14,88.52,18.561365000000002,0.55,2926,0.640142023230787,2632
Palestine,2005,PSE,Middle East and North Africa,34.21716,84.12,26,0.34,10.061219123433531,0.64,0.12,89.64,17.680868333333336,0.2,2927,0.6460412137704459,2378
Palestine,2006,PSE,Middle East and North Africa,32.511276666666674,84.47,26.738166666666665,0.31,9.467169612780786,0.64,0.13,90.8,17.646105000000006,0.59,2928,0.645404758971589,2406
Palestine,2007,PSE,Middle East and North Africa,34.62082833333334,84.83,27.191833333333328,0.22,9.420510843657754,0.66,0.13,90.25,18.577098333333335,0.52,2929,0.6336453627477143,2867
Palestine,2008,PSE,Middle East and North Africa,39.61149166666669,85.18,26.092,0.18,10.265879073565102,0.65,0.14,88.7,16.13663023809524,0.72,2930,0.6250536835191094,3174
Palestine,2009,PSE,Middle East and North Africa,36.96841166666667,85.53,25.33016666666667,0.19,10.037578543225877,0.64,0.14,87.52,17.03609690476191,0.83,2931,0.6267219844310198,3109
Palestine,2010,PSE,Middle East and North Africa,35.401068333333335,85.88,26.760499999999997,0.19,9.853864121813952,0.64,0.13,85.74,17.576568333333334,2.33,2932,0.6111832726396269,3474
Palestine,2011,PSE,Middle East and North Africa,34.34383166666668,86.23,27.573500000000003,0.19,10.332016619352649,0.63,0.13,84.25,17.270971666666668,0.58,2933,0.6307522972551443,2971
Palestine,2012,PSE,Middle East and North Africa,32.89602500000001,86.58,27.417999999999996,0.19,10.079642410926802,0.63,0.12,83.94,17.993316666666665,1.04,2934,0.6262835692723201,3128
Palestine,2013,PSE,Middle East and North Africa,35.78085166666667,87.28,28.526000000000003,0.18,10.013043637236724,0.62,0.12,84.01,18.066585,1.11,2935,0.6252286922390022,3167
Palestine,2014,PSE,Middle East and North Africa,35.91486166666667,87.98,30.124833333333335,0.18,10.183404033384692,0.62,0.12,84.4,17.527668333333335,0.86,2936,0.6292156911137277,3014
Palestine,2015,PSE,Middle East and North Africa,34.97486833333333,88.68,31.091166666666663,0.17,9.833841916457501,0.62,0.12,85.84,17.60957833333333,1.33,2937,0.626646162221795,3113
Palestine,2016,PSE,Middle East and North Africa,35.17030833333333,89.39,31.106166666666663,0.17,9.8274585106604,0.61,0.12,87.03,18.47910333333333,1.62,2938,0.6239537026653729,3207
Palestine,2017,PSE,Middle East and North Africa,35.40048666666666,90.09,31.99516666666666,0.18,10.416767411147282,0.61,0.11,88.92,17.681994999999997,0.74,2939,0.6333173361272795,2879
Palestine,2018,PSE,Middle East and North Africa,32.17176222222222,90.79,32.44383333333332,0.19,9.893436022622122,0.61,0.12,89.49,19.143374999999992,2.01,2940,0.6240727289636063,3205
Palestine,2019,PSE,Middle East and North Africa,33.06298055555555,91.49,33.871999999999986,0.19,9.8624935983797,0.61,0.13,90.67,18.761641666666666,1.2,2941,0.6360013711365373,2781
Palestine,2020,PSE,Middle East and North Africa,31.311737222222224,92.19,34.77099999999999,0.19,10.003634594050697,0.61,0.13692499999999994,91.03,19.021683333333332,1.46,2942,0.6348667567394618,2828
Palestine,2021,PSE,Middle East and North Africa,34.72111000000001,88.73397000000003,31.61383333333333,0.17,10.068619594050695,0.61,0.12242833333333322,92.31,18.87697833333333,1.79,2943,0.6230807048742975,3225
Palestine,2022,PSE,Middle East and North Africa,35.198751666666674,87.93473416666667,29.9,0.17,10.381781333181129,0.6127028113553112,0.12275499999999992,85.38158333333332,17.665821666666663,1.07,2944,0.6268802955070266,3099
Panama,2000,PAN,Latin America and Caribbean,30.71,85.3,35.51916666666666,0.47,6.05,0.68,0.36,64.88,16.83,0.14,2945,0.6874690737869463,1189
Panama,2001,PAN,Latin America and Caribbean,31.9,85.65,37,0.48,6.04,0.69,0.37,66.97,16.74,0.55,2946,0.684812710924221,1248
Panama,2002,PAN,Latin America and Caribbean,32.6,86.14,30,0.48,5.99,0.69,0.36,68.27,16.92,0.88,2947,0.6738645424372863,1576
Panama,2003,PAN,Latin America and Caribbean,33.06,86.62,34,0.48,6.01,0.68,0.37,72.70916333333332,17.14,0.93,2948,0.6807981644308252,1382
Panama,2004,PAN,Latin America and Caribbean,32.35,87.11,37,0.47,5.94,0.68,0.36,67.84,17.01,0.73,2949,0.6835541552918105,1292
Panama,2005,PAN,Latin America and Caribbean,35.8,87.6,35,0.47,5.95,0.67,0.36,68,17.17,0.74,2950,0.6805443367171988,1387
Panama,2006,PAN,Latin America and Caribbean,33.34,88.08,32,0.48,5.86,0.67,0.35,67.73,17.68,0.74,2951,0.6791961226142733,1424
Panama,2007,PAN,Latin America and Caribbean,29.96,88.56,32,0.48,5.84,0.68,0.35,67.96,18.28,0.65,2952,0.6804754500311221,1391
Panama,2008,PAN,Latin America and Caribbean,29.22,89.05,34,0.48,5.91,0.67,0.35,68.79,18.57,0.44,2953,0.6867662900985038,1202
Panama,2009,PAN,Latin America and Caribbean,29.72,89.53,34,0.48,6.01,0.66,0.36,69.99,18.09,0.95,2954,0.6837265251981863,1284
Panama,2010,PAN,Latin America and Caribbean,31.44,90.01,36,0.48,5.88,0.66,0.36,71.3,18.02,0.98,2955,0.6853630256583313,1238
Panama,2011,PAN,Latin America and Caribbean,34.16,90.49,33,0.48,4.05,0.65,0.36,70.88,18.22,0.59,2956,0.6917547769439307,1098
Panama,2012,PAN,Latin America and Caribbean,34.78,90.96,38,0.48,3.72,0.65,0.36,77.44569,18.01,0.88,2957,0.6972864013622422,948
Panama,2013,PAN,Latin America and Caribbean,32.28,91.44,35,0.48,3.7,0.65,0.36,75.33,18.33,1,2958,0.6934251190505744,1054
Panama,2014,PAN,Latin America and Caribbean,31.8,91.92,37,0.48,4.42,0.65,0.37,75.08,19.15,1.01,2959,0.6932518165743962,1061
Panama,2015,PAN,Latin America and Caribbean,33.04,92.4,39,0.48,4.37,0.65,0.37,75.83,19.68,1.23,2960,0.6915061272468295,1107
Panama,2016,PAN,Latin America and Caribbean,32.7,92.73,38,0.48,4.76,0.65,0.38,81.93,19.58,1.17,2961,0.6936627208866797,1046
Panama,2017,PAN,Latin America and Caribbean,31.92,93.06,37,0.47,5.39,0.65,0.38,76.14,19.5,0.94,2962,0.6909774759308672,1114
Panama,2018,PAN,Latin America and Caribbean,35.7,93.38,37,0.45,5.22,0.65,0.38,83.08092000000002,19.42,1.28,2963,0.6858547012910658,1229
Panama,2019,PAN,Latin America and Caribbean,36.57,93.67,36,0.44,6.33,0.64,0.39,86.3276833333333,19.39,1.43,2964,0.6810987372381855,1371
Panama,2020,PAN,Latin America and Caribbean,32.46,93.88,35,0.45,14.11,0.66,0.36229999999999996,84.17173333333334,18.811739642857138,1.48,2965,0.64581707286016,2383
Panama,2021,PAN,Latin America and Caribbean,35.45693166666667,92.81426261904765,36,0.44,10.3,0.66,0.36207500000000004,82.23,18.642953809523807,1.2,2966,0.6640790414786327,1819
Panama,2022,PAN,Latin America and Caribbean,36.662461666666665,89.3699392857143,36,0.43,7.690953695956647,0.6588616666666658,0.34452,82.18696,18.461046666666665,0.73,2967,0.6773601631492397,1475
Papua New Guinea,2000,PNG,East Asia and Pacific,9.44,16.09,24.978642857142862,0.32,2.92,0.62,0.22,42.145289999999996,3.52,0.38,2968,0.6679735854389373,1723
Papua New Guinea,2001,PNG,East Asia and Pacific,8.87,16.08,24.111476190476196,0.32,2.8,0.61,0.22,41.837574999999994,3.58,0.5,2969,0.6676280924371579,1730
Papua New Guinea,2002,PNG,East Asia and Pacific,8.75,16.08,23.81247619047619,0.32,2.73,0.61,0.22,41.245548333333325,3.7,0.67,2970,0.6657327739375657,1774
Papua New Guinea,2003,PNG,East Asia and Pacific,8.78,16.07,21,0.32,2.62,0.61,0.22,41.62459666666667,3.79,0.52,2971,0.664851232629187,1795
Papua New Guinea,2004,PNG,East Asia and Pacific,8.48,16.07,25,0.31,2.54,0.61,0.22,41.24477166666666,4.03,0.23,2972,0.6700173803098539,1670
Papua New Guinea,2005,PNG,East Asia and Pacific,8.2,16.47,23,0.31,2.4,0.6,0.22,40.60287666666667,4.23,0.66,2973,0.6658093633046456,1771
Papua New Guinea,2006,PNG,East Asia and Pacific,8.11,16.87,24,0.31,2.35,0.6,0.22,40.33428166666666,4.43,0.25,2974,0.6701746152883835,1665
Papua New Guinea,2007,PNG,East Asia and Pacific,7.78,17.27,20,0.29,2.24,0.6,0.22,40.04500833333333,4.84,0.44,2975,0.6634601219896612,1846
Papua New Guinea,2008,PNG,East Asia and Pacific,8.7,17.67,20,0.27,2.33,0.59,0.23,41.028163333333325,4.59,0.34,2976,0.6645761970041664,1802
Papua New Guinea,2009,PNG,East Asia and Pacific,10.39,18.84,21,0.27,2.13,0.59,0.23,41.14581333333334,4.31,0.32,2977,0.6660877139658865,1761
Papua New Guinea,2010,PNG,East Asia and Pacific,12.28,20.02,21,0.27,2,0.59,0.23,42.48458666666667,4.16,1.01,2978,0.6605710598370576,1921
Papua New Guinea,2011,PNG,East Asia and Pacific,12.24,21.2,22,0.27,2.62,0.59,0.23,42.91346166666666,4.58,0.39,2979,0.6658039854550188,1772
Papua New Guinea,2012,PNG,East Asia and Pacific,9.22,22.4,25,0.27,2.53,0.59,0.23,38.67,4.61,0.3,2980,0.6690960731664912,1695
Papua New Guinea,2013,PNG,East Asia and Pacific,6.57,23.61,25,0.26,2.53,0.59,0.23,44.053038333333326,4.65,0.8,2981,0.6674100942267915,1733
Papua New Guinea,2014,PNG,East Asia and Pacific,5.96,24.84,25,0.26,2.34,0.59,0.23,43.437945000000006,4.61,0.39,2982,0.6718011609849048,1626
Papua New Guinea,2015,PNG,East Asia and Pacific,12.37,26.08,25,0.26,2.45,0.59,0.23,43.13139333333334,4.62,0.16,2983,0.6713276099000717,1641
Papua New Guinea,2016,PNG,East Asia and Pacific,10.14,27.34,28,0.26,2.45,0.59,0.24,46.94518833333332,4.81,1.13,2984,0.6685378613837073,1711
Papua New Guinea,2017,PNG,East Asia and Pacific,9,28.63,29,0.26,2.48,0.59,0.24,46.33899166666666,4.8,0.79,2985,0.6732762426683541,1591
Papua New Guinea,2018,PNG,East Asia and Pacific,9.63,29.93,28,0.26,2.54,0.59,0.24,46.97,5.72,0.66,2986,0.6731520404060186,1595
Papua New Guinea,2019,PNG,East Asia and Pacific,9.53,31.26,28,0.27,2.43,0.59,0.24,51.13313499999997,6.59,0.7,2987,0.6754239616093792,1531
Papua New Guinea,2020,PNG,East Asia and Pacific,8.77,32.61,27,0.27,2.69,0.59,0.2405033333333331,51.32596833333332,5.8678050000000015,1.08,2988,0.6714234814739216,1638
Papua New Guinea,2021,PNG,East Asia and Pacific,14.247533474025975,51.074504845391104,31,0.27,2.83,0.59,0.25656166666666647,61.95629166666665,9.434790000000007,1.18,2989,0.6787519675096334,1431
Papua New Guinea,2022,PNG,East Asia and Pacific,18.026628235930733,61.39426964285713,30,0.28,2.7897623077215186,0.5756225000000009,0.2760066666666665,75.39104333333334,11.138981666666666,1.22,2990,0.6859807243932049,1221
Paraguay,2000,PRY,Latin America and Caribbean,49.1,72.91,27.509666666666675,0.33,7.61,0.68,0.31,61.51,14.78,0.1,2991,0.6457718257597885,2387
Paraguay,2001,PRY,Latin America and Caribbean,52.39,74.49,25.06483333333334,0.33,6.21,0.69,0.3,65.51,15.91,0.61,2992,0.6398750651557988,2645
Paraguay,2002,PRY,Latin America and Caribbean,56.07,76.05,17,0.34,9.39,0.69,0.3,67.27,15.55,1.07,2993,0.6163986740316815,3377
Paraguay,2003,PRY,Latin America and Caribbean,54.63,77.48,16,0.35,6.81,0.68,0.3,65.11,17.36,0.72,2994,0.6285807608986054,3038
Paraguay,2004,PRY,Latin America and Caribbean,56.96,78.88,19,0.37,6.51,0.68,0.29,66.23,16.61,0.39,2995,0.6357679921144296,2787
Paraguay,2005,PRY,Latin America and Caribbean,57.92,80.27,21,0.37,4.82,0.67,0.29,66.07,17.35,0.51,2996,0.6417492662994966,2557
Paraguay,2006,PRY,Latin America and Caribbean,56.72,81.64,26,0.37,5.28,0.67,0.29,65.54,18.65,0.92,2997,0.640485417932588,2620
Paraguay,2007,PRY,Latin America and Caribbean,57.96,83,24,0.37,4.71,0.68,0.28,65.46,20.78,0.25,2998,0.6415780652655168,2566
Paraguay,2008,PRY,Latin America and Caribbean,60.47,84.34,24,0.4,4.42,0.67,0.29,66.43,21.38,0.26,2999,0.6442877485690143,2460
Paraguay,2009,PRY,Latin America and Caribbean,55.45,85.67,21,0.41,5.46,0.66,0.29,66.79,20.5,0.9,3000,0.6398609703623093,2646
Paraguay,2010,PRY,Latin America and Caribbean,53.93,86.98,22,0.41,4.57,0.66,0.3,67.68,22.6,0.33,3001,0.6490533564027923,2275
Paraguay,2011,PRY,Latin America and Caribbean,50.01,88.28,22,0.42,4.67,0.65,0.31,69.77,23.38,0.6,3002,0.6522209775435692,2174
Paraguay,2012,PRY,Latin America and Caribbean,46.33,89.57,25,0.4,4.09,0.65,0.32,75.91,22.99,0.83,3003,0.6596287272521406,1946
Paraguay,2013,PRY,Latin America and Caribbean,47.5,90.84,24,0.37,4.38,0.65,0.34,82.65437999999999,24.34,0.33,3004,0.6616897100910053,1894
Paraguay,2014,PRY,Latin America and Caribbean,44.39,92.09,24,0.38,5.03,0.65,0.33,85.9253866666667,24.87,1.12,3005,0.6549035140233962,2092
Paraguay,2015,PRY,Latin America and Caribbean,43.81,93.33,27,0.38,4.56,0.65,0.33,88.615095,24.49,1.49,3006,0.6569333282526374,2030
Paraguay,2016,PRY,Latin America and Caribbean,42.92,94.56,30,0.37,5.25,0.65,0.32,85.84158166666668,25.57,0.25,3007,0.6684707831532771,1713
Paraguay,2017,PRY,Latin America and Caribbean,43.77,95.78,29,0.37,4.61,0.65,0.32,90.24819166666668,26.83,1.15,3008,0.6594743720310074,1949
Paraguay,2018,PRY,Latin America and Caribbean,43.88,96.03,29,0.36,6.22,0.65,0.33,91.19323333333334,27.38,0.54,3009,0.66021366476849,1929
Paraguay,2019,PRY,Latin America and Caribbean,41.97,96.05,28,0.37,6.59,0.64,0.34,92.03308333333337,27.51,1.28,3010,0.6541281049063675,2121
Paraguay,2020,PRY,Latin America and Caribbean,38.37,96.06,28,0.36,7.55,0.66,0.33354999999999996,92.71287666666669,22.80701916666667,1.37,3011,0.6542367206229658,2117
Paraguay,2021,PRY,Latin America and Caribbean,41.39706333333331,92.90243724747472,30,0.36,7.31,0.66,0.3273116666666665,85.47736333333334,23.03483833333334,0.7,3012,0.6588471470344256,1970
Paraguay,2022,PRY,Latin America and Caribbean,41.01162833333331,91.89229446969692,28,0.35,7.612051439671442,0.6583415151515141,0.3248416666666667,84.77145666666665,23.402175476190468,0.65,3013,0.6550008661480714,2090
Peru,2000,PER,Latin America and Caribbean,40.28,73.34,44,0.27,4.9,0.68,0.26,80.77,9.1,0.33,3014,0.6784589063415037,1444
Peru,2001,PER,Latin America and Caribbean,40.65,74.05,41,0.49,5.03,0.75,0.28,83.92,9.09,0.49,3015,0.6829860720460638,1307
Peru,2002,PER,Latin America and Caribbean,39.94,74.76,44,0.54,4.84,0.74,0.28,85.42,9.53,0.75,3016,0.6895982891689358,1156
Peru,2003,PER,Latin America and Caribbean,37.49,75.46,37,0.55,4.15,0.76,0.29,78.73,8.9,0.77,3017,0.6825913169804664,1322
Peru,2004,PER,Latin America and Caribbean,36.69,76.16,35,0.55,4.71,0.72,0.28,81.77,9.07,0.68,3018,0.6883122588398929,1171
Peru,2005,PER,Latin America and Caribbean,34.02,76.85,35,0.55,4.87,0.71,0.3,82.2,9.83,0.81,3019,0.6911118074717333,1111
Peru,2006,PER,Latin America and Caribbean,40.33,77.53,33,0.53,4.17,0.71,0.31,84.73,8.86,0.81,3020,0.6877630035195804,1182
Peru,2007,PER,Latin America and Caribbean,42.54,78.2,35,0.53,4.08,0.72,0.33,87.35,10.41,0.56,3021,0.6901197259547309,1143
Peru,2008,PER,Latin America and Caribbean,43.35,78.82,36,0.53,4.03,0.7,0.32,88.22,12.07,0.6,3022,0.6919960815975341,1092
Peru,2009,PER,Latin America and Caribbean,40.28,79.41,37,0.52,3.96,0.69,0.32,90.83,12.18,0.87,3023,0.6947462627674391,1019
Peru,2010,PER,Latin America and Caribbean,39.51,80.01,35,0.57,3.6,0.69,0.32,92.28,13.25,1.06,3024,0.6949952682222615,1008
Peru,2011,PER,Latin America and Caribbean,40.33,80.6,34,0.59,3.48,0.69,0.32,93.9,13.09,0.79,3025,0.6988917809922792,912
Peru,2012,PER,Latin America and Caribbean,38.87,81.2,38,0.59,3.24,0.68,0.33,93.17,14.06,0.81,3026,0.7060036261443802,771
Peru,2013,PER,Latin America and Caribbean,35.09,81.79,38,0.58,3.57,0.68,0.33,98.55,12.97,0.65,3027,0.7126077813824676,665
Peru,2014,PER,Latin America and Caribbean,31.56,82.38,38,0.58,3.21,0.68,0.34,97.02,12.89,0.88,3028,0.7137088261183695,650
Peru,2015,PER,Latin America and Caribbean,29.93,82.97,36,0.57,3.27,0.68,0.34,97.6,13.21,1.26,3029,0.7069658701792113,756
Peru,2016,PER,Latin America and Caribbean,29.33,83.56,35,0.55,3.74,0.68,0.34,101.96,13.03,1.45,3030,0.7029270294977898,821
Peru,2017,PER,Latin America and Caribbean,28.64,84.15,37,0.55,3.69,0.71,0.34,104.69,13.27,0.98,3031,0.7071906151335569,751
Peru,2018,PER,Latin America and Caribbean,29.41,84.74,35,0.6,3.49,0.69,0.34,106.45,13.71,0.73,3032,0.7154315114005376,630
Peru,2019,PER,Latin America and Caribbean,28.13,85.33,36,0.58,3.38,0.66,0.34,108.83,13.06,1.05,3033,0.7195223312223671,578
Peru,2020,PER,Latin America and Caribbean,22.76,85.92,38,0.6,7.18,0.73,0.36132500000000023,110.58,19.511270714285722,1.78,3034,0.6863405176127488,1216
Peru,2021,PER,Latin America and Caribbean,27.567143333333348,83.72043207070705,36,0.55,5.1,0.73,0.3463233333333334,110.55,17.016480714285716,1.29,3035,0.6935168968276182,1051
Peru,2022,PER,Latin America and Caribbean,29.90990000000002,86.92976388888891,36,0.52,5.3966917919851065,0.6746169035947706,0.34842166666666663,93.02256,19.305545000000002,0.88,3036,0.6963763243018805,967
Philippines,2000,PHL,East Asia and Pacific,41.19,36.27,28,0.41,3.65,0.63,0.28,70.98992499999994,6.86,0.67,3037,0.6740189031162767,1571
Philippines,2001,PHL,East Asia and Pacific,44.62,36.37,29,0.38,3.7,0.63,0.27,74.73,6.5,0.83,3038,0.6694339240522769,1683
Philippines,2002,PHL,East Asia and Pacific,47.77,38.44,26,0.37,3.63,0.62,0.27,79.19,6.29,0.73,3039,0.6682023439669296,1720
Philippines,2003,PHL,East Asia and Pacific,47.7,40.53,25,0.37,3.53,0.61,0.27,81.28,6.27,0.8,3040,0.6693938209099322,1686
Philippines,2004,PHL,East Asia and Pacific,47.78,42.65,26,0.34,3.55,0.61,0.27,83.33,6.13,0.69,3041,0.6702823332188914,1660
Philippines,2005,PHL,East Asia and Pacific,52.11,44.78,25,0.33,3.8,0.61,0.28,82.9,6.15,0.78,3042,0.6644632294229537,1808
Philippines,2006,PHL,East Asia and Pacific,54.04,46.93,25,0.33,4.05,0.61,0.28,81.27,5.74,0.83,3043,0.6619838618569963,1889
Philippines,2007,PHL,East Asia and Pacific,55.97,49.1,25,0.33,3.43,0.61,0.28,81.22,5.9,0.88,3044,0.6618886325116962,1890
Philippines,2008,PHL,East Asia and Pacific,57.45,51.29,23,0.33,3.72,0.61,0.28,81.96,6.11,0.57,3045,0.6615290681292119,1896
Philippines,2009,PHL,East Asia and Pacific,55.58,53.5,24,0.33,3.86,0.61,0.28,84.12,5.83,0.72,3046,0.6637092185751076,1836
Philippines,2010,PHL,East Asia and Pacific,54.85,55.74,24,0.37,3.61,0.61,0.28,79.26096333333331,6.2,1.07,3047,0.6630978928329615,1855
Philippines,2011,PHL,East Asia and Pacific,58.89,58.07,26,0.38,3.59,0.6,0.28,74.67389833333334,6.26,0.62,3048,0.6667780010443061,1744
Philippines,2012,PHL,East Asia and Pacific,58.31,60.41,34,0.38,3.5,0.6,0.27,75.20420333333334,6.44,0.91,3049,0.6718649495354755,1625
Philippines,2013,PHL,East Asia and Pacific,57.57,62.77,36,0.38,3.5,0.6,0.28,76.43468666666668,6.69,1.06,3050,0.6741026455851366,1568
Philippines,2014,PHL,East Asia and Pacific,52.38,65.15,38,0.38,3.6,0.59,0.28,86.97,6.68,0.96,3051,0.6872555352361011,1194
Philippines,2015,PHL,East Asia and Pacific,51.18,67.55,35,0.38,3.07,0.59,0.28,87.85,6.8,1.16,3052,0.6852548586854698,1240
Philippines,2016,PHL,East Asia and Pacific,50.49,69.95,35,0.35,2.7,0.58,0.27,88.46,6.98,1.6,3053,0.6798108656298187,1406
Philippines,2017,PHL,East Asia and Pacific,50.15,72.38,34,0.34,2.55,0.58,0.27,86.16,7.3,1.3,3054,0.6817562194020046,1346
Philippines,2018,PHL,East Asia and Pacific,50.44,74.83,36,0.33,2.34,0.57,0.27,84.05,7.37,1.33,3055,0.6833715933429885,1297
Philippines,2019,PHL,East Asia and Pacific,48.79,77.3,34,0.31,2.24,0.57,0.27,89.77,7.55,1.41,3056,0.6826697103127397,1319
Philippines,2020,PHL,East Asia and Pacific,45.03,79.79,34,0.28,2.52,0.57,0.3047933333333331,91.99,10.946998333333338,1.56,3057,0.6809013920760312,1376
Philippines,2021,PHL,East Asia and Pacific,41.26706954545459,76.99194690476192,33,0.29,2.63,0.57,0.30073333333333313,90.44,9.996665,1.43,3058,0.6848848085937583,1246
Philippines,2022,PHL,East Asia and Pacific,40.400801212121245,79.9503669047619,33,0.29,2.8307806349206333,0.5597216666666671,0.3073066666666666,89.30899333333333,13.315846666666669,1.41,3059,0.6839270746760182,1278
Poland,2000,POL,Europe and Central Asia,31.33,93.28755333333335,41,0.64,16.31,0.44,0.42,100.1,25.99,1.89,3060,0.6726741722529185,1608
Poland,2001,POL,Europe and Central Asia,29.19,93.73848333333336,41,0.64,18.37,0.44,0.42,101.63,25.36,1.29,3061,0.6720523129450434,1622
Poland,2002,POL,Europe and Central Asia,26.66,94.324910952381,40,0.65,19.89,0.45,0.42,103.79,25.01,1.7,3062,0.6589679829878906,1965
Poland,2003,POL,Europe and Central Asia,28.05,92.9950178571429,36,0.65,19.37,0.46,0.43,105.7,25.07,0.37,3063,0.67373219441121,1580
Poland,2004,POL,Europe and Central Asia,29.79,92.18435261904766,35,0.65,19.07,0.47,0.42,97.55,25.81,0.78,3064,0.6636934053436092,1838
Poland,2005,POL,Europe and Central Asia,28.05,91.02,34,0.65,17.75,0.48,0.41,99.58,25.83,0.88,3065,0.6698272488111338,1677
Poland,2006,POL,Europe and Central Asia,27.32,91.4,37,0.64,13.84,0.48,0.39,98.65,27.76,0.84,3066,0.6923941252295851,1080
Poland,2007,POL,Europe and Central Asia,26.67,91.78,42,0.64,9.6,0.48,0.39,98.08,28.89,2.15,3067,0.6977211194111707,938
Poland,2008,POL,Europe and Central Asia,24.43,92.16,46,0.66,7.12,0.48,0.39,97.15,29.76,1.75,3068,0.7212880050799125,557
Poland,2009,POL,Europe and Central Asia,24.52,92.54,50,0.65,8.17,0.47,0.4,96.24,27.15,1.27,3069,0.7341133984945731,372
Poland,2010,POL,Europe and Central Asia,23.87,93.1,53,0.66,9.64,0.47,0.4,95.94,28.77,0.4,3070,0.7426130607328713,305
Poland,2011,POL,Europe and Central Asia,23.96,93.66,55,0.65,9.63,0.48,0.39,95.9,29.38,0.77,3071,0.7363036942552322,358
Poland,2012,POL,Europe and Central Asia,24.27,94.23,58,0.64,10.09,0.47,0.4,96.21,28.85,1.38,3072,0.7286557585311361,441
Poland,2013,POL,Europe and Central Asia,23.8,94.8,60,0.64,10.33,0.47,0.4,107.35,27.89,0.65,3073,0.7485617182910606,257
Poland,2014,POL,Europe and Central Asia,23.01,95.38,61,0.63,8.99,0.48,0.39,106.9,27.53,2.38,3074,0.7222726453847469,532
Poland,2015,POL,Europe and Central Asia,23.31,95.97,63,0.62,7.5,0.48,0.4,107.74,27.48,2.01,3075,0.7388802537204446,336
Poland,2016,POL,Europe and Central Asia,23.08,96.56,62,0.49,6.16,0.48,0.4,108.6,27.38,2.06,3076,0.7324824784821972,389
Poland,2017,POL,Europe and Central Asia,23.06,97.16,60,0.45,4.89,0.48,0.4,109.93,28.04,1.48,3077,0.7424816515508993,307
Poland,2018,POL,Europe and Central Asia,20.79,97.76,60,0.45,3.85,0.48,0.4,111.97,28.39,2.43,3078,0.7283235696447751,445
Poland,2019,POL,Europe and Central Asia,20.44,98.33,58,0.45,3.28,0.48,0.4,111.8,27.16,2.65,3079,0.7251927843480277,488
Poland,2020,POL,Europe and Central Asia,20.03,98.33,56,0.4,3.16,0.49,0.3907849999999996,115.24,29.411731666666682,2.68,3080,0.7153369110485174,633
Poland,2021,POL,Europe and Central Asia,29.894342499999993,84.1110833333333,56,0.36,3.36,0.49,0.3815299999999999,99.31661666666665,26.062938333333342,1.47,3081,0.7228697943498114,523
Poland,2022,POL,Europe and Central Asia,26.995586666666657,83.50996250000001,55,0.35,5.792679007936511,0.4995233333333331,0.39385499999999984,100.03315111111104,27.56253166666667,2.06,3082,0.7028955030023459,823
Portugal,2000,PRT,Europe and Central Asia,25.71,97.73,64,0.63,3.81,0.49,0.39,104.74,30.49,0.67,3083,0.7714996750368581,122
Portugal,2001,PRT,Europe and Central Asia,25.11,97.86,63,0.63,3.83,0.51,0.39,105.8,30.23,1.17,3084,0.7601756973427706,183
Portugal,2002,PRT,Europe and Central Asia,23.18,97.98,63,0.64,4.5,0.5,0.39,107.33,30.69,0.68,3085,0.7705065000467811,129
Portugal,2003,PRT,Europe and Central Asia,23.69,98.11,66,0.63,6.13,0.5,0.39,106.48,28.79,1.46,3086,0.7541268889487551,223
Portugal,2004,PRT,Europe and Central Asia,23.5,98.24,63,0.63,6.32,0.51,0.4,95.07,30.7,1.06,3087,0.7491788346770233,252
Portugal,2005,PRT,Europe and Central Asia,23.68,98.37,65,0.64,7.58,0.51,0.4,97.93,30.36,1.03,3088,0.7486788587963238,255
Portugal,2006,PRT,Europe and Central Asia,25.52,98.5,66,0.64,7.65,0.51,0.4,98.49,29.93,1.56,3089,0.7388804751718168,335
Portugal,2007,PRT,Europe and Central Asia,25.91,98.63,65,0.66,7.97,0.51,0.39,101.96,28.33,0.78,3090,0.7550518835813385,218
Portugal,2008,PRT,Europe and Central Asia,26.39,98.75,61,0.66,7.55,0.5,0.41,103.69,27.46,0.65,3091,0.759446733478606,191
Portugal,2009,PRT,Europe and Central Asia,25.1,98.88,58,0.66,9.43,0.49,0.41,105.9,24.61,1.42,3092,0.7409496496617112,317
Portugal,2010,PRT,Europe and Central Asia,24.71,99.01,60,0.66,10.77,0.49,0.42,106.75,24.09,1.12,3093,0.7431730821722567,296
Portugal,2011,PRT,Europe and Central Asia,26.65,99.14,61,0.66,12.68,0.5,0.43,106.59,23.12,1.62,3094,0.7232913984513698,512
Portugal,2012,PRT,Europe and Central Asia,29.58,99.26,63,0.66,15.53,0.48,0.44,108.72,21.47,0.8,3095,0.723846950131511,507
Portugal,2013,PRT,Europe and Central Asia,28.79,99.36,62,0.64,16.19,0.49,0.43,119.46,21.11,0.94,3096,0.7187879917078502,585
Portugal,2014,PRT,Europe and Central Asia,29.33,99.4,63,0.65,13.9,0.49,0.43,116.08,21.27,1.35,3097,0.7268239509293887,460
Portugal,2015,PRT,Europe and Central Asia,29.53,99.41,64,0.64,12.45,0.49,0.43,118.77,21.77,1.41,3098,0.7350541649312533,368
Portugal,2016,PRT,Europe and Central Asia,29.43,99.41,62,0.64,11.07,0.49,0.43,118.02,21.26,1.68,3099,0.7364943950940283,355
Portugal,2017,PRT,Europe and Central Asia,29.69,99.42,63,0.65,8.87,0.49,0.45,119.91,22.76,2.11,3100,0.7398076892329924,327
Portugal,2018,PRT,Europe and Central Asia,29.92,99.42,64,0.64,6.99,0.48,0.44,120.83,22.07,0.91,3101,0.7753400643887463,107
Portugal,2019,PRT,Europe and Central Asia,30.61,99.43,62,0.62,6.46,0.47,0.44,120.62,20.9,1.29,3102,0.7685631044000588,138
Portugal,2020,PRT,Europe and Central Asia,27.8,99.43,61,0.62,6.8,0.46,0.42409833333333324,119.74,24.564271666666674,1.99,3103,0.7490400699648798,253
Portugal,2021,PRT,Europe and Central Asia,25.911964999999988,99.05735848484854,62,0.62,6.58,0.47,0.4201699999999999,114.06697333333334,24.42873666666666,1.25,3104,0.7650051065713226,159
Portugal,2022,PRT,Europe and Central Asia,27.251206666666675,93.24346694444442,62,0.58,5.842147212040833,0.5023951190476188,0.41395166666666655,104.71585000000005,29.94798499999999,2.32,3105,0.7253828752762355,487
Puerto Rico,2000,PRI,Latin America and Caribbean,31.91481166666666,94.42,40.92566666666667,0.34302344503600246,10.08,0.6679458189579299,0.35,87.97360833333337,26.423840714285703,0.27,3106,0.6653409375542487,1781
Puerto Rico,2001,PRI,Latin America and Caribbean,32.95085833333334,94.71,44.92700000000001,0.3088741379068571,11.4,0.6676457817970232,0.35,88.63259785714287,30.193097380952373,0.74,3107,0.6493891251288967,2265
Puerto Rico,2002,PRI,Latin America and Caribbean,34.66845333333334,95.01,43.79300000000001,0.30971273098045016,11.94,0.671502273025093,0.36,88.08958833333335,28.999465714285712,0.89,3108,0.6445392266883749,2444
Puerto Rico,2003,PRI,Latin America and Caribbean,35.06240500000001,95.3,44.37333333333334,0.3033471768678961,11.78,0.6697362473840676,0.36,90.18891833333339,28.963047380952375,1.06,3109,0.6440477704194704,2473
Puerto Rico,2004,PRI,Latin America and Caribbean,33.73222375,95.59,46.32966666666667,0.29905833481289223,10.31,0.6665474484636899,0.36,90.3706561904762,31.194088333333333,0.57,3110,0.6560486241444832,2062
Puerto Rico,2005,PRI,Latin America and Caribbean,34.89278208333334,95.89,48.58783333333333,0.3019453500280692,11.35,0.6686474484636897,0.36,90.38735119047622,32.01998333333333,0.87,3111,0.64788341811398,2310
Puerto Rico,2006,PRI,Latin America and Caribbean,35.403395416666676,96.18,52.0985,0.2974501335778527,11.01,0.6707341151303565,0.37,90.1325,43.80646903263402,0.82,3112,0.6344865408020419,2844
Puerto Rico,2007,PRI,Latin America and Caribbean,35.75112875000002,96.48,55.72566666666668,0.29497934137006054,10.93,0.6732062473840676,0.37,91.21946333333331,45.97050736596736,1.07,3113,0.6308152035379108,2967
Puerto Rico,2008,PRI,Latin America and Caribbean,35.496503750000016,96.77,58,0.2888463326483901,11.48,0.6693107817970234,0.37,91.46622666666669,45.67530736596735,0.52,3114,0.6370895967605225,2751
Puerto Rico,2009,PRI,Latin America and Caribbean,34.01614255952382,97.07,58,0.2922795545735238,15,0.6651741151303564,0.37,88.16,43.64512236596736,0.65,3115,0.6221659574526746,3250
Puerto Rico,2010,PRI,Latin America and Caribbean,35.55413768939396,97.36,58,0.29645445681017607,16.1,0.6634287473840672,0.38,85.88,44.17935950882451,1.18,3116,0.6087372095274907,3525
Puerto Rico,2011,PRI,Latin America and Caribbean,34.27654602272729,97.66,56,0.28582484274940023,15.7,0.6619856627494038,0.38,81.22,42.65829403263403,0.53,3117,0.6176132552004384,3357
Puerto Rico,2012,PRI,Latin America and Caribbean,34.569512559523815,97.96,56.45266666666668,0.28883804178076106,14.5,0.6637489960827372,0.37,83.78,42.21482403263404,0.76,3118,0.6226506296004932,3235
Puerto Rico,2013,PRI,Latin America and Caribbean,34.93930589285714,98.25,56.20000000000002,0.2697251962929156,14.3,0.6643164960827374,0.38,86.5,41.73596403263403,0.77,3119,0.6236404540807768,3213
Puerto Rico,2014,PRI,Latin America and Caribbean,33.83925255952381,98.55,56.15183333333334,0.2614130373407565,13.9,0.665408162749404,0.38,94.37874000000002,40.70470115384615,0.87,3120,0.6288934576974488,3030
Puerto Rico,2015,PRI,Latin America and Caribbean,34.04250708333334,98.85,55.305,0.26362883243455165,12,0.6636219616697818,0.38,95.80122,38.292871175491165,1.09,3121,0.6395803877597471,2656
Puerto Rico,2016,PRI,Latin America and Caribbean,34.14485208333334,99.15,54.44500000000001,0.26259859433931354,11.8,0.6633127950031152,0.38,96.79260833333333,37.933251175491165,1.2,3122,0.6393201024013193,2672
Puerto Rico,2017,PRI,Latin America and Caribbean,34.05379041666667,99.45,54.37133333333334,0.24475941179963098,10.8,0.6610813206441409,0.38,96.13467,40.754541153846155,0.97,3123,0.6407994813822409,2607
Puerto Rico,2018,PRI,Latin America and Caribbean,32.48118708333333,99.75,53.37036666666667,0.24118089448361363,9.2,0.662465384971626,0.39,96.36028333333334,41.02485115384616,0.85,3124,0.6493183402934009,2268
Puerto Rico,2019,PRI,Latin America and Caribbean,33.598713749999995,100,54.802500000000016,0.24133274513296427,8.3,0.6669535428663629,0.39,97.23634333333334,42.80627282051283,0.95,3125,0.6491473271451116,2272
Puerto Rico,2020,PRI,Latin America and Caribbean,32.201250416666674,100,53.384033333333335,0.2607461340218532,8.89,0.6682756072874487,0.3737500000000002,98.79600833333332,41.114504487179495,1.35,3126,0.6456737891239126,2394
Puerto Rico,2021,PRI,Latin America and Caribbean,27.011608333333328,93.95877113636371,47.213333333333324,0.24303535876932791,7.9,0.6691935428663627,0.3559949999999998,92.95575166666664,29.562803333333335,0.92,3127,0.6641974371603317,1811
Puerto Rico,2022,PRI,Latin America and Caribbean,32.32016833333333,95.30466681096685,48.943666666666665,0.23842413166310078,9.364169182751205,0.6669003849716257,0.36446833333333345,92.880725,32.36091833333333,0.85,3128,0.6536392253322836,2138
Qatar,2000,QAT,Middle East and North Africa,30.03,96.6,53.24825000000001,0.02,0.84,0.66,0.09,91.38,147.53,0.94,3129,0.46882311971027457,4349
Qatar,2001,QAT,Middle East and North Africa,27.42,96.6,53.800750000000015,0.02,0.85,0.66,0.09,88.4,159.68,0.97,3130,0.4544749616229825,4358
Qatar,2002,QAT,Middle East and North Africa,27.51,96.6,54.124416666666676,0.02,0.85,0.66,0.1,91.88,174.16,1.44,3131,0.4365027244897962,4367
Qatar,2003,QAT,Middle East and North Africa,18.53,96.6,56,0.04,0.86,0.66,0.1,98.44,175.18,1.18,3132,0.44553985135299295,4365
Qatar,2004,QAT,Middle East and North Africa,18.56,96.6,52,0.04,0.86,0.66,0.09,101.98,168.85,1.23,3133,0.45029450096402285,4360
Qatar,2005,QAT,Middle East and North Africa,18.61,96.6,59,0.04,0.87,0.66,0.08,99.87,174.97,0.84,3134,0.4492098636809534,4361
Qatar,2006,QAT,Middle East and North Africa,18.67,96.6,60,0.04,0.87,0.66,0.08,93.97,173.49,1.65,3135,0.4438336048335765,4366
Qatar,2007,QAT,Middle East and North Africa,18.72,96.6,60,0.04,0.52,0.66,0.07,98.8515633333333,169.7,0.99,3136,0.4548718166424235,4357
Qatar,2008,QAT,Middle East and North Africa,18.78,96.6,65,0.03,0.31,0.66,0.06,99.49678166666668,169.97,1.16,3137,0.45595849861708304,4356
Qatar,2009,QAT,Middle East and North Africa,19.38,96.6,70,0.03,0.31,0.66,0.06,100.226825,166.99,1.11,3138,0.4619441548228289,4352
Qatar,2010,QAT,Middle East and North Africa,18.73,96.6,77,0.04,0.45,0.66,0.06,105.47,155.28,2,3139,0.4741617639826229,4343
Qatar,2011,QAT,Middle East and North Africa,16.89,96.54,72,0.03,0.56,0.66,0.06,101.8947483333333,143.56,1.44,3140,0.4901412338252936,4341
Qatar,2012,QAT,Middle East and North Africa,10.88,96.48,68,0.03,0.48,0.66,0.06,100.20950333333332,151.53,1.38,3141,0.4812222195688802,4342
Qatar,2013,QAT,Middle East and North Africa,6.91,96.42,68,0.03,0.28,0.66,0.07,100.92163666666664,129.25,1.21,3142,0.5167468158983578,4333
Qatar,2014,QAT,Middle East and North Africa,5.67,96.36,69,0.03,0.2,0.66,0.07,102.47406333333328,146.33,1.54,3143,0.49208118611703544,4340
Qatar,2015,QAT,Middle East and North Africa,5.91,96.3,71,0.03,0.17,0.66,0.07,103.65210666666661,162.93,1.97,3144,0.4697298404807007,4347
Qatar,2016,QAT,Middle East and North Africa,7.75,96.24,61,0.03,0.15,0.66,0.07,103.5882783333333,177.8,1.52,3145,0.45124463642771506,4359
Qatar,2017,QAT,Middle East and North Africa,9.49,96.18,63,0.02,0.14,0.66,0.07,103.76225999999996,168.72,1.89,3146,0.45773089113882626,4354
Qatar,2018,QAT,Middle East and North Africa,10.35,96.18,62,0.02,0.11,0.66,0.08,103.06212499999997,163.65,2,3147,0.46193022452439997,4353
Qatar,2019,QAT,Middle East and North Africa,10.2,96.18,62,0.03,0.1,0.66,0.08,103.0438383333333,160.83,1.84,3148,0.4668390987692957,4351
Qatar,2020,QAT,Middle East and North Africa,9.48,96.18,63,0.02,0.14,0.66,0.07422000000000006,103.67286666666661,161.64677519841268,1.73,3149,0.4668858108280297,4350
Qatar,2021,QAT,Middle East and North Africa,10.014678650793657,95.91409466479749,63,0.02,0.17,0.66,0.07704000000000005,104.02016999999996,129.34662638888895,2.17,3150,0.5053528901217214,4338
Qatar,2022,QAT,Middle East and North Africa,10.817157817460318,96.3103718076546,58,0.02,0.5021816926640614,0.658637222222221,0.07565166666666669,103.82605166666661,155.32954019841273,1.86,3151,0.46893761379913906,4348
Republic of Korea,2000,KOR,East Asia and Pacific,43.64,97.56282555555553,40,0.59,4.06,0.44,0.29,95.96,45.7,0.41,3152,0.6963731525002606,968
Republic of Korea,2001,KOR,East Asia and Pacific,39.21,97.39595472222221,42,0.6,3.7,0.44,0.3,95.62,46.2,0.89,3153,0.6983341993971341,927
Republic of Korea,2002,KOR,East Asia and Pacific,38.64,97,45,0.6,3.05,0.44,0.3,95.81,48.08,0.65,3154,0.703926518752034,808
Republic of Korea,2003,KOR,East Asia and Pacific,38.73,97,43,0.6,3.35,0.44,0.3,96.49,33.73,0.62,3155,0.7247801620490666,492
Republic of Korea,2004,KOR,East Asia and Pacific,38.03,97,45,0.6,3.42,0.44,0.3,97.19,40.75,1.19,3156,0.708857777901385,716
Republic of Korea,2005,KOR,East Asia and Pacific,37.74,97,50,0.6,3.48,0.44,0.3,97.07,36.18,0.92,3157,0.7255497254418111,482
Republic of Korea,2006,KOR,East Asia and Pacific,35.74,97,51,0.6,3.25,0.44,0.31,95.81,48.77,0.48,3158,0.713987796680764,645
Republic of Korea,2007,KOR,East Asia and Pacific,35.77,97.19,51,0.6,3.01,0.45,0.31,95.25,51.28,1.24,3159,0.6985285673427132,919
Republic of Korea,2008,KOR,East Asia and Pacific,37.05,97.37,56,0.53,2.96,0.46,0.31,95.05,53.03,0.95,3160,0.697145907704877,954
Republic of Korea,2009,KOR,East Asia and Pacific,34.29,97.56,55,0.52,3.36,0.46,0.31,95.98,47.15,0.95,3161,0.7078304964091222,741
Republic of Korea,2010,KOR,East Asia and Pacific,34.02,97.74,54,0.52,3.32,0.46,0.31,96.36,53.96,0.5,3162,0.7007685158891094,868
Republic of Korea,2011,KOR,East Asia and Pacific,34.14,97.93,54,0.52,2.99,0.47,0.31,96.9,55.01,0.31,3163,0.7012001802082957,859
Republic of Korea,2012,KOR,East Asia and Pacific,34.55,98.11,56,0.51,2.81,0.44,0.31,97.8,53.93,0.4,3164,0.7065154107600176,762
Republic of Korea,2013,KOR,East Asia and Pacific,34.22,98.3,55,0.48,2.75,0.45,0.31,99.37,53.79,0.52,3165,0.7020926757632044,836
Republic of Korea,2014,KOR,East Asia and Pacific,33.86,98.48,55,0.48,3.08,0.44,0.31,99.87,54.1,0.99,3166,0.6957142719851248,982
Republic of Korea,2015,KOR,East Asia and Pacific,33.6,98.67,54,0.47,3.55,0.46,0.32,100.01,53.92,0.94,3167,0.6928487007769331,1071
Republic of Korea,2016,KOR,East Asia and Pacific,33.03,98.85,53,0.48,3.65,0.46,0.32,100.49,54.67,1.64,3168,0.6814444469052082,1359
Republic of Korea,2017,KOR,East Asia and Pacific,32.63,99.04,54,0.6,3.65,0.46,0.32,100.34,55.45,1.46,3169,0.6930351155934096,1064
Republic of Korea,2018,KOR,East Asia and Pacific,32.5,99.22,57,0.6,3.82,0.46,0.32,98.51,56.75,0.97,3170,0.6994413536922277,898
Republic of Korea,2019,KOR,East Asia and Pacific,30.25,99.41,44,0.58,3.75,0.46,0.32,95.87,54.52,1.49,3171,0.683155967545391,1304
Republic of Korea,2020,KOR,East Asia and Pacific,27.75,99.6,44,0.59,3.93,0.46,0.32859000000000016,96.04,48.49489000000003,1.55,3172,0.6956506729707035,987
Republic of Korea,2021,KOR,East Asia and Pacific,32.112358571428565,97.70322309523804,62,0.6,3.64,0.44,0.32705222222222224,102.48383476190475,48.810312380952404,1.76,3173,0.7108796535989448,687
Republic of Korea,2022,KOR,East Asia and Pacific,29.77478071428573,97.42757904761903,63,0.54,3.572162255160299,0.47377355796164605,0.32658666666666664,101.5090933333333,49.50294571428577,1.66,3174,0.7064244351089208,764
Republic of the Congo,2000,COG,Sub-Saharan Africa,37.07338333333332,27.42,22.25850980392157,0.11,19.98,0.65,0.18,38.92419166666667,7.01,0.4,3175,0.5665476234340249,4143
Republic of the Congo,2001,COG,Sub-Saharan Africa,37.423823333333324,27.58,22.0643431372549,0.11,20,0.65,0.18,38.49180500000001,6.73,0.36,3176,0.5666800189754507,4140
Republic of the Congo,2002,COG,Sub-Saharan Africa,36.59642166666667,27.78,22.67850980392157,0.12,19.96,0.65,0.18,38.31,5.55,0.75,3177,0.5665662249054484,4142
Republic of the Congo,2003,COG,Sub-Saharan Africa,35.84265333333333,27.98,22.43967647058824,0.12,19.98,0.65,0.18,39.5,6.73,0.85,3178,0.5649494560010323,4158
Republic of the Congo,2004,COG,Sub-Saharan Africa,35.83593916666666,29.58,23,0.14,19.9,0.65,0.18,44.62,6.62,0.89,3179,0.5687814981004322,4116
Republic of the Congo,2005,COG,Sub-Saharan Africa,36.10586083333334,31.2,23,0.14,19.8,0.65,0.19,42.03546333333335,7.13,0.91,3180,0.5683920509136331,4118
Republic of the Congo,2006,COG,Sub-Saharan Africa,35.05820583333332,32.84,22,0.14,19.85,0.66,0.19,42.94170500000001,7.76,0.81,3181,0.567863767926144,4126
Republic of the Congo,2007,COG,Sub-Saharan Africa,34.647854999999986,34.5,21,0.13,20.12,0.66,0.19,44.678308333333334,7.13,0.83,3182,0.5670028745197462,4135
Republic of the Congo,2008,COG,Sub-Saharan Africa,36.22117833333332,36.19,19,0.13,19.98,0.66,0.19,43.9572,7.04,0.74,3183,0.5663491656115269,4147
Republic of the Congo,2009,COG,Sub-Saharan Africa,36.31663999999999,37.9,19,0.13,19.94,0.66,0.18,45.42755333333333,8.11,0.82,3184,0.564726310618269,4160
Republic of the Congo,2010,COG,Sub-Saharan Africa,35.535623333333334,39.63,21,0.13,20.02,0.66,0.19,47.07142833333332,7.98,1.26,3185,0.5638999556987873,4165
Republic of the Congo,2011,COG,Sub-Saharan Africa,33.293373333333335,41.39,22,0.13,20.19,0.66,0.19,47.12324833333334,7.24,0.65,3186,0.5716236574003873,4091
Republic of the Congo,2012,COG,Sub-Saharan Africa,34.06098833333333,43.16,26,0.12,20.12,0.66,0.19,52.59,7.2,0.67,3187,0.5754316642590127,4044
Republic of the Congo,2013,COG,Sub-Saharan Africa,32.281879999999994,44.96,22,0.13,20.34,0.66,0.19,49.99423333333335,7.46,0.81,3188,0.5714964365920653,4092
Republic of the Congo,2014,COG,Sub-Saharan Africa,32.108361666666674,46.79,23,0.12,20.27,0.66,0.19,52.34479833333334,7.27,0.74,3189,0.5737547212336938,4066
Republic of the Congo,2015,COG,Sub-Saharan Africa,30.545228333333338,48.63,23,0.13,20.49,0.66,0.19,55.17073499999999,7.29,1.08,3190,0.5726120700425212,4081
Republic of the Congo,2016,COG,Sub-Saharan Africa,30.66105833333334,50.49,20,0.13,20.65,0.66,0.19,55.431544999999986,7.48,1.48,3191,0.5663974837837831,4144
Republic of the Congo,2017,COG,Sub-Saharan Africa,28.163222500000014,52.38,21,0.18,20.59,0.66,0.19,56.589853333333295,7.2,1.16,3192,0.5761961342682513,4034
Republic of the Congo,2018,COG,Sub-Saharan Africa,28.332529166666685,52.6,19,0.18,20.64,0.66,0.19,66.44,7.46,1.25,3193,0.5764286774038719,4031
Republic of the Congo,2019,COG,Sub-Saharan Africa,28.56761916666668,52.83,28,0.18,20.61,0.66,0.2,56.54754833333332,7.92,1.41,3194,0.578273959842951,4003
Republic of the Congo,2020,COG,Sub-Saharan Africa,19.001261176470592,53.06,30,0.2,22.52,0.66,0.2610015384615385,61.12123166666666,12.861409523809522,1.5,3195,0.5757878831691084,4041
Republic of the Congo,2021,COG,Sub-Saharan Africa,22.860681176470603,50.34221338494838,21,0.19,22.24,0.66,0.23322653846153854,60.02161166666666,9.46367285714286,1.36,3196,0.571101598997777,4098
Republic of the Congo,2022,COG,Sub-Saharan Africa,22.439950833333352,46.83107128787879,21,0.19,20.65098585850744,0.6546161594202886,0.22800987179487184,57.211774999999996,8.565971190476194,1.25,3197,0.5792620064508682,3986
Romania,2000,ROU,Europe and Central Asia,19.42,81.65,29,0.39,6.97,0.47,0.37,79.78,14.52,1.34,3198,0.6998533786192073,890
Romania,2001,ROU,Europe and Central Asia,18.94,81.61,28,0.38,6.56,0.47,0.37,80.58,14.88,1.54,3199,0.6966291659085371,963
Romania,2002,ROU,Europe and Central Asia,17.84,81.59,26,0.38,8.11,0.49,0.37,82.01,15.69,1.22,3200,0.691695161925451,1101
Romania,2003,ROU,Europe and Central Asia,15.13,81.63,28,0.4,6.95,0.52,0.36,81.98,17.07,0.15,3201,0.7091582504673389,711
Romania,2004,ROU,Europe and Central Asia,24.33,81.66,29,0.39,7.72,0.52,0.38,81.66,17.67,0.56,3202,0.6972621332492439,949
Romania,2005,ROU,Europe and Central Asia,18.5,81.7,30,0.41,7.17,0.53,0.37,82.48,19.26,0.3,3203,0.7057327813882798,777
Romania,2006,ROU,Europe and Central Asia,19.99,81.74,31,0.41,7.27,0.53,0.38,83.82,21.54,0.51,3204,0.7019679439278783,839
Romania,2007,ROU,Europe and Central Asia,17.6,81.77,37,0.42,6.41,0.57,0.37,87.3,22.48,2.13,3205,0.6860267559191108,1220
Romania,2008,ROU,Europe and Central Asia,18.18,81.81,38,0.43,5.79,0.56,0.38,92.89,22.91,1.34,3206,0.7059274464321549,773
Romania,2009,ROU,Europe and Central Asia,20.78,81.85,38,0.46,6.86,0.56,0.38,95.29,18.62,1.62,3207,0.7048287428218899,790
Romania,2010,ROU,Europe and Central Asia,19.63,81.89,37,0.47,6.96,0.52,0.38,97.66,17.71,1.17,3208,0.7188737009944907,583
Romania,2011,ROU,Europe and Central Asia,24.28,81.92,36,0.48,7.18,0.53,0.38,98.26,18.62,0.5,3209,0.7218884613138885,544
Romania,2012,ROU,Europe and Central Asia,22.43,81.93,44,0.47,6.79,0.54,0.38,97.52,18.02,1.83,3210,0.7121105640373286,671
Romania,2013,ROU,Europe and Central Asia,20.18,81.92,43,0.47,7.1,0.53,0.39,96.65,16.63,1.37,3211,0.7219407751324876,540
Romania,2014,ROU,Europe and Central Asia,20.31,81.91,43,0.47,6.8,0.55,0.38,94.42,16.92,1.55,3212,0.715652031809104,628
Romania,2015,ROU,Europe and Central Asia,21.28,81.9,46,0.49,6.81,0.54,0.39,92.93,16.96,1.8,3213,0.7169144120653547,614
Romania,2016,ROU,Europe and Central Asia,20.75,81.91,48,0.51,5.9,0.51,0.4,91.14,16.14,1.88,3214,0.7272073917806346,455
Romania,2017,ROU,Europe and Central Asia,20.49,81.92,48,0.45,4.93,0.52,0.4,91.26,17.03,1.15,3215,0.7357848821024289,361
Romania,2018,ROU,Europe and Central Asia,19.46,81.93,47,0.48,4.19,0.54,0.4,89.07,17.53,2.27,3216,0.7166152917661135,616
Romania,2019,ROU,Europe and Central Asia,18.88,81.96,44,0.56,3.91,0.54,0.4,88.07,17.31,2.24,3217,0.7212298424628155,559
Romania,2020,ROU,Europe and Central Asia,19.03,81.99,44,0.6,5.03,0.54,0.40012333333333294,87.1,21.926851666666657,2.26,3218,0.7146222930829521,640
Romania,2021,ROU,Europe and Central Asia,22.983913333333344,88.95259196969695,45,0.58,5.59,0.54,0.3812666666666666,96.88095333333337,26.59625833333334,1.45,3219,0.7232343588370316,513
Romania,2022,ROU,Europe and Central Asia,22.572023333333345,84.68001579004327,46,0.5,5.6992600596022305,0.5152050549450545,0.39557499999999995,93.34087666666666,21.063638333333333,1.95,3220,0.7176740950480751,602
Russian Federation,2000,RUS,Europe and Central Asia,30.21,74.71,21,0.26,10.58,0.6,0.38,85.4878916666667,30.3,1.32,3221,0.6280371656041694,3062
Russian Federation,2001,RUS,Europe and Central Asia,30.79,74.7,23,0.23,8.98,0.61,0.38,85.77310000000001,33.71,0.81,3222,0.6333828381913661,2877
Russian Federation,2002,RUS,Europe and Central Asia,31.21,74.76,27,0.22,7.88,0.59,0.39,86.68897999999997,32.83,1.59,3223,0.63577342102829,2786
Russian Federation,2003,RUS,Europe and Central Asia,33.28,74.82,27,0.21,8.21,0.6,0.39,91.51,34.9,0.99,3224,0.6368764917696647,2760
Russian Federation,2004,RUS,Europe and Central Asia,33.81,74.89,28,0.21,7.76,0.59,0.39,85.32,35.72,1.4,3225,0.6323167509384646,2914
Russian Federation,2005,RUS,Europe and Central Asia,31.93,74.95,24,0.2,7.12,0.58,0.4,82.91,35.41,1.7,3226,0.6289180551532416,3027
Russian Federation,2006,RUS,Europe and Central Asia,31.13,75.02,25,0.2,7.06,0.6,0.41,82.71,36.46,0.55,3227,0.6402075810366907,2630
Russian Federation,2007,RUS,Europe and Central Asia,31.45,75.09,23,0.19,6,0.6,0.42,82.95,38.23,2.49,3228,0.616273285588425,3381
Russian Federation,2008,RUS,Europe and Central Asia,31.55,75.15,21,0.19,6.21,0.61,0.42,83.13,41.94,2.22,3229,0.610905743594967,3481
Russian Federation,2009,RUS,Europe and Central Asia,34.58,75.22,22,0.19,8.3,0.59,0.41,84.77,36.58,1.19,3230,0.6242872458283252,3194
Russian Federation,2010,RUS,Europe and Central Asia,35.33,75.29,21,0.19,7.37,0.55,0.41,90.77167333333337,38.52,0.88,3231,0.6335562860205644,2870
Russian Federation,2011,RUS,Europe and Central Asia,34.19,75.35,24,0.19,6.54,0.56,0.42,91.83,42.82,1.7,3232,0.6243082017995555,3192
Russian Federation,2012,RUS,Europe and Central Asia,33.4,75.42,28,0.17,5.44,0.55,0.41,95.61,43.48,1.93,3233,0.6284893395851757,3045
Russian Federation,2013,RUS,Europe and Central Asia,34.83,75.49,28,0.17,5.46,0.56,0.41,97.68,42.82,1.17,3234,0.637359308019057,2741
Russian Federation,2014,RUS,Europe and Central Asia,35.83,75.57,27,0.16,5.16,0.54,0.4,98.82,41.9,1.75,3235,0.6321335975928751,2922
Russian Federation,2015,RUS,Europe and Central Asia,38.65,75.65,29,0.16,5.57,0.54,0.4,102.18,41.09,2.25,3236,0.6263245115233846,3127
Russian Federation,2016,RUS,Europe and Central Asia,40.48,75.74,29,0.16,5.56,0.54,0.4,102.4,41.96,2.46,3237,0.6210979017227255,3283
Russian Federation,2017,RUS,Europe and Central Asia,40.49,75.82,29,0.16,5.21,0.54,0.41,103.38,42.54,2.13,3238,0.6266478807738224,3112
Russian Federation,2018,RUS,Europe and Central Asia,38.31,75.91,28,0.16,4.85,0.55,0.4,103.76,42.11,2.04,3239,0.6289485657418838,3025
Russian Federation,2019,RUS,Europe and Central Asia,36.57,76.01,28,0.16,4.5,0.55,0.4,103.6,41.73,2.18,3240,0.6299931318360277,2991
Russian Federation,2020,RUS,Europe and Central Asia,27.76,76.1,30,0.19,5.59,0.58,0.3900633333333333,95.87631499999999,37.75991000000001,3.69,3241,0.6145925668016867,3407
Russian Federation,2021,RUS,Europe and Central Asia,36.42137571428572,79.05754738095239,29,0.16,4.72,0.58,0.36311761904761886,96.68914833333338,34.284534761904766,1.64,3242,0.6407195141418965,2613
Russian Federation,2022,RUS,Europe and Central Asia,36.741017792207806,76.22736907203907,28,0.14,6.773174084387836,0.555439299450549,0.3869259523809522,99.42890833333338,39.636115000000004,2.26,3243,0.6195025193005536,3320
Rwanda,2000,RWA,Sub-Saharan Africa,26.59,3.99,24.2595,0.11,11.94,0.68,0.25,11.41,1.61,0.5329167794113134,3244,0.5962153523383076,3766
Rwanda,2001,RWA,Sub-Saharan Africa,27.68,4.53,27.082000000000008,0.13,11.94,0.69,0.26,11.7,1.68,0.26,3245,0.600798905472405,3684
Rwanda,2002,RWA,Sub-Saharan Africa,28.46,5.11,26.580166666666674,0.13,11.88,0.69,0.27,12.53,1.69,0.66,3246,0.5981600806206306,3725
Rwanda,2003,RWA,Sub-Saharan Africa,17.12,5.49,29.874333333333343,0.15,12.03,0.7,0.27,13.97,1.81,0.91,3247,0.6040729155238755,3626
Rwanda,2004,RWA,Sub-Saharan Africa,21.22,5.85,29.220142857142864,0.19,11.94,0.7,0.27,15.71,1.94,0.7,3248,0.607392601521312,3553
Rwanda,2005,RWA,Sub-Saharan Africa,23.8,6.21,31,0.19,11.91,0.71,0.28,16.73,2.01,0.9526501515151514,3249,0.6051976373989931,3599
Rwanda,2006,RWA,Sub-Saharan Africa,14.27,6.57,25,0.19,11.9,0.7,0.29,18.38,2.09,1.0496775939849625,3250,0.6068478518313125,3569
Rwanda,2007,RWA,Sub-Saharan Africa,12.5,6.95,28,0.19,11.92,0.69,0.29,20.44,2.13,1.25,3251,0.6097620155596694,3502
Rwanda,2008,RWA,Sub-Saharan Africa,11.78,7.33,30,0.19,11.86,0.69,0.3,21.97,2.19,0.8732290952176481,3252,0.6161508504072652,3385
Rwanda,2009,RWA,Sub-Saharan Africa,11.38,7.71,33,0.19,11.92,0.68,0.3,26.15,2.19,0.9948792931422027,3253,0.6199786725821174,3313
Rwanda,2010,RWA,Sub-Saharan Africa,11.09,8.11,40,0.2,11.9,0.67,0.3,31.62,2.24,1.311069209627004,3254,0.6262223051360827,3132
Rwanda,2011,RWA,Sub-Saharan Africa,10.79,8.5,50,0.2,11.88,0.67,0.31,35.59,2.29,0.9676789603174604,3255,0.6387031646594291,2688
Rwanda,2012,RWA,Sub-Saharan Africa,10.18,8.91,53,0.2,11.86,0.66,0.32,38.31,2.27,0.8381845895364759,3256,0.6452558747458894,2413
Rwanda,2013,RWA,Sub-Saharan Africa,12.31,9.32,53,0.19,11.91,0.66,0.32,40.72,2.23,0.9596311706349205,3257,0.6433015698713854,2503
Rwanda,2014,RWA,Sub-Saharan Africa,12.08,9.74,49,0.19,11.88,0.65,0.32,40.09,2.16,0.9927879396549504,3258,0.6416724079152867,2562
Rwanda,2015,RWA,Sub-Saharan Africa,12.18,10.18,54,0.21,11.83,0.64,0.33,37.85,2.26,1.2651941564060785,3259,0.6449761189566116,2430
Rwanda,2016,RWA,Sub-Saharan Africa,11.36,10.63,54,0.2,11.86,0.64,0.33,37.27,2.46,1.3307614935064935,3260,0.6433583702114034,2500
Rwanda,2017,RWA,Sub-Saharan Africa,11.82,11.09,55,0.2,11.88,0.64,0.32,38.88,2.4,1.356918080808081,3261,0.6437787427115949,2481
Rwanda,2018,RWA,Sub-Saharan Africa,11.87,11.56,56,0.2,12.1,0.64,0.33,40.9,2.4,1.2546703721424772,3262,0.646133784092328,2375
Rwanda,2019,RWA,Sub-Saharan Africa,12.13,12.05,53,0.19,12.43,0.64,0.33,44.32,2.41,1.3382920334928228,3263,0.6425481805277155,2530
Rwanda,2020,RWA,Sub-Saharan Africa,10.35,12.1,54,0.18,13.01,0.64,0.29714738095238075,40.95311833333334,4.406489999999997,1.3643531601731602,3264,0.635511252856715,2805
Rwanda,2021,RWA,Sub-Saharan Africa,17.79538666666666,21.498280618580772,53,0.18,13.31,0.64,0.27929071428571417,46.09,6.523536666666661,1.4204921485377364,3265,0.6312908605283449,2953
Rwanda,2022,RWA,Sub-Saharan Africa,18.408278333333325,16.778885063025207,51,0.17,12.66870050934998,0.6377687560152268,0.27906904761904744,45.76938000000002,5.572839999999993,1.203358558723884,3266,0.6334566012426742,2872
Saint Kitts and Nevis,2000,KNA,Latin America and Caribbean,52.64,97.95,45.87450000000002,0.33633511170266917,10.481182377651933,0.6689885112656222,0.3374899999999999,111.95,41.40903736596734,0.34,3267,0.6361383644540282,2777
Saint Kitts and Nevis,2001,KNA,Latin America and Caribbean,51.07,97.98,46.04816666666668,0.3078154560250135,9.64411909482365,0.6685280040192453,0.3352049999999999,103.27,42.15557903263402,0.5918336440742291,3268,0.6321393260343859,2921
Saint Kitts and Nevis,2002,KNA,Latin America and Caribbean,51.35,98.01,45.80333333333335,0.30181697117652856,9.894414094823649,0.6683880040192453,0.3340999999999999,100.69,41.18982736596736,0.63,3269,0.6302380446699707,2982
Saint Kitts and Nevis,2003,KNA,Latin America and Caribbean,50.65,98.03,45.786500000000004,0.30607035002806915,9.908131951966505,0.6709030040192454,0.33484166666666665,97.13,42.20368736596736,0.78,3270,0.6264306004545214,3125
Saint Kitts and Nevis,2004,KNA,Latin America and Caribbean,46.13,98.06,45.97183333333334,0.2982425014795589,9.268591594823647,0.6666663373525787,0.34200999999999987,92.91,41.90394903263401,0.5,3271,0.6355274889079033,2802
Saint Kitts and Nevis,2005,KNA,Latin America and Caribbean,47.98,98.08,45.89533333333335,0.3024353500280692,8.913184305446356,0.6695696706859121,0.3378616666666665,94.89,42.33006903263402,0.84,3272,0.631480670903096,2944
Saint Kitts and Nevis,2006,KNA,Latin America and Caribbean,50.05,98.11,46.14350000000001,0.291789597863567,8.89755529750985,0.6679263373525789,0.3352283333333332,99.71063833333329,42.07643403263401,0.66,3273,0.6331235638277493,2888
Saint Kitts and Nevis,2007,KNA,Latin America and Caribbean,51.09,98.14,45.259666666666675,0.2962978716730908,8.728306785605088,0.6749261619139821,0.33370833333333316,111.96,40.86786736596736,0.93,3274,0.6343335187362605,2849
Saint Kitts and Nevis,2008,KNA,Latin America and Caribbean,56.86,98.16,40.86577777777778,0.320466583564141,8.75747387795718,0.6694446706859122,0.33422666666666656,109.27,41.28617379453877,0.39,3275,0.6326784620101763,2902
Saint Kitts and Nevis,2009,KNA,Latin America and Caribbean,54.68,98.19,45.06200000000002,0.2901729993150568,8.236516981683517,0.6648796706859117,0.3269749999999997,106.06,42.18346903263403,0.5,3276,0.6342862581203602,2850
Saint Kitts and Nevis,2010,KNA,Latin America and Caribbean,55.21,98.22,44.056999999999995,0.2971830282387475,8.385982261795563,0.6670326362729562,0.3335766666666665,106.26,40.79297236596737,1.15,3277,0.6281623635545587,3056
Saint Kitts and Nevis,2011,KNA,Latin America and Caribbean,55.54,98.24,43.92433333333334,0.2890615851736427,8.138014910421447,0.6629970516382926,0.32696499999999973,104.75,41.22212736596736,0.59,3278,0.6332485573176012,2884
Saint Kitts and Nevis,2012,KNA,Latin America and Caribbean,55.41,98.27,44.12133333333333,0.29585365991262913,8.376391417639722,0.6615087183049595,0.3323499999999997,89.02,39.80960736596737,0.7,3279,0.6293503763637117,3008
Saint Kitts and Nevis,2013,KNA,Latin America and Caribbean,56.48,98.3,41.91261111111112,0.27141519629291555,8.098860148516685,0.6658253849716259,0.32758999999999977,116.4,40.56326474691973,0.78,3280,0.6314796437945561,2945
Saint Kitts and Nevis,2014,KNA,Latin America and Caribbean,53.74,98.3,44.155166666666666,0.25734184686456607,8.085932340075129,0.6620420516382929,0.32105833333333317,107.19,38.37649948717948,0.74,3281,0.6355025430600074,2806
Saint Kitts and Nevis,2015,KNA,Latin America and Caribbean,57.09,98.3,41.18844444444444,0.2687310546567739,8.214019066265607,0.6658602095330296,0.3286616666666664,107.87,39.626254746919734,1.04,3282,0.6256766688116235,3153
Saint Kitts and Nevis,2016,KNA,Latin America and Caribbean,54.9,98.3,45.36883333333334,0.26406859433931357,8.007704066265605,0.6653525172253372,0.32997999999999983,106.91,38.74217903263403,1.1,3283,0.6318715464441159,2930
Saint Kitts and Nevis,2017,KNA,Latin America and Caribbean,53.39,98.3,44.22533333333334,0.24176441179963096,7.9218729039849025,0.6621335428663631,0.32291499999999984,105.40072833333335,38.80704115384615,0.96,3284,0.6315479629038706,2941
Saint Kitts and Nevis,2018,KNA,Latin America and Caribbean,49.38,94.15451030303035,34.76361111111111,0.2416498599544174,8.402384927794428,0.6603470516382928,0.3206166666666666,93.43514999999994,27.663728333333328,0.63,3285,0.6395723180166871,2658
Saint Kitts and Nevis,2019,KNA,Latin America and Caribbean,46.37,94.74236554112557,39.470944444444456,0.2388847040074232,8.360600403984902,0.6637903849716258,0.32794666666666666,100.18192999999998,30.42900333333333,0.8,3286,0.642918783629834,2515
Saint Kitts and Nevis,2020,KNA,Latin America and Caribbean,44.62,96.24276696969702,44.59516666666667,0.24436002291074208,8.252921118270617,0.6682350172253371,0.340465,100.98626833333336,35.80290782051281,1.13,3287,0.6390429249472789,2679
Saint Kitts and Nevis,2021,KNA,Latin America and Caribbean,46.19548833333331,92.77823887445889,39.19944444444446,0.23950631115028032,8.622450403984901,0.6669003849716257,0.32311166666666663,108.91,28.71120166666666,0.86,3288,0.6452506260319752,2415
Saint Kitts and Nevis,2022,KNA,Latin America and Caribbean,46.68517999999999,93.9606638744589,38.93727777777779,0.23602960785357702,8.676392070651568,0.6668503849716256,0.32585166666666665,100.11909999999996,29.820704999999993,0.77,3289,0.641125973943334,2584
Saint Lucia,2000,LCA,Latin America and Caribbean,58.86,87.82,34.64266666666667,0.33633511170266917,16.49,0.6704185112656225,0.36,73.99,29.543987380952377,0.34,3290,0.5973017116276124,3746
Saint Lucia,2001,LCA,Latin America and Caribbean,56.88,87.8,37.63233333333333,0.3068154560250135,18.51,0.6688541151303566,0.37,74.26,30.38799833333334,0.57,3291,0.5863631635555908,3902
Saint Lucia,2002,LCA,Latin America and Caribbean,56.91,87.75,39.26116666666667,0.30181697117652856,20.39,0.666860781797023,0.37,73.73,30.24868166666668,0.64,3292,0.5772539151199785,4017
Saint Lucia,2003,LCA,Latin America and Caribbean,59.64,88.11,37.38250000000001,0.3068236833614025,22.18,0.6786526407713822,0.36,74.72,29.369779047619055,0.86,3293,0.5628646230842834,4178
Saint Lucia,2004,LCA,Latin America and Caribbean,57.45,88.48,42.896,0.2981925014795589,20.97,0.6772643074380489,0.37,73.85,33.29771833333336,0.52,3294,0.5718399358373865,4089
Saint Lucia,2005,LCA,Latin America and Caribbean,55.97,88.85,40.101166666666664,0.29851184353456267,18.7,0.6702239396917602,0.38,77.89,31.490641666666683,0.94,3295,0.5838125820721873,3934
Saint Lucia,2006,LCA,Latin America and Caribbean,58.68,89.23,41.52166666666667,0.29534013357785277,16,0.6699757817970234,0.38,82.44,31.19107000000001,0.76,3296,0.5998178333755539,3699
Saint Lucia,2007,LCA,Latin America and Caribbean,63.93,89.62,61,0.29359918119690037,14,0.67113244846369,0.38,87.97,43.977088333333334,0.75,3297,0.6016632604179961,3673
Saint Lucia,2008,LCA,Latin America and Caribbean,59.59,90.02,65,0.310368594553152,12.72,0.6683041151303566,0.39,93.28,44.081735,0.44,3298,0.6219902201821326,3259
Saint Lucia,2009,LCA,Latin America and Caribbean,57.42,90.42,64,0.2903563326483901,15.37,0.665215781797023,0.4,94.59,42.83466166666667,0.52,3299,0.6109847873095157,3480
Saint Lucia,2010,LCA,Latin America and Caribbean,54.76,90.83,54.216666666666676,0.29645445681017607,17.11,0.6634287473840672,0.4,93.82,37.46690833333334,1.18,3300,0.5992320921898853,3707
Saint Lucia,2011,LCA,Latin America and Caribbean,55.6,91.26,58,0.2911652215372791,18.86,0.6618898294160706,0.4,92.79,39.83676833333333,0.64,3301,0.5936559703214481,3808
Saint Lucia,2012,LCA,Latin America and Caribbean,51.65,91.69,71,0.2891703405848981,19.06,0.662485662749404,0.4,89.47,44.05307785714285,0.63,3302,0.5964971078797179,3760
Saint Lucia,2013,LCA,Latin America and Caribbean,52.07,92.12,71,0.2687785296262489,22.21,0.6756934741047155,0.4,87.79,44.592037857142856,0.74,3303,0.5732530976530996,4072
Saint Lucia,2014,LCA,Latin America and Caribbean,51.96,92.55,71,0.26018581233536975,21.3,0.6744609741047154,0.4,87.54,44.03911785714286,0.62,3304,0.5797935617390941,3979
Saint Lucia,2015,LCA,Latin America and Caribbean,49.56,92.97,60,0.2613247040074232,20.56,0.6634307817970229,0.41,88.52,39.90151166666667,0.86,3305,0.585018465388963,3922
Saint Lucia,2016,LCA,Latin America and Caribbean,51.22,93.4,55,0.2669188165615357,19.66,0.6649189396917599,0.41,88.53,37.759466666666675,1,3306,0.5873132492471348,3890
Saint Lucia,2017,LCA,Latin America and Caribbean,49.79,93.83,55,0.24155089448361364,18.86,0.6587898294160707,0.41,88.86,37.027616666666674,0.84,3307,0.5942776542244342,3797
Saint Lucia,2018,LCA,Latin America and Caribbean,49.13,94.26,55,0.23874367308573052,19.08,0.6617770516382927,0.41,89.36,37.71894,0.53,3308,0.5953835506711953,3780
Saint Lucia,2019,LCA,Latin America and Caribbean,46.24,94.26,55,0.24294774513296433,15.32,0.6645452095330296,0.42,89.87,36.82417666666667,0.97,3309,0.6145800228602744,3408
Saint Lucia,2020,LCA,Latin America and Caribbean,39.49,94.26,56,0.24288002291074207,20.39,0.6681076362729561,0.39393833333333333,91.92,36.87195666666667,1.16,3310,0.5904382563281748,3844
Saint Lucia,2021,LCA,Latin America and Caribbean,45.71801499999995,93.05369500000006,56,0.23526345400742318,19.52,0.6658537183049592,0.4007219047619046,92.25380916666667,38.41749666666667,0.73,3311,0.5927066825818286,3821
Saint Lucia,2022,LCA,Latin America and Caribbean,46.102896666666624,92.8784047619048,55,0.24207270309167225,18.612070548472307,0.6656037183049591,0.4022419047619046,91.96785083333334,38.12577166666667,0.69,3312,0.597995243068065,3728
Saint Vincent and the Grenadines,2000,VCT,Latin America and Caribbean,27.28,91.72,47.42166666666667,0.32764045602501346,20.96,0.6763784654780766,0.34,82.51,31.166396666666664,0.46,3313,0.604420825832875,3620
Saint Vincent and the Grenadines,2001,VCT,Latin America and Caribbean,28.61,91.86,49.55533333333333,0.3109369355259047,21.1,0.6771426407713821,0.34,84.58,32.45348499999999,0.69,3314,0.5995042474468093,3701
Saint Vincent and the Grenadines,2002,VCT,Latin America and Caribbean,28.46,92,52.030666666666654,0.30181697117652856,20.63,0.6670941151303564,0.34,87.62,33.38606166666667,0.63,3315,0.6048799498868226,3609
Saint Vincent and the Grenadines,2003,VCT,Latin America and Caribbean,30.44,92.14,53.15483333333333,0.3067490405042596,20.26,0.6694056063584267,0.35,86.22,38.02851833333334,0.91,3316,0.5967240643654429,3757
Saint Vincent and the Grenadines,2004,VCT,Latin America and Caribbean,32.75,92.28,54.600666666666655,0.3180066681462256,20.04,0.6659460992573406,0.35,94.21,38.77771666666668,0.44,3317,0.6054059897838328,3593
Saint Vincent and the Grenadines,2005,VCT,Latin America and Caribbean,33.55,92.42,55.95383333333332,0.30351184353456273,19.76,0.6689706063584268,0.35,89.42,38.59098,1,3318,0.5984617568133525,3717
Saint Vincent and the Grenadines,2006,VCT,Latin America and Caribbean,34.95,92.56,58.108166666666655,0.2947034669111861,19.28,0.6684624484636901,0.35,98.1508683333334,42.338465,0.74,3319,0.6009098631371329,3683
Saint Vincent and the Grenadines,2007,VCT,Latin America and Caribbean,35.82,92.7,61,0.2921886454826146,19.07,0.67095244846369,0.36,104.85,44.51452833333334,0.68,3320,0.6029148660875794,3659
Saint Vincent and the Grenadines,2008,VCT,Latin America and Caribbean,34.44,92.84,65,0.2889629993150568,18.79,0.6703416151303568,0.36,109.48,45.67599666666666,0.51,3321,0.6094678026926162,3509
Saint Vincent and the Grenadines,2009,VCT,Latin America and Caribbean,33.37,92.98,64,0.2901729993150568,18.92,0.6653957817970231,0.36,110.54,43.798746666666666,0.5,3322,0.6131477726647867,3443
Saint Vincent and the Grenadines,2010,VCT,Latin America and Caribbean,32.23,93.12,59.52483333333333,0.29645445681017607,18.98,0.6626120807174005,0.36,108.04,42.41797166666666,1.2,3323,0.6050880889440484,3603
Saint Vincent and the Grenadines,2011,VCT,Latin America and Caribbean,32.66,93.26,58,0.2927963980078673,18.92,0.6621648294160706,0.36,103.43,40.79371,0.68,3324,0.6107394854664708,3486
Saint Vincent and the Grenadines,2012,VCT,Latin America and Caribbean,31.86,93.4,62,0.28706670422126174,18.89,0.662485662749404,0.36,101.93,42.32685333333333,0.58,3325,0.6119002938275444,3457
Saint Vincent and the Grenadines,2013,VCT,Latin America and Caribbean,32.12,93.54,62,0.2697251962929156,18.91,0.6657914960827372,0.36,104.54,42.512101666666666,0.77,3326,0.6081366834426964,3540
Saint Vincent and the Grenadines,2014,VCT,Latin America and Caribbean,34.01,93.68,62,0.26018581233536975,18.95,0.661403162749404,0.36,106.3,41.465818333333324,0.64,3327,0.6099852601844992,3496
Saint Vincent and the Grenadines,2015,VCT,Latin America and Caribbean,33.55,93.68,60.44183333333333,0.2603630373407565,18.97,0.663033162749404,0.36,107.43,41.47128166666667,0.84,3328,0.6071007859947878,3561
Saint Vincent and the Grenadines,2016,VCT,Latin America and Caribbean,33.5,93.68,60,0.2608863165615357,18.98,0.6652796539774742,0.36,106.69,40.937079999999995,0.95,3329,0.6059046394808352,3583
Saint Vincent and the Grenadines,2017,VCT,Latin America and Caribbean,31.65,93.68,58,0.24705660876932792,19.03,0.6623663206441408,0.37,108.63,39.2468,0.91,3330,0.6089364382510808,3519
Saint Vincent and the Grenadines,2018,VCT,Latin America and Caribbean,28.94,93.68,58,0.23874367308573052,19.02,0.6617770516382927,0.37,107.23,37.827181666666675,0.54,3331,0.6158245983511403,3394
Saint Vincent and the Grenadines,2019,VCT,Latin America and Caribbean,29.03,92.31859910052914,59,0.24397668957740876,19.09,0.6646033505586705,0.37,101.70623999999997,38.093745000000006,1.17,3332,0.6069130570903242,3567
Saint Vincent and the Grenadines,2020,VCT,Latin America and Caribbean,26.53,88.5210685449736,59,0.2423271657678849,20.55,0.6680109696062893,0.3615266666666666,99.70681666666661,38.115255000000005,1.23,3333,0.5974706756693764,3745
Saint Vincent and the Grenadines,2021,VCT,Latin America and Caribbean,30.26703666666668,91.21720759259262,59,0.23615012067408986,20.4,0.6663163373525781,0.3596716666666667,100.482475,39.99997666666666,0.76,3334,0.598349283463722,3720
Saint Vincent and the Grenadines,2022,VCT,Latin America and Caribbean,30.965161176470605,92.29467814814817,60,0.24141651261548178,19.549350386980922,0.6651287183049592,0.36179666666666654,102.3801652380952,41.709878333333336,0.7,3335,0.6027744162672756,3661
Samoa,2000,WSM,East Asia and Pacific,11.95,87.81,40.325500000000005,0.28291231546742585,4.66,0.5762684213767417,0.24,78.48,29.293697380952384,0.54,3336,0.6854276474427151,1236
Samoa,2001,WSM,East Asia and Pacific,13.99,87.81,41.670500000000004,0.27680105439189995,4.96,0.5769197217430421,0.24,80.43,29.057245714285724,0.82,3337,0.6820234127006406,1340
Samoa,2002,WSM,East Asia and Pacific,13.22,87.81,41.24183333333333,0.28015323489255883,5.1,0.5755297217430421,0.24,81.53,28.402230714285714,1.06,3338,0.6804375383881195,1392
Samoa,2003,WSM,East Asia and Pacific,14.38,87.82,41.808166666666665,0.27641822816583855,5.16,0.5764067547100751,0.24,83.76,29.967494047619063,0.63,3339,0.6837412570854402,1283
Samoa,2004,WSM,East Asia and Pacific,12.97,87.84,39.62500000000001,0.2701573154674258,5.22,0.5755948499481702,0.25,83.63,29.746725714285716,0.11,3340,0.6880012877019634,1179
Samoa,2005,WSM,East Asia and Pacific,13.04,88.08,42.162,0.2746357979816436,5.3,0.5736247217430419,0.25,82.97,31.90443738095239,0.74,3341,0.6811425815905232,1368
Samoa,2006,WSM,East Asia and Pacific,12.81,88.31,40.339500000000015,0.2760073154674258,5.43,0.5700467547100749,0.25,83.73,29.732935714285716,0.33,3342,0.6873961163182797,1192
Samoa,2007,WSM,East Asia and Pacific,13.08,88.55,45,0.2767218877252333,5.36,0.5695663884097086,0.25,83.83,36.15812261904762,0.94,3343,0.6764311271687846,1502
Samoa,2008,WSM,East Asia and Pacific,14.25,88.78,44,0.28004382340393386,5.58,0.573931992805313,0.25,87.75867025641026,38.77233095238096,0.58,3344,0.6759903698178296,1518
Samoa,2009,WSM,East Asia and Pacific,12.56,89.01,45,0.2883511316757273,5.84,0.5685192438875643,0.25,85.99,38.747415000000004,0.7132310049491573,3345,0.6762636494116272,1505
Samoa,2010,WSM,East Asia and Pacific,12.63,89.24,41,0.30139301303108695,5.73,0.562384148649469,0.25,87.66,27.55695833333333,1.25,3346,0.6843822792649673,1264
Samoa,2011,WSM,East Asia and Pacific,12.3,89.47,39,0.30383696500906066,5.68,0.5689428153161357,0.25,87.56,27.579545000000007,0.72,3347,0.6887718702162168,1164
Samoa,2012,WSM,East Asia and Pacific,13.92,89.69,43.521833333333326,0.2861158325304282,8.75,0.5757754032282233,0.25,88.43,29.799780000000013,0.83,3348,0.6741627550952435,1566
Samoa,2013,WSM,East Asia and Pacific,11.08,89.92,43.40849999999998,0.3113838463644203,8.66,0.5700981413234615,0.26,91.71614333333329,28.41291333333334,1.17,3349,0.6788845096188935,1427
Samoa,2014,WSM,East Asia and Pacific,11.01,90.14,43.400833333333324,0.30007106858664245,8.72,0.575789807990128,0.26,93.87,28.693618333333333,1.07,3350,0.678546396540185,1440
Samoa,2015,WSM,East Asia and Pacific,11.5,90.35,43.640666666666654,0.29757305475265033,8.76,0.5768781413234615,0.27,94.04,29.697591666666668,0.91,3351,0.6795620503560189,1414
Samoa,2016,WSM,East Asia and Pacific,12.45,90.57,45.85949999999999,0.2972745328723566,8.82,0.5482171756021755,0.27,93.26,31.192561666666666,1.44,3352,0.675172306557093,1543
Samoa,2017,WSM,East Asia and Pacific,11.51,90.76,43.80816666666666,0.31251761620569,9.4,0.5574669853538273,0.28,93.01727166666666,29.401058333333335,1.34,3353,0.6762228406131111,1509
Samoa,2018,WSM,East Asia and Pacific,12.66,90.86,43.633166666666654,0.3104230923961662,9.47,0.580169331799652,0.28,92.94628166666664,28.96234833333335,1.09,3354,0.6759843574559377,1519
Samoa,2019,WSM,East Asia and Pacific,10.72,90.86,44.772499999999994,0.3040745328723566,9.15,0.5511002708402706,0.28,91.73679166666666,30.86887666666667,1.44,3355,0.6746167704521463,1559
Samoa,2020,WSM,East Asia and Pacific,11.38,90.86,44.13416666666666,0.3163992828723566,9.79,0.5649943063902788,0.276975,92.03119666666663,30.089901666666673,1.33,3356,0.6729445566110258,1602
Samoa,2021,WSM,East Asia and Pacific,15.36917957219251,83.396108015873,43.51916666666667,0.3296669019199757,9.91,0.5760600771412668,0.2676483333333334,90.1090483333333,26.775505000000013,1.17,3357,0.6737439954634717,1579
Samoa,2022,WSM,East Asia and Pacific,15.189899572192513,81.57701634920635,42.97599999999999,0.3317835685866423,8.458523387909558,0.5785600771412669,0.2621950000000001,89.13105499999996,26.150203333333348,1.16,3358,0.679229122933326,1423
Sao Tome and Principe,2000,STP,Sub-Saharan Africa,38.87,25.54,29.26588095238095,0.42,14.4,0.52,0.29,41.19292833333334,6.84,0.41,3359,0.6377541293573586,2721
Sao Tome and Principe,2001,STP,Sub-Saharan Africa,38.82,26.05,28.647880952380948,0.42,15.73,0.52,0.27,40.93025,6.74,0.32,3360,0.6308994782527041,2964
Sao Tome and Principe,2002,STP,Sub-Saharan Africa,37.34,26.59,29.056380952380945,0.43,17.63,0.52,0.28,40.020315000000025,6.63,0.78,3361,0.6202996314694241,3302
Sao Tome and Principe,2003,STP,Sub-Saharan Africa,29.01,27.14,29.34516666666666,0.42,16.36,0.51,0.27,35.75,6.46,1.01,3362,0.627473032293785,3078
Sao Tome and Principe,2004,STP,Sub-Saharan Africa,31.87,27.7,28.513999999999992,0.42,16.12,0.51,0.28,39.26,6.29,0.84,3363,0.6302865574783756,2980
Sao Tome and Principe,2005,STP,Sub-Saharan Africa,30.02,28.26,29.047333333333327,0.43,16.47,0.51,0.27,42.82,6.14,0.68,3364,0.6336147239539811,2868
Sao Tome and Principe,2006,STP,Sub-Saharan Africa,34.26,28.82,29.101380952380946,0.42,16.65,0.51,0.27,43.13903000000001,6.01,0.7,3365,0.6297345167052146,2998
Sao Tome and Principe,2007,STP,Sub-Saharan Africa,30.31,29.38,27,0.42,16.32,0.51,0.27,47.81,5.85,0.92,3366,0.631987743364627,2927
Sao Tome and Principe,2008,STP,Sub-Saharan Africa,25.38,29.95,27,0.42,15.62,0.51,0.27,45.09,5.7,0.64,3367,0.6400218291302977,2639
Sao Tome and Principe,2009,STP,Sub-Saharan Africa,23.41,30.52,28,0.41,15.26,0.51,0.27,50.82,5.54,0.89,3368,0.6431882856876401,2506
Sao Tome and Principe,2010,STP,Sub-Saharan Africa,21.07,31.09,30,0.42,14.59,0.51,0.27,51.77,5.44,1.05,3369,0.6490291159386451,2276
Sao Tome and Principe,2011,STP,Sub-Saharan Africa,19.47,31.67,30,0.43,14.1,0.51,0.27,50.46,5.48,0.74,3370,0.6556459273133929,2069
Sao Tome and Principe,2012,STP,Sub-Saharan Africa,17.78,32.25,42,0.42,13.59,0.51,0.28,58.08,5.53,0.8,3371,0.6725578118972837,1613
Sao Tome and Principe,2013,STP,Sub-Saharan Africa,14.26,32.82,42,0.42,13.62,0.51,0.28,64.53,5.76,0.85,3372,0.6764689624344946,1498
Sao Tome and Principe,2014,STP,Sub-Saharan Africa,14.96,33.4,42,0.42,13.64,0.51,0.28,75.04,5.95,0.95,3373,0.6794428462266727,1418
Sao Tome and Principe,2015,STP,Sub-Saharan Africa,16.12,33.97,42,0.43,13.78,0.51,0.28,82.5,5.87,0.87,3374,0.6832684121023904,1299
Sao Tome and Principe,2016,STP,Sub-Saharan Africa,13.91,34.54,46,0.42,13.84,0.51,0.28,83.19,5.83,1.56,3375,0.6785441472909862,1441
Sao Tome and Principe,2017,STP,Sub-Saharan Africa,14.76,35.1,46,0.42,13.91,0.51,0.28,89.34,5.76,1.29,3376,0.6840355043212634,1275
Sao Tome and Principe,2018,STP,Sub-Saharan Africa,16.64,35.48,46,0.42,14,0.51,0.28,75.72114944444444,5.68,1.01,3377,0.680870062574944,1380
Sao Tome and Principe,2019,STP,Sub-Saharan Africa,18.29,35.83,46,0.44,14.08,0.51,0.28,73.91389666666666,5.6,1.39,3378,0.6758754636136404,1522
Sao Tome and Principe,2020,STP,Sub-Saharan Africa,20.37,36.17,47,0.44,15.44,0.51,0.28879333333333346,74.10269666666667,7.522530357142857,1.62,3379,0.6647148379542906,1797
Sao Tome and Principe,2021,STP,Sub-Saharan Africa,22.75192347222221,37.59530781854082,45,0.43,15.34,0.51,0.2798483333333335,76.34308166666669,7.155070357142858,1.4,3380,0.665335767530508,1782
Sao Tome and Principe,2022,STP,Sub-Saharan Africa,22.687020138888887,35.711403117204135,45,0.43,14.688827514103545,0.5180977022144522,0.27881333333333347,75.72125166666669,6.448343333333332,1.32,3381,0.6686953532116283,1705
Saudi Arabia,2000,SAU,Middle East and North Africa,18.46,79.22,41.85029487179489,0.02,4.57,0.66,0.07,86.70940166666665,43.39,0.79,3382,0.6116126800317404,3462
Saudi Arabia,2001,SAU,Middle East and North Africa,18.03,79.22,41.867461538461555,0.02,4.62,0.66,0.07,87.04339333333333,43.26,0.88,3383,0.6111025767253442,3477
Saudi Arabia,2002,SAU,Middle East and North Africa,18.45,79.22,40.29179487179488,0.02,5.27,0.66,0.07,87.992795,44.94,1.09,3384,0.6034489578381194,3647
Saudi Arabia,2003,SAU,Middle East and North Africa,17.95,81.09,45,0.02,5.56,0.66,0.07,89.36398333333332,55.09,0.98,3385,0.5928287093161142,3820
Saudi Arabia,2004,SAU,Middle East and North Africa,18.15,82.95,34,0.02,5.82,0.66,0.07,84.86455833333329,61.01,0.98,3386,0.5737188609095584,4067
Saudi Arabia,2005,SAU,Middle East and North Africa,16.49,84.82,34,0.02,6.05,0.66,0.07,87.44,60.96,0.54,3387,0.579090275822571,3987
Saudi Arabia,2006,SAU,Middle East and North Africa,15.39,86.7,33,0.02,6.25,0.67,0.08,87.82452999999998,67.29,1.2,3388,0.5618971569660869,4187
Saudi Arabia,2007,SAU,Middle East and North Africa,16.74,88.58,34,0.02,5.73,0.67,0.07,90.53,62.15,0.71,3389,0.5771210635091713,4021
Saudi Arabia,2008,SAU,Middle East and North Africa,19.37,90.47,35,0.02,5.08,0.67,0.07,90.28579833333332,67.92,0.91,3390,0.5679806940143715,4124
Saudi Arabia,2009,SAU,Middle East and North Africa,18.35,92.37,43,0.02,5.38,0.67,0.07,94.79,70.27,1.03,3391,0.56958248612723,4109
Saudi Arabia,2010,SAU,Middle East and North Africa,18.95,94.27,47,0.02,5.55,0.66,0.07,98.23206333333333,74.3,2.18,3392,0.5552307308259613,4234
Saudi Arabia,2011,SAU,Middle East and North Africa,15.62,96.17,44,0.02,5.77,0.66,0.07,100.82342,70.86,0.89,3393,0.5741485867768441,4059
Saudi Arabia,2012,SAU,Middle East and North Africa,15.16,98.09,44,0.02,5.52,0.66,0.07,103.65809166666666,76.67,1.24,3394,0.5634451705600468,4171
Saudi Arabia,2013,SAU,Middle East and North Africa,14.36,98.24,46,0.02,5.6,0.65,0.07,105.40887166666667,75.68,1.2,3395,0.5685411276310509,4117
Saudi Arabia,2014,SAU,Middle East and North Africa,13.14,98.4,49,0.02,5.72,0.66,0.07,107.61382333333327,80.77,1.25,3396,0.5612938879345861,4192
Saudi Arabia,2015,SAU,Middle East and North Africa,14.38,98.56,52,0.03,5.6,0.66,0.07,116.46,85.56,1.87,3397,0.5519937620184703,4248
Saudi Arabia,2016,SAU,Middle East and North Africa,14.26,98.72,46,0.02,5.6,0.65,0.08,112.34,74.28,1.53,3398,0.5703440735529807,4102
Saudi Arabia,2017,SAU,Middle East and North Africa,14.32,98.88,49,0.02,5.89,0.65,0.07,107.69,73.75,1.78,3399,0.5674198860931776,4131
Saudi Arabia,2018,SAU,Middle East and North Africa,15.9,99.01,49,0.02,6.03,0.65,0.07,110.09,71.19,1.89,3400,0.5697587651533976,4107
Saudi Arabia,2019,SAU,Middle East and North Africa,14.867153333333338,99.01,53,0.02,5.64,0.65,0.07,111.79,70.67,1.69,3401,0.5778407840200978,4010
Saudi Arabia,2020,SAU,Middle East and North Africa,20.6783875,99.01,53,0.02,7.45,0.65,0.07641307692307699,112.59,73.80287197635697,1.49,3402,0.5651502349249389,4154
Saudi Arabia,2021,SAU,Middle East and North Africa,17.965921190476188,95.6227559776335,53,0.02,6.69,0.65,0.07544974358974363,111.14,66.66785832251081,2.2,3403,0.572845762767883,4078
Saudi Arabia,2022,SAU,Middle East and North Africa,15.721146190476196,98.00133534271288,51,0.03,5.521184629941036,0.6493856349206343,0.07478474358974369,110.35443499999998,77.11560476190476,1.75,3404,0.565973535939465,4151
Senegal,2000,SEN,Sub-Saharan Africa,55.67,36.63,35,0.34,5.58,0.62,0.2,15.7,5.38,0.92,3405,0.6301268549430803,2986
Senegal,2001,SEN,Sub-Saharan Africa,52.76,37.95,29,0.33,5.57,0.62,0.2,15.96,5.46,1.17,3406,0.6250896806208678,3173
Senegal,2002,SEN,Sub-Saharan Africa,55.33,39.32,31,0.37,5.65,0.61,0.2,17.37,5.65,1.43,3407,0.6264599870723332,3124
Senegal,2003,SEN,Sub-Saharan Africa,54.93,40.81,32,0.37,6.64,0.6,0.2,22.349796666666656,4.93,1.15,3408,0.6313232369275412,2951
Senegal,2004,SEN,Sub-Saharan Africa,55.09,42.42,30,0.37,7.76,0.59,0.21,20.3,5.08,1.16,3409,0.6269508505974969,3096
Senegal,2005,SEN,Sub-Saharan Africa,39.52,44.06,32,0.37,8.86,0.58,0.21,22.41,5.21,1.37,3410,0.6355908858695561,2797
Senegal,2006,SEN,Sub-Saharan Africa,37.44,45.74,33,0.37,10.03,0.58,0.21,24.18,5.21,1.37,3411,0.6346269950930964,2841
Senegal,2007,SEN,Sub-Saharan Africa,44.27,47.46,36,0.37,10.07,0.58,0.22,41.527876666666664,5,1.2,3412,0.6429653906428086,2511
Senegal,2008,SEN,Sub-Saharan Africa,41.63,49.21,34,0.36,10.1,0.59,0.22,30.32,5.32,1.29,3413,0.635519730546357,2804
Senegal,2009,SEN,Sub-Saharan Africa,45.62,51,30,0.36,10.19,0.59,0.23,40.697838333333344,4.78,0.7,3414,0.6410979129593001,2587
Senegal,2010,SEN,Sub-Saharan Africa,48.68,52.82,29,0.36,10.23,0.59,0.24,36.23,5.3,1.43,3415,0.629186987175828,3017
Senegal,2011,SEN,Sub-Saharan Africa,50.8,54.67,29,0.36,10.36,0.59,0.24,41.42,5.44,1.19,3416,0.6320334418672179,2926
Senegal,2012,SEN,Sub-Saharan Africa,52.77,56.56,36,0.36,9.41,0.59,0.25,45.33,5.24,0.83,3417,0.646411490909433,2365
Senegal,2013,SEN,Sub-Saharan Africa,55.24,58.47,41,0.38,8.59,0.59,0.26,48.13,5.29,1.18,3418,0.6515501009818915,2195
Senegal,2014,SEN,Sub-Saharan Africa,50.38,60.42,43,0.37,7.63,0.59,0.27,50.26,5.33,1.11,3419,0.6626161490201199,1865
Senegal,2015,SEN,Sub-Saharan Africa,50.84,62.39,44,0.37,6.76,0.59,0.28,50.94,5.18,1.21,3420,0.6663865683735716,1756
Senegal,2016,SEN,Sub-Saharan Africa,51.14,64.4,45,0.39,4.46,0.59,0.28,57.49640666666668,5.03,1.54,3421,0.6751416841862697,1544
Senegal,2017,SEN,Sub-Saharan Africa,48.9,66.43,45,0.39,4.08,0.58,0.28,59.307179999999995,4.82,1.74,3422,0.6780555134955064,1460
Senegal,2018,SEN,Sub-Saharan Africa,48.34,68.49,45,0.39,3.57,0.58,0.29,57.249824999999994,4.84,0.96,3423,0.6897204023151402,1152
Senegal,2019,SEN,Sub-Saharan Africa,48.75,70.58,45,0.42,2.86,0.58,0.29,46.24,4.78,1.4,3424,0.6835853276814642,1290
Senegal,2020,SEN,Sub-Saharan Africa,41.57,72.69,45,0.42,3.51,0.58,0.2809549999999999,46.56,6.5266266666666635,1.67,3425,0.682734504670361,1315
Senegal,2021,SEN,Sub-Saharan Africa,45.826821666666675,60.14196678571429,43,0.4,3.5,0.58,0.2813249999999999,46.89,5.666386666666667,1.78,3426,0.6733483344860246,1588
Senegal,2022,SEN,Sub-Saharan Africa,45.84559666666667,53.655816904761856,43,0.39,5.073146398631915,0.5840796790890268,0.26899,59.83078333333335,5.556545238095237,1.41,3427,0.6759944742786225,1517
Serbia,2000,SRB,Europe and Central Asia,29.61,86.33,30.26516666666666,0.26,12.6,0.51,0.39,91.19,17.47,1.43,3428,0.6573440132881734,2016
Serbia,2001,SRB,Europe and Central Asia,28.48,86.33,31.825666666666667,0.4,12.8,0.48,0.39,89.75,17.75,1.5,3429,0.6727211198817756,1606
Serbia,2002,SRB,Europe and Central Asia,23.83,86.32,31.602166666666665,0.42,13.8,0.49,0.39,88.71,19.1,1.01,3430,0.6757853478375104,1525
Serbia,2003,SRB,Europe and Central Asia,24.98,86.32,23,0.45,15.2,0.5,0.4,88.29,19.8,0.74,3431,0.662755577141412,1861
Serbia,2004,SRB,Europe and Central Asia,27.29,86.32,27,0.43,18.5,0.51,0.38,88.17,23.27,0.52,3432,0.6420604039999666,2542
Serbia,2005,SRB,Europe and Central Asia,29.82,86.74,28,0.43,20.85,0.52,0.37,88.59,22.52,-0.04,3433,0.6329886366569332,2895
Serbia,2006,SRB,Europe and Central Asia,32.84,87.15,30,0.45,20.85,0.54,0.38,88.96,24.58,0.56,3434,0.6247458944066768,3180
Serbia,2007,SRB,Europe and Central Asia,34.71,87.57,34,0.44,18.06,0.55,0.39,89.5,24.44,1.89,3435,0.6262511756053402,3130
Serbia,2008,SRB,Europe and Central Asia,35.15,87.99,34,0.44,13.7,0.54,0.4,90.46,24.4,1.34,3436,0.6581262891257575,1992
Serbia,2009,SRB,Europe and Central Asia,35.17,88.41,35,0.43,16.14,0.53,0.4,91.48,22.48,1.36,3437,0.6492425527553811,2270
Serbia,2010,SRB,Europe and Central Asia,36.4,88.83,35,0.42,19.22,0.53,0.41,91.43,25.24,1.16,3438,0.6300275936010423,2990
Serbia,2011,SRB,Europe and Central Asia,36.4,89.26,33,0.42,22.97,0.53,0.41,93.63,29.54,0.74,3439,0.6065303391728707,3573
Serbia,2012,SRB,Europe and Central Asia,35.43,89.68,39,0.4,24,0.55,0.41,94.17,28.47,1.69,3440,0.5940457349546898,3803
Serbia,2013,SRB,Europe and Central Asia,37.87,90.11,42,0.34,22.15,0.56,0.42,94.41,28.93,1.41,3441,0.6026684830856657,3664
Serbia,2014,SRB,Europe and Central Asia,39.94,90.54,41,0.3,19.22,0.57,0.43,94.34,27.03,1.6,3442,0.6131202524313083,3444
Serbia,2015,SRB,Europe and Central Asia,40.59,90.97,40,0.29,17.66,0.56,0.42,96.67,30.67,1.74,3443,0.6139299938453843,3427
Serbia,2016,SRB,Europe and Central Asia,40.45,91.4,42,0.28,15.26,0.57,0.42,96.23,32.35,1.7,3444,0.6241423841205881,3199
Serbia,2017,SRB,Europe and Central Asia,40.64,91.83,41,0.25,13.48,0.52,0.4,95.5,31.29,1.28,3445,0.6403348725986217,2623
Serbia,2018,SRB,Europe and Central Asia,38.31,92.26,39,0.24,12.73,0.5,0.41,95.09,31.04,2.32,3446,0.6317963624659807,2932
Serbia,2019,SRB,Europe and Central Asia,37.06,92.69,39,0.24,10.39,0.51,0.41,94.47,32.06,2.09,3447,0.6439799036456888,2476
Serbia,2020,SRB,Europe and Central Asia,35.91,93.13,38,0.24,9.01,0.52,0.3856949999999998,92.24,27.860678333333325,1.82,3448,0.6561993353744976,2052
Serbia,2021,SRB,Europe and Central Asia,36.07534999999999,88.13924071428566,38,0.23,10.06,0.51,0.3922566666666665,92.38,26.71851833333332,1.59,3449,0.6560308482137125,2063
Serbia,2022,SRB,Europe and Central Asia,36.74760166666664,89.7571483333333,36,0.25,11.447480598022832,0.5206683865644158,0.38801,93.49966500000001,26.017114999999993,1.94,3450,0.6450973281839286,2422
Seychelles,2000,SYC,Sub-Saharan Africa,17.89,89.71,42.761297619047625,0.14,6.98484104659566,0.63,0.22536166666666663,72.9,40.18,0.41,3451,0.6376032715236563,2730
Seychelles,2001,SYC,Sub-Saharan Africa,30.13,90.1,41.097249999999995,0.14,7.050418540768151,0.63,0.2278799999999999,66.76,38.97,0.73,3452,0.6251478647679498,3171
Seychelles,2002,SYC,Sub-Saharan Africa,19.48,90.49,42.51441666666667,0.14,7.047633925383539,0.63,0.22325166666666665,70.59,39.18,0.52,3453,0.6357091764284049,2790
Seychelles,2003,SYC,Sub-Saharan Africa,21.72,90.89,42.698416666666674,0.15,6.737402438569701,0.63,0.23219999999999996,74.86,38.68,0.72,3454,0.637841199422919,2717
Seychelles,2004,SYC,Sub-Saharan Africa,24.26,91.29,44,0.17,6.517429338336601,0.63,0.24108500000000002,74.89,39.29,0.3,3455,0.6444119510495263,2449
Seychelles,2005,SYC,Sub-Saharan Africa,26.65,91.69,40,0.17,6.730744717124478,0.63,0.24475666666666676,81.83,40.03,0.51,3456,0.6386010414117379,2690
Seychelles,2006,SYC,Sub-Saharan Africa,25.77,92.08,36,0.17,6.57707828855305,0.63,0.23702095238095236,74.93,41.26,0.54,3457,0.6310562231771403,2958
Seychelles,2007,SYC,Sub-Saharan Africa,25.11,92.48,45,0.18,6.450914570604332,0.63,0.24656166666666668,79.15,42.41,0.81,3458,0.6383567569946625,2701
Seychelles,2008,SYC,Sub-Saharan Africa,39.24,92.88,48,0.19,6.594163692279758,0.63,0.2507533333333334,76.43,43.35,0.5,3459,0.6327584231993892,2901
Seychelles,2009,SYC,Sub-Saharan Africa,37.92,93.28,48,0.18,6.48088601901703,0.63,0.24608666666666668,76.27,44.77,0.82,3460,0.6272574356972455,3084
Seychelles,2010,SYC,Sub-Saharan Africa,29.05,93.69,48,0.18,6.557484208433819,0.63,0.2478950000000001,74.69,46.04,1.02,3461,0.6284917385275329,3044
Seychelles,2011,SYC,Sub-Saharan Africa,30.3,94.09,48,0.18,6.61470932029908,0.63,0.24731500000000006,72.37,47.32,0.93,3462,0.6255591714419422,3157
Seychelles,2012,SYC,Sub-Saharan Africa,25.13,94.49,52,0.18,6.562232047571808,0.63,0.24714333333333335,81.3,47.33,0.92,3463,0.6357954228021714,2784
Seychelles,2013,SYC,Sub-Saharan Africa,24.77,94.76,54,0.2,5.717025096986162,0.63,0.25967999999999997,78.62,48.54,0.75,3464,0.6426862964265674,2525
Seychelles,2014,SYC,Sub-Saharan Africa,29.85,94.94,55,0.2,5.680838302114368,0.63,0.26224000000000003,79.16,48.74,0.86,3465,0.6391465898560081,2676
Seychelles,2015,SYC,Sub-Saharan Africa,28.91,95.11,55,0.21,5.734170699406615,0.63,0.265255,81.44,49.02,1.17,3466,0.6376610440007398,2725
Seychelles,2016,SYC,Sub-Saharan Africa,25.31,95.11,55.446749999999994,0.24,5.89315035688364,0.63,0.2708966666666667,82.23,49.4,1.1,3467,0.6437602291577272,2482
Seychelles,2017,SYC,Sub-Saharan Africa,24.6,95.11,60,0.25,6.034563301745794,0.63,0.27253333333333335,81.28,49.79,1.18,3468,0.6462402907185618,2371
Seychelles,2018,SYC,Sub-Saharan Africa,24.18,95.11,66,0.25,6.428339991755133,0.63,0.27403,81.45,50.19,0.92,3469,0.6519948627529,2184
Seychelles,2019,SYC,Sub-Saharan Africa,25.22,95.71,66,0.27,6.929310940634687,0.63,0.2807266666666668,78.61,50.61,1.38,3470,0.6443576423209952,2454
Seychelles,2020,SYC,Sub-Saharan Africa,14.15,78.68464733414052,66,0.28,6.942490940634687,0.63,0.27443333333333336,78.33,34.87777777777777,1.43,3471,0.6726129845035725,1611
Seychelles,2021,SYC,Sub-Saharan Africa,29.864813333333345,77.38030202372082,70,0.3,7.334749077889589,0.63,0.27666999999999997,78.18,32.65372944444445,1.03,3472,0.6747050247387059,1557
Seychelles,2022,SYC,Sub-Saharan Africa,39.69606833333334,59.78467715639434,70,0.33,8.511899415085074,0.5967614285714291,0.2699966666666666,81.61468833333332,21.67992666666666,0.87,3473,0.6840303028615415,1276
Sierra Leone,2000,SLE,Sub-Saharan Africa,75.65,11.77,20.91483333333333,0.16,3.42,0.63,0.21,27.13233333333333,1.88,0.5591085651255991,3474,0.6036861004949099,3641
Sierra Leone,2001,SLE,Sub-Saharan Africa,71.15,11.87,20.740833333333335,0.16,3.48,0.62,0.2,24.25,2.07,0.85,3475,0.6035832492341341,3643
Sierra Leone,2002,SLE,Sub-Saharan Africa,68.58,12.03,22.202,0.23,3.34,0.61,0.21,28.99471,2.2,1.01,3476,0.6132833774443922,3440
Sierra Leone,2003,SLE,Sub-Saharan Africa,70.83,12.19,22,0.36,3.41,0.6,0.21,27.30499166666667,2.29,0.81,3477,0.6217676969409167,3265
Sierra Leone,2004,SLE,Sub-Saharan Africa,67.04,12.35,23,0.38,3.42,0.59,0.21,28.412188333333336,2.34,1.03,3478,0.6260642376134744,3140
Sierra Leone,2005,SLE,Sub-Saharan Africa,66.75,12.54,24,0.38,3.55,0.58,0.21,29.480651666666674,2.34,1.19,3479,0.6266264718402944,3115
Sierra Leone,2006,SLE,Sub-Saharan Africa,68.65,12.75,22,0.38,3.68,0.58,0.21,30.037270000000017,2.63,1.11,3480,0.6240733141737409,3204
Sierra Leone,2007,SLE,Sub-Saharan Africa,72.93,12.97,21,0.37,3.79,0.57,0.21,31.112649999999988,2.29,0.8,3481,0.6233823069143759,3220
Sierra Leone,2008,SLE,Sub-Saharan Africa,75.54,13.18,19,0.35,3.92,0.56,0.2,34.163275,2.17,1.24,3482,0.6160330540020342,3390
Sierra Leone,2009,SLE,Sub-Saharan Africa,69.9,13.4,22,0.35,4.06,0.56,0.2,35.878455,2.21,0.9,3483,0.6258301650911554,3147
Sierra Leone,2010,SLE,Sub-Saharan Africa,64.02,13.61,24,0.35,4.18,0.55,0.2,36.58226499999998,2.26,1.41,3484,0.6280258982284896,3063
Sierra Leone,2011,SLE,Sub-Saharan Africa,69.95,13.83,25,0.35,4.3,0.54,0.2,39.49,2.62,1.13,3485,0.6281501233364865,3058
Sierra Leone,2012,SLE,Sub-Saharan Africa,73.19,14.05,31,0.34,4.38,0.55,0.21,44,2.8,0.53,3486,0.6356576969923057,2794
Sierra Leone,2013,SLE,Sub-Saharan Africa,62.9,14.27,30,0.34,4.47,0.55,0.22,38.92,2.91,1.06,3487,0.6371054027645539,2750
Sierra Leone,2014,SLE,Sub-Saharan Africa,34.97,14.49,31,0.34,4.68,0.55,0.22,39.926596666666654,2.87,1.04,3488,0.6579864282212321,1998
Sierra Leone,2015,SLE,Sub-Saharan Africa,36.7,14.71,29,0.34,4.44,0.56,0.2,39.06,2.75,1.16,3489,0.6521096852557737,2180
Sierra Leone,2016,SLE,Sub-Saharan Africa,41.55,14.93,30,0.34,3.93,0.56,0.2,41.43,2.77,1.09,3490,0.6529579396181953,2156
Sierra Leone,2017,SLE,Sub-Saharan Africa,54.5,15.15,30,0.34,3.56,0.57,0.2,41.8,2.71,1.73,3491,0.6375979662919053,2733
Sierra Leone,2018,SLE,Sub-Saharan Africa,60.99,15.37,30,0.37,3.19,0.57,0.2,37.817703333333334,2.58,1.23,3492,0.6394911912543328,2664
Sierra Leone,2019,SLE,Sub-Saharan Africa,55.18,15.58,33,0.37,3.19,0.57,0.2,37.749281666666654,2.7,1.56,3493,0.6427818448271089,2520
Sierra Leone,2020,SLE,Sub-Saharan Africa,55.74,15.8,33,0.37,3.57,0.57,0.20491833333333306,37.879078333333325,3.4353037179487167,1.53,3494,0.6415115821316872,2571
Sierra Leone,2021,SLE,Sub-Saharan Africa,55.20931833333334,22.484050833333335,34,0.37,3.7,0.57,0.2155383333333332,43.197983333333305,5.2404616666666675,1.57,3495,0.6449996651762414,2429
Sierra Leone,2022,SLE,Sub-Saharan Africa,53.837126666666684,24.343684166666673,34,0.36,4.310327343167702,0.577618552631579,0.2160949999999999,42.245823333333334,5.138898333333334,1.33,3496,0.64569235926427,2391
Singapore,2000,SGP,East Asia and Pacific,48.18,100,91,0.1,3.7,0.52,0.29,93.71780999999999,137.4,0.5516964240075992,3497,0.5128475324872663,4334
Singapore,2001,SGP,East Asia and Pacific,55.59,100,92,0.1,3.76,0.55,0.29,92.97076333333332,116.06,0.8008662269756387,3498,0.5383844885845133,4300
Singapore,2002,SGP,East Asia and Pacific,53.09,100,93,0.1,5.65,0.55,0.29,93.47201166666665,112.22,0.78,3499,0.5400199400416474,4299
Singapore,2003,SGP,East Asia and Pacific,48.46,100,94,0.1,5.93,0.53,0.3,94.08100833333334,118.62,0.7769416666666668,3500,0.5339575892086663,4312
Singapore,2004,SGP,East Asia and Pacific,51.01,100,93,0.1,5.84,0.52,0.3,93.42261000000002,122.97,0.7815833333333336,3501,0.5254323284916526,4329
Singapore,2005,SGP,East Asia and Pacific,49.99,100,94,0.1,5.59,0.51,0.3,93.42605500000002,139.85,0.8040494047619048,3502,0.501203178502642,4339
Singapore,2006,SGP,East Asia and Pacific,48.83,100,94,0.1,4.48,0.52,0.3,94.21323333333333,165.71,0.7667989177489177,3503,0.4704468530100144,4346
Singapore,2007,SGP,East Asia and Pacific,48.47,100,93,0.1,3.9,0.51,0.3,94.41511000000003,114.28,0.8509957282913163,3504,0.5500747214936346,4255
Singapore,2008,SGP,East Asia and Pacific,46.46,100,92,0.1,3.96,0.55,0.31,94.58697166666666,125.37,0.7483654385964913,3505,0.529736260079908,4322
Singapore,2009,SGP,East Asia and Pacific,43.29,100,92,0.1,5.86,0.53,0.3,94.45959833333335,107.64,0.7185411111111112,3506,0.5565863880842288,4226
Singapore,2010,SGP,East Asia and Pacific,41.46,100,93,0.1,4.12,0.52,0.3,95.74629833333334,110.11,1.06,3507,0.5586024283524699,4212
Singapore,2011,SGP,East Asia and Pacific,39.51,100,92,0.11,3.89,0.54,0.3,96.33049,106.42,0.74,3508,0.5689914135801112,4114
Singapore,2012,SGP,East Asia and Pacific,37.65,100,87,0.11,3.72,0.53,0.31,98.51469999999999,113.97,0.83,3509,0.5559641737303994,4228
Singapore,2013,SGP,East Asia and Pacific,36.17,100,86,0.11,3.86,0.54,0.31,102.57798333333331,111.76,1.15,3510,0.556992869059653,4223
Singapore,2014,SGP,East Asia and Pacific,33.3,100,84,0.11,3.74,0.54,0.31,104.7678854761905,111.94,1.33,3511,0.5566996777582024,4225
Singapore,2015,SGP,East Asia and Pacific,33.09,100,85,0.11,3.79,0.55,0.31,105.12020047619048,106.88,1.54,3512,0.5633248629393559,4172
Singapore,2016,SGP,East Asia and Pacific,32.66,100,84,0.12,4.08,0.55,0.31,107.86,97.68,2.04,3513,0.5749279404970405,4048
Singapore,2017,SGP,East Asia and Pacific,32.11,100,84,0.12,4.2,0.55,0.31,107.57,99.32,1.59,3514,0.5766724848495284,4026
Singapore,2018,SGP,East Asia and Pacific,29.07,100,85,0.12,3.64,0.55,0.31,105.84,100.67,1.37,3515,0.5804516290871837,3972
Singapore,2019,SGP,East Asia and Pacific,28.44,100,85,0.11,3.1,0.55,0.31,104.71,101.56,1.88,3516,0.574574943710433,4054
Singapore,2020,SGP,East Asia and Pacific,18.97,100,85,0.11,4.1,0.43,0.34005345238095236,103.2,72.951355,1.59,3517,0.6445977708086211,2440
Singapore,2021,SGP,East Asia and Pacific,29.68516294871793,91.4280441666667,85,0.12,3.54,0.43,0.3446542857142857,99.66764999999998,55.8591816666667,1.3,3518,0.6734664453474105,1587
Singapore,2022,SGP,East Asia and Pacific,32.25456104395603,89.24014833333335,83,0.12,3.8152165129305042,0.5029782276016467,0.3338792857142858,99.9762116666666,59.52710000000005,1.31,3519,0.656281051986976,2050
Slovakia,2000,SVK,Europe and Central Asia,10.84,92.18,35,0.67,19.06,0.39,0.42,85.62,22.6,1.62,3520,0.6701633046240486,1666
Slovakia,2001,SVK,Europe and Central Asia,10.9,92.18,37,0.67,19.38,0.4,0.42,86.03,24.1,1.24,3521,0.6729780232887607,1600
Slovakia,2002,SVK,Europe and Central Asia,11.02,92.81,37,0.66,18.72,0.4,0.42,87.94,24.17,1.38,3522,0.6753114738735283,1539
Slovakia,2003,SVK,Europe and Central Asia,12.21,93.45,37,0.66,17.12,0.4,0.42,90.09,23.01,0.65,3523,0.6960558843439114,977
Slovakia,2004,SVK,Europe and Central Asia,21.23,94.09,40,0.66,18.6,0.42,0.42,92.57,24,0.54,3524,0.6849843648789455,1244
Slovakia,2005,SVK,Europe and Central Asia,23.61,94.73,43,0.66,16.26,0.42,0.42,93.28,24.29,0.4,3525,0.7030085492781452,819
Slovakia,2006,SVK,Europe and Central Asia,26.59,95.36,47,0.62,13.37,0.42,0.4,92.68,26.37,0.63,3526,0.7136966143703152,651
Slovakia,2007,SVK,Europe and Central Asia,27.37,96.01,49,0.63,11.14,0.41,0.4,92.34,27.01,2.15,3527,0.7032853670204899,816
Slovakia,2008,SVK,Europe and Central Asia,21.02,96.65,50,0.64,9.51,0.41,0.41,91.74,28.76,1.52,3528,0.7268206858547321,461
Slovakia,2009,SVK,Europe and Central Asia,22.42,97.29,45,0.63,12.03,0.4,0.41,91.68,25.03,1.5,3529,0.7129550982161074,660
Slovakia,2010,SVK,Europe and Central Asia,22.8,97.93,43,0.66,14.38,0.42,0.41,92.26,26.68,0.69,3530,0.7078627772135854,739
Slovakia,2011,SVK,Europe and Central Asia,23.57,98.58,40,0.66,13.62,0.41,0.42,92.6,27.07,0.84,3531,0.707294366167731,748
Slovakia,2012,SVK,Europe and Central Asia,23.23,99.23,46,0.66,13.96,0.4,0.41,92.6,25.65,1.57,3532,0.7032438643030171,817
Slovakia,2013,SVK,Europe and Central Asia,23.32,99.52,47,0.64,14.22,0.42,0.41,90.82,26.99,0.95,3533,0.7071904093382744,752
Slovakia,2014,SVK,Europe and Central Asia,18.01,99.79,50,0.65,13.18,0.4,0.41,90.68,26.43,2.38,3534,0.6981712129018078,930
Slovakia,2015,SVK,Europe and Central Asia,18.44,99.79,51,0.65,11.48,0.41,0.41,90.98,27.27,2.12,3535,0.7110784697985719,682
Slovakia,2016,SVK,Europe and Central Asia,17.89,99.79,51,0.64,9.67,0.39,0.42,91.25,26.52,1.96,3536,0.7255453145152798,483
Slovakia,2017,SVK,Europe and Central Asia,18.71,99.79,50,0.62,8.13,0.38,0.43,91.07,26.7,1.28,3537,0.743113725505842,297
Slovakia,2018,SVK,Europe and Central Asia,18.91,99.79,50,0.6,6.54,0.39,0.41,91.36,27.45,2.55,3538,0.7209413162085521,566
Slovakia,2019,SVK,Europe and Central Asia,19.16,99.79,50,0.62,5.75,0.38,0.41,90.81,25.28,2.42,3539,0.7305545424561887,412
Slovakia,2020,SVK,Europe and Central Asia,18.75,99.79,49,0.62,6.69,0.38,0.4158966666666665,90.6,26.863956666666663,2.03,3540,0.7326018698598067,388
Slovakia,2021,SVK,Europe and Central Asia,19.360455952380956,99.51810166666675,52,0.62,6.83,0.38,0.416545,96.31786666666669,27.020864999999993,1.29,3541,0.7519277373674244,231
Slovakia,2022,SVK,Europe and Central Asia,17.580839920634922,99.05073166666672,53,0.61,7.458695664440102,0.4061145533633036,0.4188266666666665,100.586455,27.600248333333326,2.02,3542,0.7363482361006005,357
Slovenia,2000,SVN,Europe and Central Asia,13.27,98.27,55,0.67,6.92,0.4,0.43,100.95,30.62,1.78,3543,0.7486771707130939,256
Slovenia,2001,SVN,Europe and Central Asia,12.9,98.27,52,0.65,5.68,0.4,0.43,106.62,29.42,1.71,3544,0.7549147130646249,220
Slovenia,2002,SVN,Europe and Central Asia,12.56,98.27,60,0.66,5.92,0.41,0.43,107.54,29.91,1.5,3545,0.7673851801438636,144
Slovenia,2003,SVN,Europe and Central Asia,12.49,98.27,59,0.73,6.48,0.41,0.43,109.06,30.32,1.43,3546,0.7693394743025378,135
Slovenia,2004,SVN,Europe and Central Asia,12.17,98.27,60,0.72,6.01,0.41,0.43,97.19,30.51,0.73,3547,0.7795391650252702,85
Slovenia,2005,SVN,Europe and Central Asia,13.02,98.27,61,0.72,6.51,0.42,0.43,97.19,31.17,0.48,3548,0.780543175659128,78
Slovenia,2006,SVN,Europe and Central Asia,12.28,98.27,64,0.72,5.95,0.42,0.43,96.98,34.2,0.86,3549,0.7748396556853211,110
Slovenia,2007,SVN,Europe and Central Asia,13.63,98.27,66,0.72,4.82,0.42,0.43,98.66,35.43,2.17,3550,0.7513768176558875,238
Slovenia,2008,SVN,Europe and Central Asia,12.64,98.27,67,0.71,4.37,0.42,0.43,98.8,36.27,1.57,3551,0.7660528058657139,152
Slovenia,2009,SVN,Europe and Central Asia,12.78,98.27,66,0.77,5.86,0.41,0.44,98.75,30.86,1.63,3552,0.7707019350039708,128
Slovenia,2010,SVN,Europe and Central Asia,12.64,98.27,64,0.76,7.24,0.41,0.44,98.95,32.06,0.77,3553,0.7781677211952488,93
Slovenia,2011,SVN,Europe and Central Asia,12.2,98.27,59,0.74,8.17,0.41,0.44,98.89,35.19,1.35,3554,0.7518794372785192,232
Slovenia,2012,SVN,Europe and Central Asia,12.46,98.27,61,0.73,8.84,0.41,0.44,98.36,31.98,1.93,3555,0.7431070757875009,298
Slovenia,2013,SVN,Europe and Central Asia,12.45,98.27,57,0.7,10.1,0.41,0.43,111.06,31.73,1.23,3556,0.7507731070132936,242
Slovenia,2014,SVN,Europe and Central Asia,12.98,98.27,58,0.7,9.67,0.42,0.42,110.49,30.67,2.43,3557,0.7291949858005115,428
Slovenia,2015,SVN,Europe and Central Asia,12.5,98.27,60,0.7,8.96,0.41,0.43,110.32,30.36,2.13,3558,0.7429025553327318,299
Slovenia,2016,SVN,Europe and Central Asia,12,98.27,61,0.67,8,0.41,0.43,115.93,30.96,2.05,3559,0.7501220210694962,245
Slovenia,2017,SVN,Europe and Central Asia,12.33,98.27,61,0.64,6.56,0.41,0.44,115.6,31.06,1.72,3560,0.7620210445725906,169
Slovenia,2018,SVN,Europe and Central Asia,11.98,98.27,60,0.63,5.11,0.41,0.43,114.49,31.48,2.41,3561,0.74846138045233,258
Slovenia,2019,SVN,Europe and Central Asia,11.66,98.27,60,0.6,4.45,0.41,0.43,113.03,29.74,2.34,3562,0.7523350948469447,229
Slovenia,2020,SVN,Europe and Central Asia,12.47,98.27,60,0.54,4.97,0.41,0.4183483333333331,111.97,30.241473333333346,2.23,3563,0.7464119317331795,270
Slovenia,2021,SVN,Europe and Central Asia,22.52137333333332,96.13673833333338,57,0.5,4.74,0.41,0.40993166666666647,105.05783333333336,30.00499833333335,1.52,3564,0.7463214079914543,271
Slovenia,2022,SVN,Europe and Central Asia,18.45961428571429,97.93175833333345,56,0.58,5.64445950757576,0.44799999999999973,0.41479166666666656,105.49678833333337,31.121675,2.44,3565,0.7286007081222732,442
Solomon Islands,2000,SLB,East Asia and Pacific,5.4,60.81,32.78416666666667,0.21,2.11,0.6072588048331541,0.29,20.52,17.44550071428571,0.56,3566,0.6621197590678807,1883
Solomon Islands,2001,SLB,East Asia and Pacific,4.63,60.91,32.199666666666666,0.17,1.97,0.6017722527251316,0.29,24.54,17.477867380952375,0.7219972591379209,3567,0.6595496465439664,1947
Solomon Islands,2002,SLB,East Asia and Pacific,2.59,61.02,30.985333333333333,0.27,1.87,0.6052867241850446,0.29,31.65,17.46565738095238,0.7169739808802312,3568,0.6716207485475365,1631
Solomon Islands,2003,SLB,East Asia and Pacific,2.93,61.12,31.465333333333334,0.27,1.69,0.6020787571520778,0.29,38.93023761904762,17.68957238095238,0.59,3569,0.6772788696348004,1479
Solomon Islands,2004,SLB,East Asia and Pacific,2.66,61.23,30.79383333333333,0.28,1.72,0.6004667966488129,0.29,36.8771526190476,17.14452738095238,0.75,3570,0.6757786523020547,1526
Solomon Islands,2005,SLB,East Asia and Pacific,2.17,60.71,31.047000000000004,0.29,1.78,0.5958460915206077,0.29,30.39,17.185600714285716,0.79,3571,0.6737650064252925,1578
Solomon Islands,2006,SLB,East Asia and Pacific,2.66,59.84,31.05083333333334,0.27,1.84,0.5943613296158459,0.29,35.01,17.813670714285717,0.55,3572,0.6756668934920624,1528
Solomon Islands,2007,SLB,East Asia and Pacific,2.92,58.98,28,0.31,1.89,0.5857749010444172,0.29,35.7,15.58776904761905,0.96,3573,0.6753740954482733,1536
Solomon Islands,2008,SLB,East Asia and Pacific,3.7,58.15,29,0.31,1.89,0.5850202040747202,0.29,44.06843261904762,16.42795238095238,0.6251463192436221,3574,0.6826457554892675,1320
Solomon Islands,2009,SLB,East Asia and Pacific,2.72,57.34,28,0.31,2.02,0.581172346931863,0.29,48.44394999999998,16.112871666666663,0.32,3575,0.6872247420514498,1195
Solomon Islands,2010,SLB,East Asia and Pacific,4.1,56.56,28,0.31,1.57,0.5914665410710572,0.29,48.54,16.40338333333333,0.69,3576,0.682642936938865,1321
Solomon Islands,2011,SLB,East Asia and Pacific,3.24,55.79,27,0.32,1.29,0.5889536839282001,0.29,47.75,16.28448833333333,0.8,3577,0.682182819583978,1335
Solomon Islands,2012,SLB,East Asia and Pacific,3.03,55.05,33.967666666666666,0.32,1.05,0.5848224934520094,0.29,48.32,14.866325,0.89,3578,0.690489646112056,1131
Solomon Islands,2013,SLB,East Asia and Pacific,3.18,54.33,33.995,0.32,0.69,0.5859240876549082,0.29,51.98584333333331,16.019914999999997,0.79,3579,0.6926679778176135,1074
Solomon Islands,2014,SLB,East Asia and Pacific,2.9,53.63,35.13366666666667,0.33,0.73,0.5865192102859005,0.29,54.995309999999975,16.070501666666665,0.77,3580,0.6960663765959036,975
Solomon Islands,2015,SLB,East Asia and Pacific,3.09,52.95,34.71483333333334,0.32,0.73,0.5848826132959339,0.29,53.7541983333333,15.884349999999998,0.67,3581,0.6953567493321202,996
Solomon Islands,2016,SLB,East Asia and Pacific,3.07,52.29,42,0.33,0.69,0.577026438561439,0.29,62.96025333333333,19.768954999999995,1.4367229553049297,3582,0.6955246161040104,991
Solomon Islands,2017,SLB,East Asia and Pacific,3.16,51.64,39,0.34,0.7,0.5813048197416621,0.29,61.13378999999999,18.225231666666662,1.3070450793650794,3583,0.6953317461784785,997
Solomon Islands,2018,SLB,East Asia and Pacific,3.7,51.29,44,0.34,0.71,0.584421714947905,0.29,66.74142833333332,26.328024999999993,1.1653125937703284,3584,0.6949877728148138,1011
Solomon Islands,2019,SLB,East Asia and Pacific,3.68,51.49,42,0.37,0.74,0.5804184561052983,0.29,64.07152833333333,20.829751666666663,1.3890973953823953,3585,0.6983733018102171,924
Solomon Islands,2020,SLB,East Asia and Pacific,3.76,51.68,42,0.37,0.89,0.5837184540783398,0.28710999999999953,62.32588,20.94026166666666,1.19,3586,0.6991305141529475,907
Solomon Islands,2021,SLB,East Asia and Pacific,4.947059637681159,56.308474511278206,43,0.37,0.99,0.5830456763005621,0.2893349999999995,69.47776333333331,24.877934999999997,0.96,3587,0.7028513518570069,824
Solomon Islands,2022,SLB,East Asia and Pacific,5.911409637681159,56.94801617794487,42,0.37,1.1453563033705765,0.5828173429672286,0.28770499999999954,70.77604166666663,21.761158333333334,1.04,3588,0.7043712994981949,800
Somalia,2000,SOM,Sub-Saharan Africa,48.82028666666667,11.58,17.815930672268912,0.08,19.4,0.56,0.14,22.303945000000002,7.79,0.42,3589,0.5535087919480717,4241
Somalia,2001,SOM,Sub-Saharan Africa,48.87609499999999,11.97,17.66109733893558,0.08,19.37,0.56,0.13,23.55565333333334,7.74,0.83,3590,0.5501542144752725,4254
Somalia,2002,SOM,Sub-Saharan Africa,48.64049833333333,12.37,17.30159733893558,0.08,19.34,0.56,0.12,23.45456833333334,7.59,0.82,3591,0.5499197582399857,4257
Somalia,2003,SOM,Sub-Saharan Africa,47.50931166666667,12.91,16.210521581359817,0.08,19.32,0.56,0.12,23.867726666666673,7.38,1.05,3592,0.5485600402951818,4265
Somalia,2004,SOM,Sub-Saharan Africa,49.201325,13.46,17.36193067226891,0.09,19.31,0.56,0.12,23.166298333333334,7.31,0.47,3593,0.5536784187595175,4240
Somalia,2005,SOM,Sub-Saharan Africa,47.925173095238115,14.57,21,0.09,19.3,0.56,0.11,20.661311666666666,7.22,1.07,3594,0.5508059270737933,4251
Somalia,2006,SOM,Sub-Saharan Africa,49.07044642857143,15.74,16.55693067226891,0.09,19.29,0.56,0.11,19.227548333333342,6.7,0.85,3595,0.5496831202335647,4258
Somalia,2007,SOM,Sub-Saharan Africa,48.93012976190478,15.59,14,0.09,19.17,0.56,0.09,5.93,6.23,0.96,3596,0.5432256632348926,4292
Somalia,2008,SOM,Sub-Saharan Africa,48.86052809523812,17.16,10,0.09,19.17,0.56,0.09,20.55662333333333,6.06,0.68,3597,0.547863866807722,4270
Somalia,2009,SOM,Sub-Saharan Africa,48.8956930952381,18.84,11,0.09,19.17,0.56,0.1,19.96514833333333,5.95,1.29,3598,0.5443767561733375,4288
Somalia,2010,SOM,Sub-Saharan Africa,47.40672880952383,20.61,11,0.1,19.17,0.56,0.1,22.394616666666664,5.75,1.09,3599,0.5487557221335215,4264
Somalia,2011,SOM,Sub-Saharan Africa,47.09648880952383,22.48,10,0.1,19.17,0.56,0.1,23.520558333333337,5.73,1.06,3600,0.5492566187013237,4261
Somalia,2012,SOM,Sub-Saharan Africa,47.413770238095246,23.9,8,0.09,19.16,0.56,0.09,23.781085000000004,5.67,0.98,3601,0.5477272694284384,4273
Somalia,2013,SOM,Sub-Saharan Africa,47.21614523809525,25.37,8,0.09,19.07,0.56,0.09,24.132085000000007,5.6,1.09,3602,0.5477484230597738,4272
Somalia,2014,SOM,Sub-Saharan Africa,47.18179523809525,26.9,8,0.09,19.01,0.56,0.09,24.018935000000006,5.44,1.12,3603,0.5481883109125879,4268
Somalia,2015,SOM,Sub-Saharan Africa,46.559696904761914,28.48,8,0.09,18.88,0.56,0.09,23.957696666666674,5.37,1.47,3604,0.5464969455334328,4282
Somalia,2016,SOM,Sub-Saharan Africa,46.50965857142858,30.12,10,0.09,18.93,0.56,0.09,23.44988666666667,5.23,1.27,3605,0.5495425238243166,4259
Somalia,2017,SOM,Sub-Saharan Africa,45.760913571428574,31.82,9,0.09,18.98,0.56,0.08,25.005168333333344,5.08,1.62,3606,0.5465726976029578,4281
Somalia,2018,SOM,Sub-Saharan Africa,46.58499690476192,33.57,10,0.08,18.87,0.56,0.08,26.42604000000002,4.97,0.71,3607,0.554853571677295,4237
Somalia,2019,SOM,Sub-Saharan Africa,46.38013357142858,35.38,9,0.08,18.83,0.56,0.08,23.927071666666674,5.03,1.53,3608,0.547313510763871,4275
Somalia,2020,SOM,Sub-Saharan Africa,46.44797023809524,36.32,12,0.09,19.57,0.56,0.1132928571428572,24.042443333333335,6.5478518939393915,1.72,3609,0.5455479275895635,4286
Somalia,2021,SOM,Sub-Saharan Africa,45.11699523809524,36.62085824199246,13,0.09,19.93,0.56,0.13593606227106228,5.51,5.95236856060606,1.53,3610,0.5436299313770252,4290
Somalia,2022,SOM,Sub-Saharan Africa,46.60566023809524,31.28451140259002,12,0.09,19.17031233738892,0.5652107142857147,0.10418452380952381,22.841213333333343,5.6702321717171715,1.45,3611,0.548194073508737,4266
South Africa,2000,ZAF,Sub-Saharan Africa,14.46,63.33,50,0.52,20.27,0.67,0.3,81.03,29.47,0.27,3612,0.6293382093486337,3009
South Africa,2001,ZAF,Sub-Saharan Africa,14.13,63.8,48,0.52,20.22,0.68,0.3,81.66,27.37,0.52,3613,0.627548056105603,3074
South Africa,2002,ZAF,Sub-Saharan Africa,13.56,64.6,48,0.52,20.09,0.66,0.29,82.48,25.79,0.45,3614,0.6340303594523308,2859
South Africa,2003,ZAF,Sub-Saharan Africa,12.33,65.41,44,0.51,20.01,0.68,0.3,83.49,28.65,0.79,3615,0.6222796733363094,3247
South Africa,2004,ZAF,Sub-Saharan Africa,11.85,66.22,46,0.53,19.87,0.67,0.31,85.97,32.28,0.87,3616,0.623417965367832,3219
South Africa,2005,ZAF,Sub-Saharan Africa,11.31,67.01,45,0.53,19.74,0.68,0.3,87.4,30.97,1.03,3617,0.622322984475425,3246
South Africa,2006,ZAF,Sub-Saharan Africa,10.58,67.81,46,0.53,19.64,0.69,0.31,90.65,33.35,0.36,3618,0.6282955087998505,3051
South Africa,2007,ZAF,Sub-Saharan Africa,9.7,68.59,51,0.53,19.54,0.72,0.31,92.34,33.95,0.72,3619,0.6248864470813036,3178
South Africa,2008,ZAF,Sub-Saharan Africa,8.84,69.38,49,0.53,19.51,0.7,0.34,90.9,32.71,0.58,3620,0.6317412189782694,2935
South Africa,2009,ZAF,Sub-Saharan Africa,8.11,70.15,47,0.52,20.51,0.69,0.34,92.51,33.59,0.66,3621,0.6242185827414233,3197
South Africa,2010,ZAF,Sub-Saharan Africa,8,70.92,45,0.52,23.18,0.72,0.34,93.74,32.65,1.08,3622,0.6009675753743668,3681
South Africa,2011,ZAF,Sub-Saharan Africa,7.75,71.68,41,0.51,21.42,0.72,0.35,96.18,32.88,0.45,3623,0.6147496609928842,3406
South Africa,2012,ZAF,Sub-Saharan Africa,7.72,72.43,43,0.51,21.79,0.75,0.36,98.83,33.9,0.51,3624,0.609466162364508,3510
South Africa,2013,ZAF,Sub-Saharan Africa,7.61,73.18,42,0.5,22.04,0.75,0.36,107.49,32.7,0.66,3625,0.6097125140967273,3505
South Africa,2014,ZAF,Sub-Saharan Africa,5.66,73.91,44,0.49,22.61,0.75,0.36,107.8,33.35,0.84,3626,0.6058515186815978,3586
South Africa,2015,ZAF,Sub-Saharan Africa,5.74,74.64,44,0.49,22.87,0.75,0.36,109.44,31.49,1.3,3627,0.6027757768502203,3660
South Africa,2016,ZAF,Sub-Saharan Africa,5.79,75.37,45,0.48,24.02,0.75,0.36,107.18,30.91,1.56,3628,0.5941051007009582,3800
South Africa,2017,ZAF,Sub-Saharan Africa,5.83,76.08,43,0.48,23.99,0.75,0.36,104.7,31.29,1.1,3629,0.5965536225299366,3759
South Africa,2018,ZAF,Sub-Saharan Africa,5.83,76.79,43,0.48,24.22,0.75,0.36,100.51,31.25,1.02,3630,0.5950659167487603,3784
South Africa,2019,ZAF,Sub-Saharan Africa,5.72,77.48,44,0.46,25.54,0.75,0.36,102.56,31.26,1.81,3631,0.5800501970890429,3975
South Africa,2020,ZAF,Sub-Saharan Africa,5.36,78.17,44,0.43,24.34,0.75,0.3426849999999998,102.1,31.79347277777777,0.89,3632,0.592352188827454,3827
South Africa,2021,ZAF,Sub-Saharan Africa,8.150355000000005,68.150305037594,44,0.44,28.77,0.75,0.34975833333333317,96.12309583333335,30.897544444444442,0.81,3633,0.5672407010038746,4133
South Africa,2022,ZAF,Sub-Saharan Africa,7.720298333333338,67.183025037594,43,0.43,24.25803200033274,0.7459454304029304,0.34371666666666656,95.73168583333337,29.926991111111107,1.09,3634,0.5883120044116317,3871
South Sudan,2000,SSD,Sub-Saharan Africa,46.95694,15.465374761904762,22.399833333333337,0.1305319647019647,12.13,0.62,0.18,25.430271666666663,3.82,0.47,3635,0.5924018071751768,3824
South Sudan,2001,SSD,Sub-Saharan Africa,46.97269666666668,19.08342309523809,23.05633333333333,0.15433945887445888,12.13,0.62,0.18,28.663768333333334,3.82,0.32,3636,0.5977673994894398,3739
South Sudan,2002,SSD,Sub-Saharan Africa,36.716946666666665,7.978120287898378,21.04377272727273,0.10891532467532468,12.14,0.62,0.18,20.43409,3.81,1.03,3637,0.58770721786069,3885
South Sudan,2003,SSD,Sub-Saharan Africa,39.03152666666667,8.589060287898375,20.78510606060606,0.10893445887445889,12.14,0.62,0.17,21.115879999999997,3.82,0.89,3638,0.5871996825592182,3892
South Sudan,2004,SSD,Sub-Saharan Africa,33.18336166666667,7.047055287898377,20.6139393939394,0.1080915981240981,12.15,0.62,0.18,18.846316666666663,3.83,1.02,3639,0.5885199142785781,3867
South Sudan,2005,SSD,Sub-Saharan Africa,31.765581666666662,6.537751954565043,20.333772727272727,0.1065084163059163,12.14,0.62,0.18,18.40895833333333,3.66,1.15,3640,0.5877901215643192,3880
South Sudan,2006,SSD,Sub-Saharan Africa,29.37780166666667,6.234891121231709,19.058772727272725,0.10322046758796757,12.13,0.62,0.17,16.838890000000003,3.81,1.05,3641,0.5874423880682185,3887
South Sudan,2007,SSD,Sub-Saharan Africa,45.52260833333334,18.310628333333327,20.293333333333337,0.1302770743145743,12.13,0.62,0.17,29.698896666666666,3.83,0.3,3642,0.5945964275832188,3790
South Sudan,2008,SSD,Sub-Saharan Africa,33.25203833333333,6.979704043309631,17.93177272727273,0.09761670634920634,12.15,0.62,0.17,18.786973333333332,3.32,0.78,3643,0.587755099013398,3882
South Sudan,2009,SSD,Sub-Saharan Africa,42.606355303030284,11.97456802599361,17.88377272727273,0.10060285353535356,12.21,0.62,0.18,23.50064666666666,3.3,1.49,3644,0.5798980873432582,3976
South Sudan,2010,SSD,Sub-Saharan Africa,43.547151969696955,17.10948608543417,18.250333333333334,0.10642690115440115,12.14,0.62,0.18,30.27095666666667,3.27,1.56,3645,0.58300662608925935,3948
South Sudan,2011,SSD,Sub-Saharan Africa,26.12628363636364,1.84,17.759939393939394,0.11,12.2,0.62,0.19,9.69,3.27,1.46,3646,0.5831658632474656,3946
South Sudan,2012,SSD,Sub-Saharan Africa,25.205060000000007,1.95,16.06349067599068,0.11,12.34,0.62,0.19,13.606936666666673,3.24,1.25,3647,0.5851690980801524,3920
South Sudan,2013,SSD,Sub-Saharan Africa,25.712076666666675,2.07,14,0.09,12.04,0.62,0.19,14.31993333333334,3.24,1.33,3648,0.5827653331169154,3951
South Sudan,2014,SSD,Sub-Saharan Africa,25.88501000000001,2.19,15,0.09,12.14,0.62,0.2,14.550798333333336,3.26,0.97,3649,0.5866548693100218,3897
South Sudan,2015,SSD,Sub-Saharan Africa,25.139910000000004,2.3,15,0.1,12.29,0.62,0.21,11.01,3.28,1.14,3650,0.5851478643912781,3921
South Sudan,2016,SSD,Sub-Saharan Africa,25.605710000000013,2.43,11,0.09,12.33,0.62,0.23,17.287818333333334,3.28,1.29,3651,0.5833119689579928,3942
South Sudan,2017,SSD,Sub-Saharan Africa,19.19,2.55,12,0.07,12.26,0.62,0.24,18.146671666666666,3.28,1.3,3652,0.5865641969100456,3900
South Sudan,2018,SSD,Sub-Saharan Africa,21.71,2.67,13,0.07,12.23,0.62,0.25,18.21640166666667,3.28,1.19,3653,0.5877129140152995,3884
South Sudan,2019,SSD,Sub-Saharan Africa,22.65,2.8,12,0.07,12.2,0.62,0.25,19.01675,3.28,1,3654,0.5885607723987917,3866
South Sudan,2020,SSD,Sub-Saharan Africa,23.21,2.8,12,0.1,13.74,0.62,0.2273641558441559,20.73771666666667,3.473325454545451,0.69,3655,0.5866285187884452,3898
South Sudan,2021,SSD,Sub-Saharan Africa,26.49935833333334,7.172526853832442,11,0.08,13.48,0.62,0.21514978771228782,21.769053333333332,3.5358733333333303,1.17,3656,0.5805393525838761,3970
South Sudan,2022,SSD,Sub-Saharan Africa,36.26577541666666,6.08017177286078,13,0.05,12.456030785447703,0.6203316666666658,0.2137488913537443,18.95796333333333,4.669593333333333,0.98,3657,0.5776182786710682,4014
Spain,2000,ESP,Europe and Central Asia,24.32,99.62,70,0.63,13.79,0.46,0.29,110.27,30.76,0.81,3658,0.72302026536211494,518
Spain,2001,ESP,Europe and Central Asia,24.85,99.62,70,0.63,10.35,0.46,0.3,111.78,29.81,1.41,3659,0.735866891767597,360
Spain,2002,ESP,Europe and Central Asia,24.6,99.65,71,0.63,11.15,0.46,0.31,111.86,30.56,0.81,3660,0.7426708823935602,304
Spain,2003,ESP,Europe and Central Asia,22.46,99.69,69,0.61,11.28,0.46,0.32,112.15,30.67,1.6,3661,0.7273928737148276,453
Spain,2004,ESP,Europe and Central Asia,22.16,99.73,71,0.61,11.09,0.46,0.33,113.83,31.42,1,3662,0.7415724633456751,312
Spain,2005,ESP,Europe and Central Asia,21.76,99.77,70,0.64,9.15,0.45,0.34,117.34,32.24,0.9,3663,0.7578800996941918,200
Spain,2006,ESP,Europe and Central Asia,21.02,99.81,68,0.63,8.45,0.46,0.35,117.34,33.38,1.53,3664,0.7455070011651137,274
Spain,2007,ESP,Europe and Central Asia,20.73,99.85,67,0.64,8.23,0.46,0.35,116.36,34.31,0.84,3665,0.7577571077880901,201
Spain,2008,ESP,Europe and Central Asia,20.64,99.88,65,0.65,11.25,0.46,0.36,115.53,31.26,0.86,3666,0.7450028739071185,279
Spain,2009,ESP,Europe and Central Asia,19.02,99.92,61,0.65,17.86,0.47,0.38,115.03,26.27,1.36,3667,0.6991231876706147,908
Spain,2010,ESP,Europe and Central Asia,20.29,99.96,61,0.65,19.86,0.46,0.38,119.12,25.37,0.91,3668,0.6944257342785504,1027
Spain,2011,ESP,Europe and Central Asia,20.39,100,62,0.65,21.39,0.45,0.38,120.93,24.7,1.61,3669,0.6771000562436501,1483
Spain,2012,ESP,Europe and Central Asia,21.81,99.99,65,0.64,24.79,0.45,0.38,122.84,23.74,1.04,3670,0.6637480433967533,1835
Spain,2013,ESP,Europe and Central Asia,22.77,99.96,59,0.62,26.09,0.46,0.39,123.19,21.88,0.91,3671,0.6527228053110323,2162
Spain,2014,ESP,Europe and Central Asia,23.13,99.93,60,0.63,24.44,0.46,0.39,123.37,22.47,1.6,3672,0.6558590525607669,2067
Spain,2015,ESP,Europe and Central Asia,22.3,99.93,58,0.61,22.06,0.46,0.4,124.96,22.21,1.53,3673,0.6717489363963762,1628
Spain,2016,ESP,Europe and Central Asia,21.96,99.93,58,0.6,19.64,0.46,0.41,126.19,21.23,1.71,3674,0.6868153857567018,1199
Spain,2017,ESP,Europe and Central Asia,22.25,99.93,57,0.59,17.22,0.46,0.4,126,22.16,2.04,3675,0.6937297114147999,1042
Spain,2018,ESP,Europe and Central Asia,22.24,99.93,58,0.6,15.25,0.45,0.4,126.18,22.2,1.15,3676,0.7236884779797453,508
Spain,2019,ESP,Europe and Central Asia,21.76,99.93,62,0.63,14.1,0.45,0.4,125.95,20.78,1.53,3677,0.7323219232391126,392
Spain,2020,ESP,Europe and Central Asia,19.62,99.93,62,0.63,15.53,0.44,0.39974333333333306,124.83,25.657436666666662,2.08,3678,0.7088441283118361,718
Spain,2021,ESP,Europe and Central Asia,21.931438015873013,99.703488186274555,61,0.61,14.78,0.44,0.3913966666666666,123.30553499999996,25.048518333333337,1.43,3679,0.7215531996802903,551
Spain,2022,ESP,Europe and Central Asia,22.410908333333328,99.6378353291317,60,0.62,13.903464093664525,0.44966978468899527,0.3944149999999999,121.47417666666665,24.556115000000005,2.49,3680,0.7058180953171765,774
Sri Lanka,2000,LKA,South Asia,40.04,60.44,33.048666666666676,0.3,7.74,0.6,0.22,67.11934111111111,3.93,0.46,3681,0.6660350059847486,1763
Sri Lanka,2001,LKA,South Asia,41.09,60.85,33.497000000000014,0.31,7.9,0.61,0.23,65.01598444444447,3.93,0.7,3682,0.6624374231533678,1871
Sri Lanka,2002,LKA,South Asia,40.45,61.26,37,0.32,8.76,0.61,0.22,69.85966444444445,4.31,0.85,3683,0.6631614375386398,1854
Sri Lanka,2003,LKA,South Asia,37.61,61.68,34,0.32,8.22,0.61,0.23,66.63451777777777,4.18,0.76,3684,0.6651034965042361,1788
Sri Lanka,2004,LKA,South Asia,41.03,62.09,35,0.32,8.38,0.61,0.23,67.67492277777778,4.31,0.67,3685,0.66426664516731,1809
Sri Lanka,2005,LKA,South Asia,40.5,62.5,32,0.24,7.67,0.61,0.22,71.2661961111111,4.57,0.72,3686,0.6573529406147873,2015
Sri Lanka,2006,LKA,South Asia,40.95,63.65,31,0.21,6.5,0.61,0.22,72.5706411111111,4.52,0.5,3687,0.6600902607835785,1933
Sri Lanka,2007,LKA,South Asia,44.85,64.81,32,0.21,5.97,0.6,0.22,74.05543277777778,4.43,0.5,3688,0.6618328987078995,1892
Sri Lanka,2008,LKA,South Asia,50.64,65.99,32,0.2,5.22,0.58,0.22,77.19141944444442,4.8,0.42,3689,0.6627052917129301,1863
Sri Lanka,2009,LKA,South Asia,53.29,67.17,31,0.2,5.85,0.57,0.22,77.8502861111111,4.48,0.78,3690,0.6562270448828369,2051
Sri Lanka,2010,LKA,South Asia,53.3,68.37,32,0.22,4.78,0.58,0.22,96.86,4.86,1.11,3691,0.6638821640283626,1827
Sri Lanka,2011,LKA,South Asia,51.22,69.57,33,0.22,4.12,0.59,0.22,98.97,5.82,0.74,3692,0.6711419974573201,1646
Sri Lanka,2012,LKA,South Asia,51.93,70.79,40,0.22,3.88,0.59,0.22,99.45,6.17,0.98,3693,0.6749151707169929,1551
Sri Lanka,2013,LKA,South Asia,48.93,72.03,37,0.25,4.24,0.59,0.22,99.49,6,0.86,3694,0.678453445674329,1445
Sri Lanka,2014,LKA,South Asia,48.68,73.27,38,0.25,4.19,0.59,0.22,96.74973944444442,6.27,1,3695,0.6772697660306237,1480
Sri Lanka,2015,LKA,South Asia,48.93,74.54,37,0.35,4.52,0.59,0.23,94.53977111111108,6.38,1.01,3696,0.6846029966264648,1255
Sri Lanka,2016,LKA,South Asia,50.12,75.81,36,0.38,4.24,0.59,0.23,97.63,6.87,1.37,3697,0.6825240447560565,1324
Sri Lanka,2017,LKA,South Asia,49.25,77.1,38,0.37,4.05,0.59,0.23,98.03,6.86,1.1,3698,0.6885275241662338,1167
Sri Lanka,2018,LKA,South Asia,46.82,78.4,38,0.38,4.32,0.59,0.23,100.34,6.95,0.82,3699,0.6950225889604287,1007
Sri Lanka,2019,LKA,South Asia,51.07,78.42,38,0.34,4.67,0.59,0.23,94.0227194444444,7.49,1.28,3700,0.6786192845504373,1436
Sri Lanka,2020,LKA,South Asia,46.58,78.45,38,0.33,5.2,0.59,0.2262550000000002,93.84829277777776,7.8066633333333355,1.32,3701,0.6788745011226719,1428
Sri Lanka,2021,LKA,South Asia,47.305023333333345,76.66706665445663,37,0.34,5.24,0.59,0.22751833333333354,93.60625777777776,7.394020000000004,1.03,3702,0.681695550604548,1349
Sri Lanka,2022,LKA,South Asia,46.96739333333334,76.4330820115995,36,0.34,5.172901931956932,0.5862050000000011,0.22705000000000022,92.8960061111111,7.711805000000004,1,3703,0.6814623288609492,1358
Sudan,2000,SDN,Sub-Saharan Africa,61.82,28.27,20.55695238095238,0.07,15.28,0.54,0.14,35.87511833333333,3.46,0.47,3704,0.5765951011366167,4029
Sudan,2001,SDN,Sub-Saharan Africa,62.28,28.29,19.69461904761905,0.1,15.22,0.54,0.14,34.58,3.47,0.32,3705,0.5788511190864145,3993
Sudan,2002,SDN,Sub-Saharan Africa,61.42,28.3,20.147785714285718,0.1,15.16,0.54,0.14,34.57,3.48,1.03,3706,0.5741893700891689,4058
Sudan,2003,SDN,Sub-Saharan Africa,62.56,28.32,23,0.09,15.1,0.54,0.14,35.88,3.48,0.89,3707,0.5764509011115387,4030
Sudan,2004,SDN,Sub-Saharan Africa,57.18,28.34,22,0.1,15.05,0.54,0.15,39.07,3.48,1.02,3708,0.580718852059812,3968
Sudan,2005,SDN,Sub-Saharan Africa,54.63,29.16,21,0.1,14.98,0.54,0.15,38.75,3.48,1.15,3709,0.5808707998246444,3965
Sudan,2006,SDN,Sub-Saharan Africa,55.79,29.99,20,0.1,14.9,0.54,0.15,36.86,3.46,1.05,3710,0.5802092609126358,3973
Sudan,2007,SDN,Sub-Saharan Africa,58,30.81,18,0.1,14.84,0.54,0.15,36.17,3.46,0.3,3711,0.583716941025685,3936
Sudan,2008,SDN,Sub-Saharan Africa,62.4,31.63,16,0.1,14.8,0.54,0.15,38.28,2.98,0.78,3712,0.5771873638341153,4020
Sudan,2009,SDN,Sub-Saharan Africa,52.48,32.46,15,0.1,13,0.54,0.14,42.32,2.99,1.49,3713,0.5842547675893713,3927
Sudan,2010,SDN,Sub-Saharan Africa,61.31,33.3,16,0.12,15.13,0.55,0.13,42.52,3.06,1.56,3714,0.570891928177125,4101
Sudan,2011,SDN,Sub-Saharan Africa,65.93,34.15,16,0.11,17.44,0.55,0.13,37.56,3.07,1.1352076355311356,3715,0.560680202898792,4195
Sudan,2012,SDN,Sub-Saharan Africa,65.45,35.01,13,0.11,17.67,0.55,0.13,41.23,3.07,1.03,3716,0.5602761274008711,4199
Sudan,2013,SDN,Sub-Saharan Africa,74.83,35.88,11,0.09,17.41,0.55,0.13,43.61,3.07,1.15,3717,0.5527342561917775,4244
Sudan,2014,SDN,Sub-Saharan Africa,67.03,36.75,11,0.09,17.39,0.55,0.13,44.85,3.1,0.95,3718,0.5597627594963989,4203
Sudan,2015,SDN,Sub-Saharan Africa,63.23,37.64,12,0.09,17.44,0.55,0.13,45.62,3.14,1.5,3719,0.5583023691756944,4215
Sudan,2016,SDN,Sub-Saharan Africa,70.31,38.4,14,0.09,17.44,0.55,0.13,44.13,3.14,1.17,3720,0.5576682479565594,4219
Sudan,2017,SDN,Sub-Saharan Africa,72.48,38.49,16,0.1,17.5,0.55,0.14,46.62,3.14,1.21,3721,0.5589533286168102,4208
Sudan,2018,SDN,Sub-Saharan Africa,66.95,38.6,16,0.1,17.57,0.55,0.14,45.86,3.14,1.23,3722,0.5618354464122752,4189
Sudan,2019,SDN,Sub-Saharan Africa,66.51,38.71,16,0.12,17.59,0.55,0.15,44.82862,3.14,0.88,3723,0.566611735518801,4141
Sudan,2020,SDN,Sub-Saharan Africa,52.96,38.84,16,0.11,19.29,0.55,0.14146787878787886,35.15755833333335,4.822476666666664,0.46,3724,0.5656185301662947,4153
Sudan,2021,SDN,Sub-Saharan Africa,57.477017056277035,34.80938378316128,20,0.08,19.05,0.55,0.13802454545454557,37.40023166666668,4.386637777777775,1.24,3725,0.558191894600818,4217
Sudan,2022,SDN,Sub-Saharan Africa,60.55339538961038,34.44058381267178,22,0.09,17.100762826055803,0.5648510692640688,0.13775848484848494,38.57633666666669,4.3122416666666625,0.77,3726,0.5691738022832922,4112
Suriname,2000,SUR,Latin America and Caribbean,15.4,86.06,37.62916666666666,0.52,12.74,0.68,0.27,77.60601166666666,25.28,0.66,3727,0.659436095063941,1952
Suriname,2001,SUR,Latin America and Caribbean,27.33,86.57,37.39166666666666,0.52,11.91,0.69,0.27,74.99,25.36,0.78,3728,0.6521408270707911,2175
Suriname,2002,SUR,Latin America and Caribbean,23.01,87.07,37.3025,0.52,11.14,0.69,0.27,74.94,25.15,1.01,3729,0.6559311935892217,2065
Suriname,2003,SUR,Latin America and Caribbean,23.55,87.57,37.327333333333335,0.51,10.3,0.68,0.28,75.62224666666665,24.32,1.07,3730,0.661629928116778,1895
Suriname,2004,SUR,Latin America and Caribbean,20.7,88.08,43,0.51,9.49,0.68,0.28,77.66547666666668,23.83,1.1,3731,0.6733039989295498,1590
Suriname,2005,SUR,Latin America and Caribbean,20.86,88.55,32,0.51,9.37,0.67,0.29,68.48,23.53,1.43,3732,0.6579080020403819,2000
Suriname,2006,SUR,Latin America and Caribbean,18.08,89.03,30,0.51,9.19,0.67,0.29,69.11,23.88,1,3733,0.6633566897647176,1849
Suriname,2007,SUR,Latin America and Caribbean,19.5,89.5,35,0.51,9.03,0.68,0.29,69.06,24.03,0.98,3734,0.6667039212134646,1747
Suriname,2008,SUR,Latin America and Caribbean,24.28,89.98,36,0.5,8.88,0.67,0.29,69.62,23.35,1.08,3735,0.6663019133147642,1757
Suriname,2009,SUR,Latin America and Caribbean,21.97,90.47,37,0.5,8.72,0.66,0.3,67.69,22.45,1.41,3736,0.6676606266305917,1729
Suriname,2010,SUR,Latin America and Caribbean,23.58,90.95,36.32533333333333,0.49,7.15,0.66,0.3,71.45,21.58,1.51,3737,0.6727100274301622,1607
Suriname,2011,SUR,Latin America and Caribbean,27.2,91.44,30,0.49,7.54,0.65,0.3,70.34,21.73,1.07,3738,0.6692851222229698,1689
Suriname,2012,SUR,Latin America and Caribbean,28.27,91.93,37,0.49,8.1,0.65,0.31,72.07,20.68,0.99,3739,0.6771902167376986,1481
Suriname,2013,SUR,Latin America and Caribbean,27.87,92.42,36,0.48,6.6,0.65,0.31,73.81,20.64,1.12,3740,0.6805384334035838,1388
Suriname,2014,SUR,Latin America and Caribbean,28.98,92.92,36,0.48,6.94,0.65,0.31,73.35,20.3,1.14,3741,0.6785758408612769,1439
Suriname,2015,SUR,Latin America and Caribbean,22,93.43,36,0.49,7.22,0.65,0.31,77.47,19.53,1.31,3742,0.6831896253030841,1303
Suriname,2016,SUR,Latin America and Caribbean,21.84,93.93,45,0.49,7.92,0.65,0.31,80.67277666666666,19.03,1.79,3743,0.6845143477147361,1259
Suriname,2017,SUR,Latin America and Caribbean,26.38,94.44,41,0.48,7.91,0.65,0.31,79.87360833333334,18.56,1.44,3744,0.6825192020843058,1325
Suriname,2018,SUR,Latin America and Caribbean,18.43,94.96,43,0.48,7.93,0.65,0.31,82.26,18.14,1.25,3745,0.6933109133532422,1057
Suriname,2019,SUR,Latin America and Caribbean,15.38,95.47,44,0.48,8.03,0.64,0.31,85.05435833333337,17.78,1.53,3746,0.6947860366479953,1017
Suriname,2020,SUR,Latin America and Caribbean,20.52,95.99,38,0.48,9.52,0.66,0.32157833333333313,79.3,21.840800000000005,1.68,3747,0.6687821882311014,1703
Suriname,2021,SUR,Latin America and Caribbean,23.42747333333333,94.2403674159174,39,0.48,9.08,0.66,0.31770333333333306,70.66,23.058186666666664,1.28,3748,0.66969054224729,1678
Suriname,2022,SUR,Latin America and Caribbean,23.961848333333336,93.07366193362192,40,0.5,8.290988983597188,0.6570033333333324,0.31621999999999956,80.84409333333332,22.74015166666667,1.3,3749,0.6797552361353905,1408
Sweden,2000,SWE,Europe and Central Asia,14.46,99.42,94,0.69,5.47,0.39,0.39,151.85,33.08,1.72,3750,0.7986530673555929,23
Sweden,2001,SWE,Europe and Central Asia,16.88,99.44,90,0.68,4.73,0.38,0.4,147.63,30.45,1.07,3751,0.8198568976165417,1
Sweden,2002,SWE,Europe and Central Asia,16.51,99.47,93,0.68,4.97,0.39,0.4,143.93,31.2,1.57,3752,0.804669128042176,10
Sweden,2003,SWE,Europe and Central Asia,15.88,99.49,93,0.69,5.55,0.4,0.41,137.02,32.89,0.91,3753,0.8151630491767374,3
Sweden,2004,SWE,Europe and Central Asia,16.28,99.52,92,0.69,6.69,0.4,0.41,103.29,33.52,1.2,3754,0.7864104264649376,57
Sweden,2005,SWE,Europe and Central Asia,16.64,99.54,92,0.69,7.49,0.41,0.41,104.06,33.26,1.83,3755,0.7682578121559108,140
Sweden,2006,SWE,Europe and Central Asia,16.54,99.56,92,0.69,7.07,0.42,0.41,103.57,34.6,1.49,3756,0.7749770237014802,109
Sweden,2007,SWE,Europe and Central Asia,16.34,99.59,93,0.7,6.16,0.42,0.4,102.39,35.95,1.94,3757,0.7659161650865768,153
Sweden,2008,SWE,Europe and Central Asia,16.33,99.61,93,0.69,6.23,0.41,0.39,101.3,34.31,1.95,3758,0.767114294148658,145
Sweden,2009,SWE,Europe and Central Asia,16.4,99.64,92,0.69,8.35,0.41,0.41,99.49,27.72,1.43,3759,0.7798282380999376,81
Sweden,2010,SWE,Europe and Central Asia,16.38,99.66,92,0.69,8.61,0.42,0.41,98.12,31.89,-0.28,3760,0.8002098185457996,18
Sweden,2011,SWE,Europe and Central Asia,14.55,99.69,93,0.68,7.8,0.41,0.42,96.98,31.35,1.27,3761,0.7806110261341028,77
Sweden,2012,SWE,Europe and Central Asia,14.81,99.71,88,0.68,7.98,0.39,0.42,98.14,30.42,1.31,3762,0.7798237775617143,82
Sweden,2013,SWE,Europe and Central Asia,14.93,99.73,89,0.67,8.05,0.4,0.42,128.56,29.41,0.86,3763,0.8050308380874189,9
Sweden,2014,SWE,Europe and Central Asia,14.92,99.76,87,0.66,7.95,0.4,0.42,132.94,29.09,2.7,3764,0.7595684186863357,190
Sweden,2015,SWE,Europe and Central Asia,14.9,99.78,89,0.66,7.43,0.41,0.42,140.44,28.34,2.07,3765,0.7824557462949125,67
Sweden,2016,SWE,Europe and Central Asia,14.49,99.8,88,0.66,6.99,0.39,0.42,144.91,27.32,1.84,3766,0.794306604372151,29
Sweden,2017,SWE,Europe and Central Asia,14.09,99.83,84,0.66,6.72,0.4,0.42,152.86,27.55,1.59,3767,0.8011286635302495,15
Sweden,2018,SWE,Europe and Central Asia,13.96,99.83,85,0.66,6.36,0.4,0.43,151.7,27.55,1.84,3768,0.7970008354066918,25
Sweden,2019,SWE,Europe and Central Asia,13.71,99.83,85,0.65,6.83,0.4,0.42,146.25,27.93,1.57,3769,0.7993207710903976,20
Sweden,2020,SWE,Europe and Central Asia,13.03,99.83,85,0.65,8.29,0.42,0.4191833333333335,145.62,32.590299696969694,2.94,3770,0.7478979877784923,262
Sweden,2021,SWE,Europe and Central Asia,15.025714761904762,99.56649626984128,85,0.65,8.72,0.42,0.41914000000000023,133.95220666666665,32.30513469696971,1.85,3771,0.7701923014314261,131
Sweden,2022,SWE,Europe and Central Asia,15.988793571428568,99.49804453823954,83,0.64,7.746883654084707,0.4205075020885549,0.41352666666666676,127.98725166666664,35.35979469696969,2.11,3772,0.7589821595348455,197
Switzerland,2000,CHE,Europe and Central Asia,31.04,100,86,0.79,2.66,0.42,0.31,95.63,55.67,1.42,3773,0.7306411547224189,411
Switzerland,2001,CHE,Europe and Central Asia,30.12,100,84,0.79,2.49,0.42,0.31,95.33,53.01,1.45,3774,0.7355099625490948,363
Switzerland,2002,CHE,Europe and Central Asia,29.05,100,85,0.79,2.92,0.41,0.31,93.71,49.24,1.26,3775,0.7465072250630657,269
Switzerland,2003,CHE,Europe and Central Asia,28.62,100,88,0.79,4.12,0.43,0.31,93.78,54.19,1.85,3776,0.7229445908383885,520
Switzerland,2004,CHE,Europe and Central Asia,28.76,100,91,0.79,4.32,0.43,0.31,94.42,54.49,0.97,3777,0.7385894278641354,338
Switzerland,2005,CHE,Europe and Central Asia,27.14,100,91,0.79,4.44,0.44,0.31,95.45,55.48,0.81,3778,0.7396572161493724,330
Switzerland,2006,CHE,Europe and Central Asia,27.35,100,91,0.79,3.99,0.45,0.31,96.03,54.41,1.09,3779,0.7381397513748593,342
Switzerland,2007,CHE,Europe and Central Asia,27.33,100,90,0.79,3.64,0.44,0.31,95.91,56.65,1.8,3780,0.7225324451187896,531
Switzerland,2008,CHE,Europe and Central Asia,26.5,100,90,0.8,3.35,0.41,0.31,95.89,55.97,1.2,3781,0.7384604543481363,340
Switzerland,2009,CHE,Europe and Central Asia,26.2,100,90,0.8,4.11,0.42,0.32,95.6,50.99,1.37,3782,0.7436682569446872,294
Switzerland,2010,CHE,Europe and Central Asia,26.19,100,87,0.8,4.81,0.44,0.32,96.11,50.75,0.46,3783,0.7541336089432024,222
Switzerland,2011,CHE,Europe and Central Asia,25.65,100,88,0.8,4.41,0.44,0.32,96.42,55.41,1.67,3784,0.7267536516244235,463
Switzerland,2012,CHE,Europe and Central Asia,25.87,100,86,0.81,4.49,0.43,0.32,96.48,53,1.51,3785,0.7342453061842215,371
Switzerland,2013,CHE,Europe and Central Asia,25.16,100,85,0.81,4.75,0.43,0.33,98.89,57.95,0.78,3786,0.7371929893416684,347
Switzerland,2014,CHE,Europe and Central Asia,26.04,100,86,0.81,4.83,0.43,0.34,100.93649611111113,56.3,2.17,3787,0.7172993438928467,609
Switzerland,2015,CHE,Europe and Central Asia,25.86,100,86,0.81,4.8,0.43,0.34,101.47,54.16,1.97,3788,0.7258900333054131,476
Switzerland,2016,CHE,Europe and Central Asia,26.57,100,86,0.81,4.92,0.43,0.35,102.57,52.52,1.86,3789,0.7315341243182627,402
Switzerland,2017,CHE,Europe and Central Asia,26.41,100,85,0.81,4.8,0.43,0.36,102.49,52.98,1.84,3790,0.7317156297830538,399
Switzerland,2018,CHE,Europe and Central Asia,27.98,100,85,0.81,4.71,0.42,0.35,102.57,52.67,2.34,3791,0.7213351717880084,556
Switzerland,2019,CHE,Europe and Central Asia,25.29,100,85,0.81,4.39,0.41,0.35,102.34,53.5,2.1,3792,0.7282592307444601,447
Switzerland,2020,CHE,Europe and Central Asia,21.97,100,85,0.8,4.82,0.41,0.3506066666666669,102.56,50.612553455433414,2.51,3793,0.7258349208090171,477
Switzerland,2021,CHE,Europe and Central Asia,24.63862457639746,99.59881000000001,84,0.8,5.1,0.41,0.3590233333333333,105.05609666666662,51.903766847041815,1.18,3794,0.748398583802627,259
Switzerland,2022,CHE,Europe and Central Asia,24.55789573024362,99.63787666666667,82,0.8,5.233347396444626,0.429952647559337,0.36557666666666677,108.39322833333331,49.93767300088797,2.8,3795,0.7179080000860424,600
Syria,2000,SYR,Middle East and North Africa,64.33,82.75,29.020666666666667,0.07,9.6,0.64,0.1,43.85,12.02,0.67,3796,0.5913199041498827,3837
Syria,2001,SYR,Middle East and North Africa,58.38,82.93,27.483833333333333,0.07,11.63,0.64,0.1,45.44,11.34,1.16,3797,0.5840317141824576,3931
Syria,2002,SYR,Middle East and North Africa,54.18,83.11,29.46983333333333,0.06,10.95,0.64,0.11,47.25,9.55,0.87,3798,0.5957414268459806,3778
Syria,2003,SYR,Middle East and North Africa,51.74,83.29,34,0.07,10.28,0.65,0.12,62.8,11.15,0.54,3799,0.6099443691790213,3498
Syria,2004,SYR,Middle East and North Africa,52.02,83.47,34,0.06,9.57,0.65,0.11,66.27,10.87,0.64,3800,0.6113244636560602,3469
Syria,2005,SYR,Middle East and North Africa,49.5,83.64,34,0.05,8.87,0.65,0.11,69.75,10.71,0.23,3801,0.6193866706534394,3324
Syria,2006,SYR,Middle East and North Africa,51.46,83.81,29,0.05,8.17,0.65,0.1,70.82,10.77,1.02,3802,0.6095948092925033,3506
Syria,2007,SYR,Middle East and North Africa,51.92,83.98,24,0.05,8.42,0.65,0.09,71.71,12.82,0.79,3803,0.6042466035664358,3624
Syria,2008,SYR,Middle East and North Africa,53.01,84.15,21,0.05,10.94,0.65,0.1,72.02,12.85,1.03,3804,0.5910279988601916,3839
Syria,2009,SYR,Middle East and North Africa,54,84.32,26,0.05,8.14,0.65,0.09,71.37,11.97,0.64,3805,0.6073916368023831,3554
Syria,2010,SYR,Middle East and North Africa,54,84.49,25,0.05,8.61,0.65,0.09,72.18,11.92,2.48,3806,0.5878247552977451,3879
Syria,2011,SYR,Middle East and North Africa,53.37,84.42,26,0.06,8.63,0.65,0.1,74.52,11.75,0.66,3807,0.6087841629144616,3524
Syria,2012,SYR,Middle East and North Africa,53.69,84.35,26,0.05,8.86,0.65,0.11,77.87,9.88,1.04,3808,0.6072339534727663,3557
Syria,2013,SYR,Middle East and North Africa,50.85095273809524,84.3,17,0.05,8.86,0.65,0.12,52.53,8.45,1.38,3809,0.5937843658864395,3807
Syria,2014,SYR,Middle East and North Africa,51.80705273809524,84.24,20,0.05,8.74,0.65,0.13,65.36854666666663,8.17,1.21,3810,0.6022448948793239,3665
Syria,2015,SYR,Middle East and North Africa,49.55386940476191,84.46,18,0.05,8.72,0.65,0.13,70.42770499999997,10.97,1.32,3811,0.5999567629604732,3698
Syria,2016,SYR,Middle East and North Africa,47.905462738095245,84.67,13,0.05,8.77,0.65,0.13,72.48490333333332,11.09,1.8,3812,0.5930510914063472,3817
Syria,2017,SYR,Middle East and North Africa,47.717802738095244,84.89,14,0.05,8.75,0.65,0.13,70.97228999999999,11.55,1.14,3813,0.5992547329550836,3706
Syria,2018,SYR,Middle East and North Africa,45.5343344047619,85.02,13,0.06,8.75,0.65,0.13,73.52892833333333,11.19,2.39,3814,0.5896864001991883,3854
Syria,2019,SYR,Middle East and North Africa,45.26041107142858,85.12,13,0.05,8.74,0.65,0.13,74.31240499999998,11,1.56,3815,0.5977592783806598,3741
Syria,2020,SYR,Middle East and North Africa,43.95457940476192,85.21,14,0.05,10.01,0.65,0.13646166666666684,76.57002166666666,14.22164949275362,1.87,3816,0.5894628503284098,3859
Syria,2021,SYR,Middle East and North Africa,43.46846273809526,85.46531917454766,13,0.05,9.82,0.65,0.13684000000000018,77.24026166666667,14.484116159420285,2.24,3817,0.5859299801560973,3906
Syria,2022,SYR,Middle East and North Africa,45.67804742063493,85.15820453002554,13,0.05,9.158457957162405,0.6425024509803915,0.13155285714285736,74.15101833333333,11.974509999999999,1.54,3818,0.5960413636887605,3773
Taiwan,2000,TWN,East Asia and Pacific,17.70652911764706,67.73005753663004,55,0.54,5.308987672787801,0.57,0.31,87.88379750000004,34.16,0.43,3819,0.7219144010801288,542
Taiwan,2001,TWN,East Asia and Pacific,17.552702450980398,67.72084586996337,59,0.54,5.380376006121134,0.59,0.31,88.48038749999999,31.31,0.78,3820,0.7222265610297531,534
Taiwan,2002,TWN,East Asia and Pacific,17.6996124509804,69.1642436904762,56,0.56,5.4683781489782755,0.59,0.31,88.50682583333334,31.68,0.92,3821,0.7183601329943048,593
Taiwan,2003,TWN,East Asia and Pacific,19.258742450980392,68.71627975885227,57,0.55,5.4477531489782764,0.61,0.31,89.00249750000003,32.59,0.87,3822,0.713783467153823,649
Taiwan,2004,TWN,East Asia and Pacific,19.180499117647063,69.06964052808304,56,0.58,5.360436839454467,0.61,0.32,90.40135892857147,37.38,0.44,3823,0.7153854668591421,631
Taiwan,2005,TWN,East Asia and Pacific,19.560699117647058,68.6125915995116,59,0.58,5.309074788172414,0.62,0.32,90.96656559523812,37.79,0.66,3824,0.7130164930807495,659
Taiwan,2006,TWN,East Asia and Pacific,19.809525784313724,68.52265112332113,59,0.58,5.263701741953927,0.62,0.32,91.21492559523813,36.44,0.72,3825,0.7144505101786693,642
Taiwan,2007,TWN,East Asia and Pacific,20.350652450980395,68.25577445665448,57,0.58,5.315549793901979,0.62,0.33,93.23525726190479,39.25,0.79,3826,0.7082354799017417,731
Taiwan,2008,TWN,East Asia and Pacific,19.02243078431373,69.09421333028084,57,0.64,5.14387502478221,0.61,0.33,94.3557966666667,37.73,0.59,3827,0.7214544338609518,553
Taiwan,2009,TWN,East Asia and Pacific,19.703192450980392,69.31817094932845,56,0.63,5.234820349457534,0.61,0.34,93.20482833333331,33.04,0.79,3828,0.7239284731337324,504
Taiwan,2010,TWN,East Asia and Pacific,20.012685784313728,68.16445416361415,58,0.63,5.1487187260809115,0.63,0.34,94.1827516666667,37.88,0.54,3829,0.7182963441127124,595
Taiwan,2011,TWN,East Asia and Pacific,20.208482450980398,68.0847399969475,61,0.63,5.274664003858691,0.62,0.35,94.8518733333334,37.37,0.09,3830,0.729789191740423,420
Taiwan,2012,TWN,East Asia and Pacific,19.212855784313728,68.57951725885226,61,0.63,5.368092892747578,0.61,0.35,95.53800333333338,37.24,0.38,3831,0.7291942405601602,429
Taiwan,2013,TWN,East Asia and Pacific,19.29343189542484,68.33898365079365,61,0.61,5.62300122608091,0.61,0.35,96.7867266666667,35.18,0.69,3832,0.7265088319383735,466
Taiwan,2014,TWN,East Asia and Pacific,20.300283562091508,67.4496688888889,61,0.61,5.62365122608091,0.63,0.36,97.82348833333337,35.62,0.7,3833,0.7221824232774878,535
Taiwan,2015,TWN,East Asia and Pacific,18.450907450980395,68.53238198412699,62,0.6,5.6952381308428155,0.61,0.36,98.38613833333336,34.63,0.72,3834,0.7289253480128006,434
Taiwan,2016,TWN,East Asia and Pacific,21.939549117647065,68.45327888888889,61,0.63,5.878474718144402,0.62,0.36,100.40552333333336,34.57,1.01,3835,0.7218245259591632,545
Taiwan,2017,TWN,East Asia and Pacific,20.372312450980395,70.52553948412701,63,0.63,6.448872937731834,0.61,0.36,99.51219833333334,35.71,1.35,3836,0.717099486566417,613
Taiwan,2018,TWN,East Asia and Pacific,20.686782450980395,69.35639115079366,63,0.67,6.190311877125774,0.61,0.36,100.49822333333333,36.62,1.11,3837,0.7229892555856625,519
Taiwan,2019,TWN,East Asia and Pacific,20.309734117647064,69.97359281746034,65,0.65,6.380290210459107,0.61,0.36,99.47921166666667,35.14,1.3,3838,0.721962439302443,539
Taiwan,2020,TWN,East Asia and Pacific,20.37507078431373,72.9765351984127,65,0.63,6.7392770286409265,0.61,0.35983833333333304,99.54410666666668,36.08287833333335,1.73,3839,0.7109585359855772,686
Taiwan,2021,TWN,East Asia and Pacific,20.39861578431373,73.27422686507937,68,0.63,7.135112028640927,0.61,0.36086999999999975,99.34084166666668,35.90193500000001,1.9,3840,0.7089246312598386,714
Taiwan,2022,TWN,East Asia and Pacific,18.65233078431373,71.29706615079367,68,0.66,6.72501521045911,0.5914803019045222,0.3534316666666664,98.9886116666667,35.37290666666668,1.38,3841,0.725907276556396,475
Tajikistan,2000,TJK,Europe and Central Asia,79.15,35.99,20.4635,0.1,15.13,0.51,0.23,72.88,2.47,0.94,3842,0.5848420253308846,3925
Tajikistan,2001,TJK,Europe and Central Asia,76.52,37.02,20.88166666666666,0.1,14.77,0.52,0.23,74.9,2.57,1.41,3843,0.5842390791139006,3928
Tajikistan,2002,TJK,Europe and Central Asia,78.17,38.08,19.653166666666667,0.1,14.41,0.53,0.23,77.39,2.57,1.21,3844,0.5854545032268773,3915
Tajikistan,2003,TJK,Europe and Central Asia,73.3,39.16,18,0.1,14.02,0.54,0.23,79.8,2.74,0.5,3845,0.5952508001551591,3782
Tajikistan,2004,TJK,Europe and Central Asia,71.74,40.26,20,0.1,13.61,0.54,0.24,80.46,3.16,1.3,3846,0.5931110004246305,3815
Tajikistan,2005,TJK,Europe and Central Asia,66.1,41.39,21,0.09,13.12,0.54,0.24,80.32,2.98,0.76,3847,0.6042570742517837,3623
Tajikistan,2006,TJK,Europe and Central Asia,68.79,42.55,22,0.09,12.73,0.53,0.24,81.02,3.4,1.57,3848,0.5979514653837702,3731
Tajikistan,2007,TJK,Europe and Central Asia,70.61,43.73,21,0.09,12.36,0.53,0.23,82.45,3.23,1.2,3849,0.600945333182773,3682
Tajikistan,2008,TJK,Europe and Central Asia,68.58,44.93,20,0.09,11.98,0.53,0.23,83.49,3.32,0.91,3850,0.6061834996595237,3576
Tajikistan,2009,TJK,Europe and Central Asia,69.64,46.16,20,0.09,11.5,0.53,0.23,84.08,3.42,0.81,3851,0.608326866972858,3537
Tajikistan,2010,TJK,Europe and Central Asia,70.43,47.41,21,0.08,10.89,0.53,0.23,84.73,3.56,1.34,3852,0.6053879077833035,3595
Tajikistan,2011,TJK,Europe and Central Asia,62.54,48.69,23,0.08,10.24,0.53,0.24,85.6,3.76,1.44,3853,0.6151101291937308,3402
Tajikistan,2012,TJK,Europe and Central Asia,63.94,50,22,0.07,9.57,0.53,0.24,87.05,3.98,-0.03,3854,0.6279466519006631,3065
Tajikistan,2013,TJK,Europe and Central Asia,61.91,51.35,22,0.06,8.9,0.53,0.25,88.5,4.16,1.26,3855,0.6210505690203916,3284
Tajikistan,2014,TJK,Europe and Central Asia,62.19,52.73,23,0.06,8.23,0.53,0.26,85.70840500000003,4.35,0.46,3856,0.6309256663574447,2961
Tajikistan,2015,TJK,Europe and Central Asia,62.58,54.14,26,0.05,7.55,0.52,0.26,85.64540500000001,4.21,1.3,3857,0.6279135296218378,3066
Tajikistan,2016,TJK,Europe and Central Asia,66,55.59,25,0.05,6.9,0.54,0.27,85.2528866666667,4.22,1.65,3858,0.6221362194174934,3252
Tajikistan,2017,TJK,Europe and Central Asia,63.15,57.07,21,0.06,6.95,0.54,0.27,84.75051333333333,4.21,1.29,3859,0.6256248011150096,3155
Tajikistan,2018,TJK,Europe and Central Asia,68.42,58.58,25,0.05,7,0.55,0.26,82.22763500000002,4.18,1.66,3860,0.6181400961158631,3346
Tajikistan,2019,TJK,Europe and Central Asia,71.22,60.12,25,0.06,7.04,0.55,0.26,82.98608333333337,4.21,1.33,3861,0.6203541998770586,3301
Tajikistan,2020,TJK,Europe and Central Asia,65.16,60.2,25,0.06,7.49,0.55,0.2638816666666667,81.48869500000002,5.419523333333331,1.03,3862,0.6252102290764869,3168
Tajikistan,2021,TJK,Europe and Central Asia,64.26804916666666,59.18192492063489,25,0.06,7.74,0.55,0.2647066666666667,82.44890500000002,5.27817333333333,0.95,3863,0.6261233632758061,3136
Tajikistan,2022,TJK,Europe and Central Asia,64.02293916666666,65.39265361111114,24,0.05,8.028633576408973,0.541770990338164,0.2773666666666667,82.35705666666667,15.334291666666672,2.07,3864,0.604750783433583,3613
Tanzania,2000,TZA,Sub-Saharan Africa,38.47,0.83,25,0.32,3.07,0.57,0.24,23.351785000000003,4.07,0.53,3865,0.6455096584278865,2400
Tanzania,2001,TZA,Sub-Saharan Africa,40.91,0.86,22,0.29,2.99,0.57,0.23,23.622374999999998,4.38,0.43,3866,0.6396920271885739,2651
Tanzania,2002,TZA,Sub-Saharan Africa,42.52,0.89,27,0.29,3.03,0.58,0.24,25.376806666666667,4.5,0.65,3867,0.6410714591451524,2591
Tanzania,2003,TZA,Sub-Saharan Africa,40.01,0.92,25,0.29,3.1,0.58,0.24,25.673185000000004,4.76,1.01,3868,0.6376108785818544,2729
Tanzania,2004,TZA,Sub-Saharan Africa,37.37,1.72,28,0.29,3.15,0.59,0.24,25.65001333333333,4.61,0.9,3869,0.6418068932586671,2553
Tanzania,2005,TZA,Sub-Saharan Africa,33.71,2.58,29,0.29,3.22,0.59,0.24,25.966588333333323,4.85,1.04,3870,0.6434343852137931,2497
Tanzania,2006,TZA,Sub-Saharan Africa,25.77,3.82,29,0.31,3.3,0.59,0.25,25.697279999999996,4.64,0.84,3871,0.6519514266200136,2187
Tanzania,2007,TZA,Sub-Saharan Africa,28.47,5.51,32,0.31,3.02,0.6,0.25,25.76981166666667,4.72,0.77,3872,0.6537452673963003,2137
Tanzania,2008,TZA,Sub-Saharan Africa,32.59,7.33,30,0.31,2.77,0.6,0.25,25.644501666666667,4.82,0.46,3873,0.6535887627739825,2141
Tanzania,2009,TZA,Sub-Saharan Africa,34.65,9.28,26,0.31,2.5,0.59,0.25,27.993278333333336,4.71,0.89,3874,0.6487315940166237,2290
Tanzania,2010,TZA,Sub-Saharan Africa,31.89,11.35,27,0.31,2.99,0.59,0.26,31.65,4.74,1.01,3875,0.6515519975595384,2194
Tanzania,2011,TZA,Sub-Saharan Africa,27.95,13.55,30,0.31,3.47,0.59,0.26,32.297523333333324,4.85,0.72,3876,0.6586189289107471,1976
Tanzania,2012,TZA,Sub-Saharan Africa,24.69,15.88,35,0.31,3.26,0.59,0.27,32.45259999999998,4.84,0.82,3877,0.6655598077881492,1776
Tanzania,2013,TZA,Sub-Saharan Africa,24.09,18.34,33,0.31,2.93,0.6,0.28,32.79736166666666,4.97,0.89,3878,0.6646552719250561,1799
Tanzania,2014,TZA,Sub-Saharan Africa,25.98,20.92,31,0.31,2.12,0.6,0.29,30.75,4.85,0.94,3879,0.6639496223163773,1824
Tanzania,2015,TZA,Sub-Saharan Africa,25.83,23.64,30,0.3,2.14,0.6,0.3,27.14,5.05,1.1,3880,0.6602947685715836,1925
Tanzania,2016,TZA,Sub-Saharan Africa,21.89,26.48,32,0.27,2.15,0.61,0.31,26.71,4.94,1,3881,0.6625890452905404,1866
Tanzania,2017,TZA,Sub-Saharan Africa,21.35,29.44,36,0.27,2.17,0.61,0.31,27.35,5.1,1.45,3882,0.662320304360496,1874
Tanzania,2018,TZA,Sub-Saharan Africa,20.84,32.54,36,0.27,2.2,0.61,0.32,29.44,5.21,1.06,3883,0.6688826003771393,1699
Tanzania,2019,TZA,Sub-Saharan Africa,21.91,35.77,37,0.26,2.21,0.61,0.33,30.83,5.11,1.4,3884,0.6667566236274316,1746
Tanzania,2020,TZA,Sub-Saharan Africa,23.1,36.1,38,0.26,2.78,0.61,0.3129366666666665,31.42,5.2024138095238115,1.09,3885,0.668296397008161,1716
Tanzania,2021,TZA,Sub-Saharan Africa,25.748458333333325,27.856173412698414,39,0.26,2.74,0.61,0.3074183333333331,28.67,5.318076666666668,1.13,3886,0.6635422909229636,1843
Tanzania,2022,TZA,Sub-Saharan Africa,26.19372999999999,26.46853031746032,38,0.26,2.9213588085238844,0.6120538095238094,0.30072833333333315,31.152133333333335,5.161046666666668,0.91,3887,0.6645682759247545,1803
Thailand,2000,THA,East Asia and Pacific,34.19,89.06,32,0.24,2.39,0.66,0.34,68.25056333333333,14.08,0.14,3888,0.6784357414811608,1446
Thailand,2001,THA,East Asia and Pacific,33.99,89.5,32,0.26,2.6,0.68,0.34,62.86,15.72,0.73,3889,0.6678823746554265,1726
Thailand,2002,THA,East Asia and Pacific,27.9,89.94,32,0.26,1.82,0.66,0.34,64.94,15.66,0.73,3890,0.6774174288350451,1474
Thailand,2003,THA,East Asia and Pacific,27.17,90.37,33,0.25,1.54,0.67,0.34,70.33328333333334,17.34,0.87,3891,0.6761714311170351,1510
Thailand,2004,THA,East Asia and Pacific,26.41,90.8,36,0.25,1.51,0.66,0.34,68.35,18.68,0.63,3892,0.6813230911616976,1363
Thailand,2005,THA,East Asia and Pacific,27.58,91.55,38,0.24,1.35,0.65,0.34,73.63,16.42,0.97,3893,0.684152919188996,1271
Thailand,2006,THA,East Asia and Pacific,17.66,92.3,36,0.13,1.22,0.65,0.34,74.18,19.21,0.77,3894,0.6760307366428184,1514
Thailand,2007,THA,East Asia and Pacific,14.81,93.03,33,0.13,1.18,0.65,0.33,79.34,19.96,0.64,3895,0.6767206078333677,1495
Thailand,2008,THA,East Asia and Pacific,14.7,93.76,35,0.21,1.18,0.65,0.34,79.22,20.89,0.5,3896,0.6883235663018943,1170
Thailand,2009,THA,East Asia and Pacific,15.9,94.47,34,0.21,1.49,0.64,0.33,80.82,19.08,0.61,3897,0.6884461991185362,1169
Thailand,2010,THA,East Asia and Pacific,14.5,95.16,35,0.21,0.62,0.65,0.33,82.43,22.35,1.41,3898,0.6787680732422738,1430
Thailand,2011,THA,East Asia and Pacific,13.01,95.83,34,0.23,0.66,0.64,0.34,85.01,22.13,0.36,3899,0.6953204499819897,998
Thailand,2012,THA,East Asia and Pacific,13.42,96.48,37,0.24,0.58,0.64,0.34,83.76,23.73,1.02,3900,0.6901300343386888,1142
Thailand,2013,THA,East Asia and Pacific,12.54,97.12,35,0.21,0.25,0.62,0.34,82,23.68,1.23,3901,0.685860221115179,1228
Thailand,2014,THA,East Asia and Pacific,12.86,97.76,38,0.07,0.58,0.63,0.34,120.33,23.2,0.85,3902,0.687581598332233,1186
Thailand,2015,THA,East Asia and Pacific,11.91,98.37,38,0.07,0.6,0.6,0.34,120.65,21.27,1.39,3903,0.6877526936649826,1183
Thailand,2016,THA,East Asia and Pacific,10.81,98.89,35,0.08,0.69,0.61,0.34,118.63,21.95,1.66,3904,0.6807453135010266,1383
Thailand,2017,THA,East Asia and Pacific,11.84,99.53,37,0.09,0.83,0.61,0.34,104.81,22.31,1.2,3905,0.684454094988805,1260
Thailand,2018,THA,East Asia and Pacific,10.11,99.85,36,0.1,0.77,0.6,0.34,105.29,23.05,0.95,3906,0.68905875987025,1161
Thailand,2019,THA,East Asia and Pacific,8.51,99.96,36,0.11,0.72,0.59,0.34,104.97,22.52,1.86,3907,0.6814203851079604,1360
Thailand,2020,THA,East Asia and Pacific,10.54,100,36,0.11,1.1,0.59,0.3341378787878787,104.15,42.39445904761903,1.6,3908,0.6584772861749503,1982
Thailand,2021,THA,East Asia and Pacific,18.92072833333333,95.06470539682543,35,0.11,0.99,0.59,0.3334712121212121,98.02,21.16175,1.11,3909,0.6832436113963655,1300
Thailand,2022,THA,East Asia and Pacific,14.237568333333327,96.11714039682543,36,0.11,0.937856468819271,0.5927346338281607,0.3324245454545454,98.42500500000004,25.476080476190464,1.01,3910,0.6828388720773472,1312
Timor-Leste,2000,TLS,East Asia and Pacific,15.321464285714287,54.47190065781442,28.394333333333336,0.307871735443779,3.45,0.59,0.23,50.43839666666668,16.91407571428572,0.3850346918508667,3911,0.6726344138407985,1610
Timor-Leste,2001,TLS,East Asia and Pacific,15.763269285714289,55.487887324481086,29.59083333333333,0.27715173544377886,3.4,0.59,0.23,37.88,17.316732380952377,0.6462740352784471,3912,0.6624864077813493,1870
Timor-Leste,2002,TLS,East Asia and Pacific,34.69453333333334,33.01,28.688999999999997,0.25,3.62,0.58,0.23,43.81,14.040709047619053,0.6561154395604397,3913,0.6499192843653979,2244
Timor-Leste,2003,TLS,East Asia and Pacific,40.93,34.06,27.4985,0.26,3.56,0.56,0.23,47,9.993125714285718,0.55,3914,0.6543464477647211,2113
Timor-Leste,2004,TLS,East Asia and Pacific,34.59,35.12,28.449166666666667,0.26,3.51,0.55,0.25,56.18,15.117957380952385,0.62,3915,0.660536926210345,1922
Timor-Leste,2005,TLS,East Asia and Pacific,33.2,36.16,29.939,0.31,3.47,0.54,0.26,54.98,15.426677380952382,1.22,3916,0.6622228072834798,1878
Timor-Leste,2006,TLS,East Asia and Pacific,22.02,37.21,26,0.31,3.52,0.53,0.26,56.0269,14.897677380952382,0.32,3917,0.6765077474490822,1496
Timor-Leste,2007,TLS,East Asia and Pacific,18.26,38.25,26,0.33,3.35,0.52,0.26,56.463195000000006,15.797655714285725,0.59,3918,0.6787075348662003,1432
Timor-Leste,2008,TLS,East Asia and Pacific,11.52,39.3,22,0.34,3.32,0.52,0.26,51.48,15.488982380952388,0.3,3919,0.6796537920290454,1412
Timor-Leste,2009,TLS,East Asia and Pacific,8.84,42.07,22,0.34,3.31,0.53,0.25,61.22,16.05369666666667,0.73,3920,0.6794301494562223,1419
Timor-Leste,2010,TLS,East Asia and Pacific,11.56,44.93,25,0.35,3.3,0.53,0.25,62.38,15.00008833333334,0.97,3921,0.6820789177584224,1338
Timor-Leste,2011,TLS,East Asia and Pacific,9.92,47.88,24,0.35,3.55,0.53,0.25,65.57,17.540628333333334,-0.08,3922,0.690964578243624,1115
Timor-Leste,2012,TLS,East Asia and Pacific,9.49,50.92,33,0.36,3.78,0.53,0.24,66.79,19.391453333333335,0.1,3923,0.698385062454367,923
Timor-Leste,2013,TLS,East Asia and Pacific,6.97,54.05,30,0.35,4.01,0.53,0.24,65.93,18.385641666666665,0.68,3924,0.6901589311225048,1141
Timor-Leste,2014,TLS,East Asia and Pacific,7.91,57.26,28,0.34,4.21,0.53,0.23,68.4,19.887958333333334,0.58,3925,0.6867092518998082,1205
Timor-Leste,2015,TLS,East Asia and Pacific,7.36,60.56,28,0.35,4.45,0.53,0.22,72.38,21.44066666666666,0.74,3926,0.6853762823911451,1237
Timor-Leste,2016,TLS,East Asia and Pacific,7.9,63.94,35,0.36,4.66,0.53,0.21,77.01,22.802961666666658,1.88,3927,0.6782459811967076,1455
Timor-Leste,2017,TLS,East Asia and Pacific,8.34,67.4,38,0.39,4.75,0.53,0.21,81.03,19.994600000000002,1.15,3928,0.6993732633728957,902
Timor-Leste,2018,TLS,East Asia and Pacific,10.16,70.94,35,0.41,4.72,0.53,0.21,83.62,21.117708333333336,0.96,3929,0.7004283405329943,878
Timor-Leste,2019,TLS,East Asia and Pacific,10.49,72.42,38,0.41,4.45,0.53,0.22,86.53,21.385079999999995,1.17,3930,0.7037599132396962,810
Timor-Leste,2020,TLS,East Asia and Pacific,6.68,73.89,40,0.4,4.8,0.53,0.26282000000000005,86.78,25.125261666666677,2,3931,0.6926136430704716,1076
Timor-Leste,2021,TLS,East Asia and Pacific,8.522445238095239,68.22972940476187,41,0.4,4.97,0.53,0.2464066666666667,84.70361000000001,23.018271666666664,1.42,3932,0.7005026354054428,874
Timor-Leste,2022,TLS,East Asia and Pacific,10.10349523809524,69.05532523809525,42,0.43,4.095155626306529,0.5302243376068381,0.23999000000000006,85.16494166666665,23.408518333333333,1.32,3933,0.7071746936683815,754
Togo,2000,TGO,Sub-Saharan Africa,76.81,9.96,22.339666666666666,0.12,4.06,0.61,0.25,32.03,4.13,0.52,3934,0.6026993107154256,3663
Togo,2001,TGO,Sub-Saharan Africa,75.56,10.38,22.46966666666667,0.13,4.07,0.61,0.24,34.92,4.3,0.64,3935,0.6038304111070267,3634
Togo,2002,TGO,Sub-Saharan Africa,74.7,10.81,22.641333333333332,0.13,4.08,0.61,0.25,39.21,4.42,0.73,3936,0.6057605447328527,3587
Togo,2003,TGO,Sub-Saharan Africa,72.99,11.24,23.0315,0.13,4.09,0.61,0.25,41.65,4.79,0.97,3937,0.605866763267979,3584
Togo,2004,TGO,Sub-Saharan Africa,70.48,11.68,22.89516666666666,0.12,4.19,0.61,0.24,43.43,4.85,0.7,3938,0.6088396708091602,3521
Togo,2005,TGO,Sub-Saharan Africa,68.78,12.13,23.794999999999995,0.15,4.26,0.61,0.23,46.16,5.09,0.93,3939,0.611110451650876,3475
Togo,2006,TGO,Sub-Saharan Africa,66.54,12.59,24,0.15,4.23,0.61,0.22,48.39,5.01,0.97,3940,0.612972607141336,3447
Togo,2007,TGO,Sub-Saharan Africa,66.7,13.05,23,0.17,3.82,0.61,0.22,45.41,5.64,0.85,3941,0.6143294755013029,3413
Togo,2008,TGO,Sub-Saharan Africa,65.99,13.52,27,0.2,3.33,0.62,0.21,37.26940166666666,5.18,0.71,3942,0.618607972370953,3339
Togo,2009,TGO,Sub-Saharan Africa,65.25,14,28,0.2,2.88,0.62,0.21,39.93478,5.5,0.88,3943,0.6203979798021958,3300
Togo,2010,TGO,Sub-Saharan Africa,62.13,14.49,24,0.19,2.43,0.63,0.21,44.992903333333345,5.91,1.25,3944,0.6174851375209272,3360
Togo,2011,TGO,Sub-Saharan Africa,62.17,14.99,24,0.19,1.98,0.63,0.2,55.76,5.65,0.87,3945,0.6252529122856596,3165
Togo,2012,TGO,Sub-Saharan Africa,59.29,15.51,30,0.19,2.03,0.63,0.21,55.83,7.8,0.57,3946,0.6331097568914283,2890
Togo,2013,TGO,Sub-Saharan Africa,57.87,16.03,29,0.2,2.09,0.62,0.21,54.6,6.73,0.75,3947,0.634239450024158,2853
Togo,2014,TGO,Sub-Saharan Africa,57.3,16.56,29,0.2,2.14,0.61,0.21,52.98,6.9,0.92,3948,0.6334776881422132,2871
Togo,2015,TGO,Sub-Saharan Africa,57.51,17.11,32,0.2,2.2,0.6,0.21,56,6.6,1.1,3949,0.6362587288599842,2770
Togo,2016,TGO,Sub-Saharan Africa,63.23,17.66,32,0.2,2.96,0.61,0.21,56.2,6.41,1.13,3950,0.6290978164351112,3018
Togo,2017,TGO,Sub-Saharan Africa,62.27,18.23,32,0.18,3.74,0.61,0.22,61.85,6.36,1.24,3951,0.6278360509232136,3068
Togo,2018,TGO,Sub-Saharan Africa,65.58,18.81,30,0.22,3.72,0.61,0.22,53.86144166666667,6.45,1.12,3952,0.625503222625137,3159
Togo,2019,TGO,Sub-Saharan Africa,67.19,19.39,29,0.25,3.71,0.61,0.22,52.65471333333334,6.49,1.27,3953,0.6240910067421063,3203
Togo,2020,TGO,Sub-Saharan Africa,61.49,19.56,29,0.29,4.03,0.61,0.22427666666666668,52.386056666666676,5.997670238095241,1.13,3954,0.6326107931834806,2905
Togo,2021,TGO,Sub-Saharan Africa,49.370955555555526,27.374091865079368,30,0.27,4.18,0.61,0.22882833333333338,64.28,5.6840352380952375,1.55,3955,0.6431361459681114,2509
Togo,2022,TGO,Sub-Saharan Africa,48.79043388888886,22.24255249999999,30,0.27,3.5696966184940595,0.6106976192177274,0.22590333333333337,50.5129226190476,5.729491904761907,0.98,3956,0.6443171072766641,2458
Tonga,2000,TON,East Asia and Pacific,14.49,97.65,39.859666666666676,0.27351898213409254,4.1,0.5792931832815038,0.26,106.64,43.187967380952365,0.27,3957,0.6808959303592476,1377
Tonga,2001,TON,East Asia and Pacific,12.06,97.65,40.354333333333344,0.2830057281658386,4.33,0.5760900880434086,0.26,106.13,41.88671904761905,0.56,3958,0.6820423501623281,1339
Tonga,2002,TON,East Asia and Pacific,12.37,97.65,40.67633333333334,0.27885746464831024,4.64,0.5778930550763753,0.26,110.63,41.296174047619054,0.78,3959,0.6803969927149123,1394
Tonga,2003,TON,East Asia and Pacific,12.78,97.65,40.87283333333334,0.2818739821340925,5.18,0.5759967547100749,0.26,119.32,41.14608904761905,0.46,3960,0.6858448434874163,1230
Tonga,2004,TON,East Asia and Pacific,9.97,97.65,40.23333333333334,0.27641822816583855,4.05,0.5782250880434086,0.27,104.64,44.14752404761904,0.63,3961,0.6787702567811936,1429
Tonga,2005,TON,East Asia and Pacific,10.64,97.69,34.77933333333334,0.26590579798164365,2.5,0.593276161728178,0.27,99.28196666666669,39.18036904761904,0.77,3962,0.678428139968552,1447
Tonga,2006,TON,East Asia and Pacific,7.91,97.73,25.849333333333334,0.2764543392769497,1.09,0.598857904707421,0.28,99.93,38.9699707142857,0.55,3963,0.6778323345205115,1467
Tonga,2007,TON,East Asia and Pacific,9.83,97.76,17,0.2729418877252333,1.18,0.6017877765022925,0.28,103.08,41.080925714285705,0.82,3964,0.6621097085524222,1884
Tonga,2008,TON,East Asia and Pacific,7.47,97.8,24,0.27620564880075915,1.21,0.5982967142312304,0.28,102.44,39.881624047619034,0.29,3965,0.6779330603468173,1464
Tonga,2009,TON,East Asia and Pacific,11.53,97.84,30,0.28631316864202905,1.48,0.5964162380407543,0.28,102.51,39.06982500000001,0.36,3966,0.6837771511182238,1281
Tonga,2010,TON,East Asia and Pacific,8.5,97.87,30,0.29186499919709485,1.47,0.5924329047074209,0.29,103.65,38.820854999999995,0.87,3967,0.6821261335906988,1337
Tonga,2011,TON,East Asia and Pacific,9.55,97.91,31,0.3036508237646842,1.45,0.5914950475645637,0.29,106.08,40.35516666666666,0.6,3968,0.6857746732920783,1233
Tonga,2012,TON,East Asia and Pacific,6.93,97.95,35.64516666666666,0.3157614049971771,1.66,0.5826237755032917,0.29,94.53,40.67582666666666,0.67,3969,0.6883057292502361,1172
Tonga,2013,TON,East Asia and Pacific,8.45,97.98,36.52400000000001,0.2878891658637615,1.77,0.5841332343777508,0.29,95.79,40.68448999999999,0.81,3970,0.6841237771926052,1273
Tonga,2014,TON,East Asia and Pacific,6.34,98.02,37.415166666666664,0.31010002056461616,1.83,0.5807871088366252,0.3,96.47,42.82595999999998,0.71,3971,0.68739411177394,1193
Tonga,2015,TON,East Asia and Pacific,6.65,98.06,37.784166666666664,0.29547502056461616,1.94,0.5829190493960658,0.3,100.86,42.80985999999998,0.76,3972,0.6866143800379767,1208
Tonga,2016,TON,East Asia and Pacific,5.38,98.09,39.21816666666667,0.2910159495390233,1.9,0.5727893849590536,0.3,96.95558833333331,43.76379999999998,1.28,3973,0.6801912691442209,1401
Tonga,2017,TON,East Asia and Pacific,5.32,98.13,40.08800000000001,0.31110309239616624,2.07,0.5776229468319631,0.31,97.21626999999997,43.897233333333325,1.08,3974,0.6852307261482294,1241
Tonga,2018,TON,East Asia and Pacific,5.64,98.16,39.76650000000001,0.3017075785621741,2.25,0.5804362801652964,0.31,97.30619833333333,44.270508333333325,1.02,3975,0.6832151295393959,1301
Tonga,2019,TON,East Asia and Pacific,5.4,98.2,41.24500000000001,0.28565453287235654,2.24,0.5630989782439787,0.31,94.09,41.401496666666645,1.6,3976,0.6806875972752136,1385
Tonga,2020,TON,East Asia and Pacific,5,98.24,43.905166666666666,0.30792053287235654,2.65,0.560508211108749,0.2924633333333332,88.14,45.76416166666666,1.4,3977,0.6774862147185648,1472
Tonga,2021,TON,East Asia and Pacific,15.22395269230769,81.25507745088247,38.59033333333333,0.329100235253309,2.67,0.5730322636021493,0.26653833333333327,85.77547333333334,21.059779999999996,1.19,3978,0.6993286582024744,905
Tonga,2022,TON,East Asia and Pacific,11.038081025641027,95.25113113053611,38.710499999999996,0.2936388880859836,2.0586457416410067,0.5821562801652964,0.2952683333333333,89.44176500000002,24.240446666666664,0.85,3979,0.7041839325021789,804
Trinidad And Tobago,2000,TTO,Latin America and Caribbean,57.35,82.76,39.557166666666674,0.5,12.1,0.68,0.32,85.5702966666667,61.04,0.51,3980,0.5831060141328459,3947
Trinidad And Tobago,2001,TTO,Latin America and Caribbean,51.31,83.85,53,0.47,10.88,0.69,0.33,87.69939166666667,63.46,0.72,3981,0.5960498053122066,3772
Trinidad And Tobago,2002,TTO,Latin America and Caribbean,52.29,84.94,49,0.48,10.39,0.69,0.34,86.85443333333336,64.04,0.6,3982,0.595963807201815,3775
Trinidad And Tobago,2003,TTO,Latin America and Caribbean,48.58,86.04,46,0.49,10.48,0.68,0.34,87.5268516666667,65.64,0.82,3983,0.5934415797635977,3812
Trinidad And Tobago,2004,TTO,Latin America and Caribbean,52.94,87.14,42,0.49,8.33,0.68,0.35,85.51,64.65,0.38,3984,0.6029413158116556,3658
Trinidad And Tobago,2005,TTO,Latin America and Caribbean,46.25,88.26,38,0.49,7.95,0.67,0.36,87.92783000000001,65.99,1.15,3985,0.5989341748140768,3710
Trinidad And Tobago,2006,TTO,Latin America and Caribbean,49.33,89.37,32,0.49,6.27,0.67,0.36,83.70743452380954,67.32,0.73,3986,0.5993201782907901,3704
Trinidad And Tobago,2007,TTO,Latin America and Caribbean,49.28,90.5,34,0.49,5.54,0.68,0.35,83.61765452380952,67.99,0.63,3987,0.6019985944108828,3668
Trinidad And Tobago,2008,TTO,Latin America and Caribbean,46.72,91.63,36,0.5,4.63,0.67,0.36,86.17159285714288,68.76,0.46,3988,0.6132472278686318,3441
Trinidad And Tobago,2009,TTO,Latin America and Caribbean,47.51,92.76,36,0.5,5.28,0.66,0.36,87.23346333333335,67.91,0.57,3989,0.6125051331237545,3450
Trinidad And Tobago,2010,TTO,Latin America and Caribbean,46.57,93.91,36,0.5,4.03,0.66,0.36,88.15438166666667,68.3,1.25,3990,0.6102049369749991,3495
Trinidad And Tobago,2011,TTO,Latin America and Caribbean,44.82,95.05,32,0.5,3.43,0.65,0.36,88.53221333333335,69.05,0.58,3991,0.6178169408598938,3352
Trinidad And Tobago,2012,TTO,Latin America and Caribbean,44.69,96.21,39,0.5,3.72,0.65,0.37,93.58545500000002,68.13,0.63,3992,0.6266753749777594,3111
Trinidad And Tobago,2013,TTO,Latin America and Caribbean,43.17,97.37,38,0.49,2.68,0.65,0.37,96.88153666666669,69.13,0.79,3993,0.6275378084766077,3075
Trinidad And Tobago,2014,TTO,Latin America and Caribbean,42.83,97.75,38,0.49,2.48,0.65,0.37,97.58874333333333,69.31,0.69,3994,0.6294788521352724,3005
Trinidad And Tobago,2015,TTO,Latin America and Caribbean,41.31,98.14,39,0.49,2.43,0.65,0.37,98.21531000000003,69.1,0.82,3995,0.6309173841071865,2962
Trinidad And Tobago,2016,TTO,Latin America and Caribbean,43.12,98.52,35,0.49,3.21,0.65,0.38,96.27257000000002,69.19,0.93,3996,0.622080601399045,3256
Trinidad And Tobago,2017,TTO,Latin America and Caribbean,40.81,98.88,41,0.49,3.31,0.65,0.38,99.30324333333333,69.61,1.18,3997,0.6261010961968304,3137
Trinidad And Tobago,2018,TTO,Latin America and Caribbean,44.89,98.88,41,0.48,3.4,0.65,0.38,98.14652499999998,69.99,0.67,3998,0.6265212274688355,3121
Trinidad And Tobago,2019,TTO,Latin America and Caribbean,46.91,98.88,40,0.48,3.52,0.64,0.38,98.62026999999996,70.44,1.19,3999,0.618522881896728,3340
Trinidad And Tobago,2020,TTO,Latin America and Caribbean,46.31,98.88,40,0.48,4.21,0.66,0.368624761904762,98.40134499999998,60.063839047619034,1.4,4000,0.6292130112468625,3016
Trinidad And Tobago,2021,TTO,Latin America and Caribbean,43.477861666666655,94.61539123015869,41,0.5,4.45,0.66,0.36275333333333326,94.75469000000001,60.09702999999997,0.95,4001,0.6361714048009071,2775
Trinidad And Tobago,2022,TTO,Latin America and Caribbean,45.07881428571428,95.09428956349204,42,0.5,4.044800358315144,0.6563629365079358,0.3648266666666666,94.18629833333334,60.93407999999997,0.71,4002,0.63888636138326,2683
Tunisia,2000,TUN,Middle East and North Africa,38.63,87.59,52,0.12,14.94,0.6,0.17,74.48,10.64,1.01,4003,0.627226049229211,3085
Tunisia,2001,TUN,Middle East and North Africa,39.45,88.01,53,0.12,14.4,0.59,0.17,76.44,10.06,1.99,4004,0.6213171076861566,3278
Tunisia,2002,TUN,Middle East and North Africa,40.2,88.42,48,0.14,14.55,0.59,0.18,77.88,10.1,1.25,4005,0.6282316645184489,3052
Tunisia,2003,TUN,Middle East and North Africa,40.9,88.83,49,0.14,14.51,0.58,0.18,77.38,9.47,1.7,4006,0.6252362069072953,3166
Tunisia,2004,TUN,Middle East and North Africa,41.52,89.23,50,0.14,14.23,0.57,0.18,81.47,9.61,0.92,4007,0.6376980867897609,2723
Tunisia,2005,TUN,Middle East and North Africa,42.12,89.61,49,0.14,12.87,0.57,0.19,84.62,9.35,1.05,4008,0.6434056162878311,2499
Tunisia,2006,TUN,Middle East and North Africa,42.67,89.98,46,0.14,12.51,0.56,0.19,86.76,9.6,1.27,4009,0.641496235785917,2572
Tunisia,2007,TUN,Middle East and North Africa,42.87,90.36,42,0.14,12.36,0.56,0.2,90.56,9.48,1.39,4010,0.6397644145616731,2649
Tunisia,2008,TUN,Middle East and North Africa,42.79,90.72,44,0.13,12.44,0.55,0.2,92.39,10.2,1.37,4011,0.6411912813123078,2583
Tunisia,2009,TUN,Middle East and North Africa,42.52,91.09,42,0.13,13.29,0.55,0.19,90.6,9.73,0.87,4012,0.6407345229462827,2610
Tunisia,2010,TUN,Middle East and North Africa,42.11,91.45,43,0.14,13.05,0.55,0.19,90.19,10.31,1.75,4013,0.6333646933484451,2878
Tunisia,2011,TUN,Middle East and North Africa,41.58,91.3,38,0.2,18.33,0.54,0.18,91.82,9.83,1.04,4014,0.6200352416633225,3311
Tunisia,2012,TUN,Middle East and North Africa,40.98,91.15,41,0.45,17.63,0.54,0.19,89.3222633333333,9.58,1.61,4015,0.6402668872467443,2627
Tunisia,2013,TUN,Middle East and North Africa,39.06,90.99,41,0.45,15.93,0.53,0.19,90.08,9.99,1.47,4016,0.6530028103123506,2155
Tunisia,2014,TUN,Middle East and North Africa,38,90.82,40,0.43,14.26,0.53,0.2,87.66,10.17,1.88,4017,0.654097117983285,2123
Tunisia,2015,TUN,Middle East and North Africa,39.5,90.65,38,0.41,15.16,0.53,0.2,88.23,10.33,1.19,4018,0.6540590005583379,2126
Tunisia,2016,TUN,Middle East and North Africa,39.69,90.47,41,0.41,15.56,0.53,0.2,92.87,9.96,1.9,4019,0.6475461269886811,2318
Tunisia,2017,TUN,Middle East and North Africa,40.51,90.24,42,0.41,15.33,0.53,0.2,90.16778166666666,10,1.38,4020,0.6546123190424046,2104
Tunisia,2018,TUN,Middle East and North Africa,41.92,89.99,43,0.49,15.46,0.53,0.2,89.24492833333326,9.97,1.51,4021,0.6577711162953686,2007
Tunisia,2019,TUN,Middle East and North Africa,42.9,89.73,43,0.48,15.13,0.53,0.2,88.89741833333328,10.07,1.34,4022,0.6598540736309959,1941
Tunisia,2020,TUN,Middle East and North Africa,36.4,89.47,44,0.47,16.37,0.53,0.2346816666666664,89.04304166666662,16.025988333333334,2.02,4023,0.6457805123027754,2385
Tunisia,2021,TUN,Middle East and North Africa,38.34378833333337,88.19662321428575,44,0.36,16.26,0.53,0.2086166666666665,88.3772683333333,13.918830555555555,2.56,4024,0.6290732195475458,3019
Tunisia,2022,TUN,Middle East and North Africa,38.21961166666669,88.92352240842497,40,0.22,14.526677198073752,0.5714993650839784,0.19096166666666647,88.15042999999996,12.51723555555556,2.29,4025,0.6223687261071674,3242
Turkiye,2000,TUR,Europe and Central Asia,28.6,89.4,38,0.35,6.5,0.64,0.16,73.6,20.88,0.52,4026,0.6670014830422791,1740
Turkiye,2001,TUR,Europe and Central Asia,23.43,89.5,36,0.36,8.38,0.64,0.17,83.78,16.47,1.52,4027,0.6606083464863474,1918
Turkiye,2002,TUR,Europe and Central Asia,20.32,89.72,32,0.4,10.36,0.64,0.18,88.29,17.61,0.79,4028,0.6640288983970452,1820
Turkiye,2003,TUR,Europe and Central Asia,18.93,89.94,31,0.41,10.54,0.63,0.18,90.09,18.34,0.3,4029,0.6702533786791234,1661
Turkiye,2004,TUR,Europe and Central Asia,20.18,90.15,32,0.42,10.84,0.62,0.15,86.86,19.05,0.59,4030,0.663785152673281,1834
Turkiye,2005,TUR,Europe and Central Asia,24.18,90.36,35,0.41,10.64,0.59,0.16,83.94,19.5,0.42,4031,0.6695682774907185,1681
Turkiye,2006,TUR,Europe and Central Asia,23.65,90.57,38,0.41,8.72,0.58,0.16,87.9,20.38,0.86,4032,0.6780085373520855,1462
Turkiye,2007,TUR,Europe and Central Asia,23.88,90.77,41,0.42,8.87,0.58,0.16,90.31,22.2,0.96,4033,0.6786792112141323,1433
Turkiye,2008,TUR,Europe and Central Asia,19.18,90.97,46,0.37,9.71,0.59,0.17,88.52,22.34,0.84,4034,0.6784157729323996,1449
Turkiye,2009,TUR,Europe and Central Asia,14.51,91.16,44,0.36,12.55,0.6,0.17,80.04,20.44,0.67,4035,0.6647069087581313,1798
Turkiye,2010,TUR,Europe and Central Asia,16.87,91.35,44,0.36,10.66,0.59,0.18,84.28,22.01,2.38,4036,0.6515077846196926,2197
Turkiye,2011,TUR,Europe and Central Asia,15.9,91.54,42,0.36,8.8,0.59,0.18,88.34,23.66,0.38,4037,0.6839145379936081,1279
Turkiye,2012,TUR,Europe and Central Asia,15.93,91.72,49,0.35,8.15,0.6,0.19,85.18,23.44,0.95,4038,0.6841238603499623,1272
Turkiye,2013,TUR,Europe and Central Asia,16.93,91.9,50,0.31,8.73,0.59,0.2,100.48,23.07,1.34,4039,0.6817023637666566,1348
Turkiye,2014,TUR,Europe and Central Asia,17.73,92.07,45,0.29,9.88,0.59,0.21,102.87,23.09,1.32,4040,0.6719193293163301,1623
Turkiye,2015,TUR,Europe and Central Asia,16.95,92.24,42,0.26,10.24,0.6,0.21,102.84,23.06,0.81,4041,0.6699754632044703,1672
Turkiye,2016,TUR,Europe and Central Asia,16.47,92.41,41,0.21,10.84,0.61,0.22,102.74,23.69,1.57,4042,0.6509995425747513,2215
Turkiye,2017,TUR,Europe and Central Asia,17.38,92.58,40,0.2,10.82,0.61,0.22,105.99,24.96,0.74,4043,0.6581000889046377,1994
Turkiye,2018,TUR,Europe and Central Asia,17.49,92.74,41,0.2,10.89,0.61,0.23,104.48,24,2.6,4044,0.6361615385298856,2776
Turkiye,2019,TUR,Europe and Central Asia,17.05,92.89,39,0.19,13.67,0.6,0.23,104.12,22.55,1.65,4045,0.6372021060709175,2745
Turkiye,2020,TUR,Europe and Central Asia,16.43,93.05,40,0.19,13.11,0.61,0.23994666666666675,104.41,23.219981666666676,1.84,4046,0.6373317475966677,2743
Turkiye,2021,TUR,Europe and Central Asia,26.87918576923076,89.9295716025641,38,0.17,11.98,0.6,0.2611772222222222,96.13565166666667,24.43819333333335,1.87,4047,0.6306153901894467,2973
Turkiye,2022,TUR,Europe and Central Asia,28.295097435897418,88.15692398351646,36,0.16,10.379379963924965,0.5901974713330148,0.2593922222222222,91.5133783333333,23.875176666666675,1.24,4048,0.6415758774749871,2568
Turkmenistan,2000,TKM,Europe and Central Asia,50.01,71.19,25.919500000000006,0.06,11.51,0.6,0.29,79.84878499999996,34.4,1.3,4049,0.583348236837569,3941
Turkmenistan,2001,TKM,Europe and Central Asia,61.27,71.71,24.525166666666674,0.06,10.64,0.6,0.29,80.12811166666667,37.54,1.53,4050,0.5709611611556608,4100
Turkmenistan,2002,TKM,Europe and Central Asia,61.14,72.24,24.95750000000001,0.06,9.71,0.6,0.28,80.93654500000001,39.39,1.8,4051,0.569419470303481,4110
Turkmenistan,2003,TKM,Europe and Central Asia,63.7,72.76,24.807833333333345,0.06,8.95,0.6,0.29,81.97436833333337,43.76,0.06,4052,0.5819849375309607,3959
Turkmenistan,2004,TKM,Europe and Central Asia,72.19,73.27,20,0.05,8.15,0.6,0.28,81.69917452380952,42.58,1.65,4053,0.5603932132250306,4198
Turkmenistan,2005,TKM,Europe and Central Asia,73.83,75.01,18,0.05,7.47,0.6,0.28,81.80209119047619,43.88,1.3,4054,0.5622479865557661,4183
Turkmenistan,2006,TKM,Europe and Central Asia,76.42,76.77,22,0.03,6.58,0.6,0.28,83.04934619047616,42.29,1.7,4055,0.5640091954835352,4164
Turkmenistan,2007,TKM,Europe and Central Asia,69,78.55,20,0.04,5.74,0.6,0.27,82.8669011904762,41.68,1.13,4056,0.5780019153945617,4006
Turkmenistan,2008,TKM,Europe and Central Asia,78.48,80.34,18,0.04,4.94,0.61,0.27,83.13025619047619,43.2,0.73,4057,0.5731265748376118,4073
Turkmenistan,2009,TKM,Europe and Central Asia,70.73,82.15,18,0.04,4,0.61,0.27,82.43642785714286,39.58,1.06,4058,0.5841453119924384,3930
Turkmenistan,2010,TKM,Europe and Central Asia,71,83.97,16,0.04,4,0.61,0.27,82.57208785714285,40.27,1.89,4059,0.5739466323745618,4062
Turkmenistan,2011,TKM,Europe and Central Asia,68.97,85.81,16,0.04,4.09,0.61,0.27,83.50710952380956,43.35,1.1,4060,0.5790642754126093,3989
Turkmenistan,2012,TKM,Europe and Central Asia,68.29,87.65,17,0.04,4.08,0.61,0.27,84.10113452380958,45.27,0.78,4061,0.5810588636499154,3963
Turkmenistan,2013,TKM,Europe and Central Asia,66.85,89.51,17,0.03,4.1,0.61,0.27,85.89077785714288,47.18,1.64,4062,0.5712641974063322,4095
Turkmenistan,2014,TKM,Europe and Central Asia,68.21,91.37,17,0.03,4.13,0.6,0.27,86.84792285714289,46,0.71,4063,0.5820531788449179,3957
Turkmenistan,2015,TKM,Europe and Central Asia,71.07,93.24,18,0.03,4.11,0.6,0.27,87.41481000000002,48.22,1.43,4064,0.5714083098066164,4093
Turkmenistan,2016,TKM,Europe and Central Asia,76.16,95.11,22,0.03,4.14,0.61,0.27,87.83345333333337,46.65,2.02,4065,0.5662967896327726,4148
Turkmenistan,2017,TKM,Europe and Central Asia,73.67,96.98,19,0.03,4.17,0.61,0.27,90.74852166666673,45.57,1.69,4066,0.5717322346174502,4090
Turkmenistan,2018,TKM,Europe and Central Asia,76.84,98.54,20,0.03,4.2,0.61,0.28,93.11807000000005,47.55,1.52,4067,0.5703229622449996,4103
Turkmenistan,2019,TKM,Europe and Central Asia,77,99.79,19,0.03,4.23,0.61,0.28,89.67,48.05,1.82,4068,0.5650460988902078,4155
Turkmenistan,2020,TKM,Europe and Central Asia,76.96,100,19,0.03,4.8,0.61,0.28120111111111107,93.27,54.87984774891774,1.53,4069,0.5571751889531797,4222
Turkmenistan,2021,TKM,Europe and Central Asia,70.44467562742815,95.62963341269848,19,0.03,4.79,0.61,0.2778877777777778,90.25312500000007,45.46624666666668,1.65,4070,0.5726115440862892,4082
Turkmenistan,2022,TKM,Europe and Central Asia,67.45384224358975,91.07837222222226,19,0.03,4.692414660302663,0.6028379396910277,0.27878611111111107,86.93532285714288,44.30203333333333,2.53,4071,0.5669028261334047,4137
Uganda,2000,UGA,Sub-Saharan Africa,43.03,2.33,23,0.22,3.55,0.64,0.21,22.627745000000004,3.04,0.27,4072,0.6269730114072661,3094
Uganda,2001,UGA,Sub-Saharan Africa,43.38,2.84,19,0.21,3.54,0.65,0.21,22.412928333333333,3.2,0.18,4073,0.6226305744596476,3237
Uganda,2002,UGA,Sub-Saharan Africa,44.01,3.37,21,0.2,3.5,0.65,0.21,24.140953333333332,3.2,0.68,4074,0.6201113745485101,3307
Uganda,2003,UGA,Sub-Saharan Africa,45.42,3.91,22,0.2,3.6,0.64,0.21,25.031473333333338,3.38,0.91,4075,0.6191728168575618,3330
Uganda,2004,UGA,Sub-Saharan Africa,38.38,4.48,26,0.21,2.75,0.64,0.23,19.37,3.3,0.68,4076,0.6302771991779853,2981
Uganda,2005,UGA,Sub-Saharan Africa,48.6,5.08,25,0.24,1.9,0.63,0.23,23.700395,3.48,1.23,4077,0.6257025192307716,3152
Uganda,2006,UGA,Sub-Saharan Africa,54.05,5.69,27,0.25,2.28,0.63,0.24,24.821526666666667,3.27,0.97,4078,0.6270376369425542,3092
Uganda,2007,UGA,Sub-Saharan Africa,54.48,6.33,28,0.25,2.72,0.63,0.26,24.64,3.63,0.46,4079,0.6315067936780521,2943
Uganda,2008,UGA,Sub-Saharan Africa,52.74,6.98,26,0.25,3.14,0.64,0.27,25.426923333333338,4.19,0.77,4080,0.6271561231504855,3088
Uganda,2009,UGA,Sub-Saharan Africa,42.85,7.66,25,0.25,3.6,0.64,0.28,26.73774833333332,4.15,1.3,4081,0.6280736713910158,3061
Uganda,2010,UGA,Sub-Saharan Africa,37.39,8.37,25,0.25,3.59,0.63,0.29,27.37,4.18,1.43,4082,0.6320838546061948,2924
Uganda,2011,UGA,Sub-Saharan Africa,33.01,9.09,24,0.24,3.49,0.62,0.29,26.31,3.97,1.1,4083,0.6374080804981763,2739
Uganda,2012,UGA,Sub-Saharan Africa,37.51,9.84,29,0.24,3.55,0.61,0.3,26.36,3.98,1.12,4084,0.6401900589916714,2631
Uganda,2013,UGA,Sub-Saharan Africa,42.52,10.61,26,0.23,1.91,0.61,0.3,27.94,3.86,1.06,4085,0.6396437173117344,2655
Uganda,2014,UGA,Sub-Saharan Africa,40.15,11.4,26,0.23,2.32,0.62,0.31,27.71,3.86,1.14,4086,0.6389908827881937,2680
Uganda,2015,UGA,Sub-Saharan Africa,39.47,12.22,25,0.23,2.75,0.62,0.31,27.855946666666654,3.89,1.16,4087,0.6376291352139644,2728
Uganda,2016,UGA,Sub-Saharan Africa,40.61,13.06,25,0.22,3.18,0.62,0.31,26.7,3.88,1.26,4088,0.6339173411147583,2862
Uganda,2017,UGA,Sub-Saharan Africa,38.09,13.93,26,0.22,3.64,0.62,0.31,24.18,3.88,1.74,4089,0.6294684938151182,3006
Uganda,2018,UGA,Sub-Saharan Africa,35.63,14.81,26,0.22,3.57,0.63,0.32,33.15713666666666,3.87,1.1,4090,0.6406411091444834,2614
Uganda,2019,UGA,Sub-Saharan Africa,38.26,15.72,28,0.21,3.55,0.63,0.33,40.51110166666666,3.84,1.62,4091,0.6384037833518377,2698
Uganda,2020,UGA,Sub-Saharan Africa,37.45,16.65,27,0.2,4.51,0.63,0.30337083333333326,41.73019833333332,4.335178333333334,1.24,4092,0.6374382304887254,2737
Uganda,2021,UGA,Sub-Saharan Africa,47.395499999999984,25.486972565387838,27,0.18,4.3,0.63,0.23216416666666662,46.96004166666664,5.208183333333334,1.5,4093,0.6268701677335544,3101
Uganda,2022,UGA,Sub-Saharan Africa,46.91890999999999,26.217510898721176,26,0.18,4.550217503710059,0.6273526466528644,0.23717583333333325,48.04097499999998,5.088866666666666,1.42,4094,0.6277568580860874,3070
Ukraine,2000,UKR,Europe and Central Asia,48.39,66.51,15,0.25,11.71,0.43,0.43,102.06,15.85,1.44,4095,0.6420780526751205,2541
Ukraine,2001,UKR,Europe and Central Asia,47.17,66.54,21,0.25,11.06,0.45,0.43,103.2,18.83,1.81,4096,0.6427534201467341,2522
Ukraine,2002,UKR,Europe and Central Asia,45.12,66.63,24,0.25,10.14,0.45,0.43,103.76,18.67,1.55,4097,0.6546840114649952,2101
Ukraine,2003,UKR,Europe and Central Asia,41.03,66.75,23,0.26,9.06,0.46,0.43,104.31,18.07,-0.25,4098,0.6811514486763879,1366
Ukraine,2004,UKR,Europe and Central Asia,41.41,69.38,22,0.26,8.59,0.47,0.43,100.31,17.97,0.93,4099,0.6686411288435312,1707
Ukraine,2005,UKR,Europe and Central Asia,37.96,72,26,0.31,7.18,0.45,0.42,95.6,19.9,1.02,4100,0.6827750753684013,1314
Ukraine,2006,UKR,Europe and Central Asia,36.13,74.59,28,0.37,6.81,0.47,0.42,96.85,21.44,0.27,4101,0.6999774815588463,888
Ukraine,2007,UKR,Europe and Central Asia,36.46,77.17,27,0.39,6.35,0.45,0.42,96.75,23.74,2.38,4102,0.6729539901747397,1601
Ukraine,2008,UKR,Europe and Central Asia,37.79,79.72,25,0.39,6.36,0.44,0.42,96.14,22.77,1.62,4103,0.683297862338165,1298
Ukraine,2009,UKR,Europe and Central Asia,37.41,82.26,22,0.38,8.84,0.42,0.43,95.32,17.52,1.61,4104,0.6780559990616913,1459
Ukraine,2010,UKR,Europe and Central Asia,41.85,84.76,24,0.29,8.1,0.4,0.43,95.58,18.14,1.65,4105,0.6718743461738612,1624
Ukraine,2011,UKR,Europe and Central Asia,46.31,87.26,23,0.28,7.85,0.4,0.42,93.5,19.76,0.58,4106,0.6772876579178125,1478
Ukraine,2012,UKR,Europe and Central Asia,43.94,89.76,26,0.28,7.53,0.39,0.42,96.44,18.98,1.96,4107,0.669339826716595,1688
Ukraine,2013,UKR,Europe and Central Asia,48.17,92.12,25,0.29,7.17,0.39,0.42,96.52,18.46,1.52,4108,0.6738343712948053,1577
Ukraine,2014,UKR,Europe and Central Asia,48.17,91.81,26,0.28,9.27,0.4,0.43,96,16.87,1.72,4109,0.6649624429796059,1790
Ukraine,2015,UKR,Europe and Central Asia,48.29,91.88,27,0.29,9.14,0.42,0.43,95.56038333333336,15.3,2.08,4110,0.6626895965149165,1864
Ukraine,2016,UKR,Europe and Central Asia,48.4,91.94,29,0.28,9.35,0.43,0.43,96.04637333333336,16.24,2.11,4111,0.6609336630532793,1910
Ukraine,2017,UKR,Europe and Central Asia,49.24,92.01,30,0.27,9.5,0.43,0.43,96.72397166666671,16.19,1.42,4112,0.6691673249713325,1692
Ukraine,2018,UKR,Europe and Central Asia,50.66,92.07,32,0.27,8.8,0.43,0.43,96.47029166666671,17.65,2.24,4113,0.6598602986024316,1940
Ukraine,2019,UKR,Europe and Central Asia,51.12,92.08,30,0.32,8.19,0.43,0.42,95.61753666666668,17.17,2.37,4114,0.6622805683349258,1875
Ukraine,2020,UKR,Europe and Central Asia,47.86,92.14,33,0.34,9.48,0.43,0.41729666666666665,94.64584333333337,18.843093809523808,3.03,4115,0.6522268123658553,2173
Ukraine,2021,UKR,Europe and Central Asia,44.567074999999996,86.6675599725275,32,0.32,9.83,0.43,0.4159616666666668,94.75627666666668,19.767739285714278,1.44,4116,0.6724914953410887,1616
Ukraine,2022,UKR,Europe and Central Asia,46.22408833333332,89.18047747252746,33,0.27,9.063151564428999,0.4280017374949611,0.42369999999999997,95.36940166666675,19.054204285714277,1.93,4117,0.665499968022889,1777
United Arab Emirates,2000,ARE,Middle East and North Africa,22.08,98.71,60.340749999999986,0.02,2.25,0.66,0.06,101.59007000000001,161.23,0.68,4118,0.45771010486821584,4355
United Arab Emirates,2001,ARE,Middle East and North Africa,15.09,98.71,63.23097222222223,0.02,2.5,0.66,0.06,99.4570473809524,153.8,0.56,4119,0.4716228255913084,4345
United Arab Emirates,2002,ARE,Middle East and North Africa,28.04,98.71,57.335873015873005,0.02,2.65,0.66,0.06,97.1660683333333,140.85,1.12,4120,0.4722327687060567,4344
United Arab Emirates,2003,ARE,Middle East and North Africa,27.46,98.71,52,0.02,2.75,0.66,0.06,96.3796633333333,168.96,1.05,4121,0.43520860626932656,4369
United Arab Emirates,2004,ARE,Middle East and North Africa,30.41,98.71,61,0.02,2.9,0.66,0.06,97.35153666666665,173.33,1.05,4122,0.4332431421643802,4370
United Arab Emirates,2005,ARE,Middle East and North Africa,30.14,98.71,62,0.02,3.12,0.67,0.06,98.20294071428569,172.72,0.73,4123,0.4356566094277536,4368
United Arab Emirates,2006,ARE,Middle East and North Africa,29.71,98.71,62,0.02,2.93,0.67,0.05,98.69814999999998,159.13,1.26,4124,0.4471781176491043,4363
United Arab Emirates,2007,ARE,Middle East and North Africa,28.88,98.71,57,0.02,2.86,0.67,0.05,97.7090083333333,160.01,0.8,4125,0.4477525751358214,4362
United Arab Emirates,2008,ARE,Middle East and North Africa,25.14,98.71,59,0.02,2.72,0.67,0.05,99.19548666666664,164.76,0.78,4126,0.44665711340473474,4364
United Arab Emirates,2009,ARE,Middle East and North Africa,16.1,98.68,65,0.02,2.67,0.68,0.05,99.99869500000001,121.39,0.9,4127,0.512341743182654,4335
United Arab Emirates,2010,ARE,Middle East and North Africa,17.95,98.68,63,0.02,2.46,0.66,0.05,101.16666474358978,111.29,1.48,4128,0.523860255226043,4331
United Arab Emirates,2011,ARE,Middle East and North Africa,16.88,98.68,68,0.02,2.28,0.65,0.06,101.76161666666673,114.06,1.12,4129,0.5284243338473219,4326
United Arab Emirates,2012,ARE,Middle East and North Africa,16.74,98.68,68,0.03,2.17,0.63,0.06,101.55509333333337,115.42,1.09,4130,0.5294297307355222,4324
United Arab Emirates,2013,ARE,Middle East and North Africa,17.16,98.68,69,0.03,2.03,0.62,0.07,102.05932166666668,118.22,0.74,4131,0.5304933576636457,4318
United Arab Emirates,2014,ARE,Middle East and North Africa,17.81,98.68,70,0.03,1.9,0.62,0.08,101.40020166666669,118.23,0.91,4132,0.5300972158019056,4320
United Arab Emirates,2015,ARE,Middle East and North Africa,17.79,98.68,70,0.03,1.76,0.61,0.09,102.34991833333335,119.79,1.56,4133,0.5241332639737755,4330
United Arab Emirates,2016,ARE,Middle East and North Africa,18.8,98.68,66,0.03,1.64,0.61,0.1,95.34,113.54,1.06,4134,0.535035770585271,4308
United Arab Emirates,2017,ARE,Middle East and North Africa,11.42,98.68,71,0.03,2.46,0.6,0.1,104.95,102.43,1.63,4135,0.5554566082778456,4232
United Arab Emirates,2018,ARE,Middle East and North Africa,12.7,98.68,70,0.03,2.24,0.59,0.1,102.87186,105.93,1.5,4136,0.5507827905806947,4252
United Arab Emirates,2019,ARE,Middle East and North Africa,12.55,98.68,71,0.03,2.33,0.59,0.1,102.16,105.57,1.2,4137,0.5543120663476483,4239
United Arab Emirates,2020,ARE,Middle East and North Africa,11.58,98.68,71,0.04,4.29,0.59,0.10851897435897431,103.37,97.1426966666667,1.21,4138,0.5637059870791029,4169
United Arab Emirates,2021,ARE,Middle East and North Africa,20.97279435897436,95.94185047619052,69,0.03,3.11,0.59,0.10102397435897434,102.39787333333334,83.86043666666666,1.7,4139,0.5776457782127299,4013
United Arab Emirates,2022,ARE,Middle East and North Africa,18.38009026806527,97.62428547619055,67,0.03,2.7285167439475657,0.6007679273504276,0.09279897435897431,103.04732,109.42853083333334,1.48,4140,0.5370111605425208,4305
United Kingdom,2000,GBR,Europe and Central Asia,17.95,100,87,0.6,5.56,0.48,0.32,101.9,41.86,0.72,4141,0.7600485531389476,184
United Kingdom,2001,GBR,Europe and Central Asia,16.3,100,83,0.61,4.7,0.49,0.34,101.79,41.63,0.63,4142,0.7654083021305398,158
United Kingdom,2002,GBR,Europe and Central Asia,14.95,100,87,0.61,5.04,0.49,0.34,102.74,41.21,1.01,4143,0.7618850283687608,172
United Kingdom,2003,GBR,Europe and Central Asia,16.43,100,87,0.61,4.81,0.5,0.34,102.1,41.45,1.19,4144,0.7563538139261705,207
United Kingdom,2004,GBR,Europe and Central Asia,14.98,100,86,0.61,4.59,0.49,0.34,104.69,41.93,1.04,4145,0.7619800681635165,170
United Kingdom,2005,GBR,Europe and Central Asia,13.87,100,86,0.61,4.75,0.5,0.35,105.42,41.4,1.12,4146,0.7614546443047433,174
United Kingdom,2006,GBR,Europe and Central Asia,13.87,100,86,0.61,5.35,0.5,0.35,98.24,42.2,1.25,4147,0.7517545301257265,233
United Kingdom,2007,GBR,Europe and Central Asia,13.61,100,84,0.61,5.26,0.5,0.36,97.19,42.4,1.33,4148,0.7494926078977725,251
United Kingdom,2008,GBR,Europe and Central Asia,13.95,100,77,0.61,5.62,0.49,0.36,98.34,38.84,0.84,4149,0.7609806906517206,175
United Kingdom,2009,GBR,Europe and Central Asia,14.78,100,77,0.61,7.54,0.51,0.37,100.17,35.53,0.95,4150,0.755150736712911,216
United Kingdom,2010,GBR,Europe and Central Asia,14.97,100,76,0.61,7.79,0.47,0.38,102.9,35.15,-0.05,4151,0.7766369628135574,101
United Kingdom,2011,GBR,Europe and Central Asia,14.95,100,78,0.64,8.04,0.48,0.37,93.77,33.14,0.85,4152,0.7619279075514355,171
United Kingdom,2012,GBR,Europe and Central Asia,15.23,100,74,0.64,7.88,0.49,0.38,91.55,34.17,0.58,4153,0.7605313918104175,179
United Kingdom,2013,GBR,Europe and Central Asia,15.49,100,76,0.64,7.52,0.5,0.38,123.78,33.97,0.36,4154,0.7822456575993706,69
United Kingdom,2014,GBR,Europe and Central Asia,15.52,100,78,0.64,6.11,0.48,0.38,126.39,32.24,1.72,4155,0.7695470676046728,133
United Kingdom,2015,GBR,Europe and Central Asia,15.73,100,81,0.64,5.3,0.47,0.37,124.52,30.75,0.61,4156,0.8016432547419328,13
United Kingdom,2016,GBR,Europe and Central Asia,15.75,100,81,0.63,4.81,0.47,0.38,120.29252499999998,29.12,1.16,4157,0.7929366049173777,33
United Kingdom,2017,GBR,Europe and Central Asia,16.09,100,82,0.64,4.33,0.47,0.37,125.85,28.66,1.42,4158,0.7920070855138506,39
United Kingdom,2018,GBR,Europe and Central Asia,16.35,100,80,0.65,4,0.47,0.38,120.78,28.69,1,4159,0.8008014225681102,16
United Kingdom,2019,GBR,Europe and Central Asia,16.39,100,77,0.63,3.74,0.47,0.38,118.74,27.7,1.23,4160,0.7932383341503758,32
United Kingdom,2020,GBR,Europe and Central Asia,13.6,100,77,0.65,4.47,0.47,0.3720116666666668,116.88,36.52285616161615,1.37,4161,0.7744619102976648,111
United Kingdom,2021,GBR,Europe and Central Asia,17.718626666666665,99.61148499999999,78,0.63,4.83,0.47,0.37221999999999994,120.62060166666663,38.00808893939393,0.93,4162,0.7777641924417577,95
United Kingdom,2022,GBR,Europe and Central Asia,19.938038333333335,98.74437277777778,73,0.6,6.537367260207971,0.4792351224495976,0.391555,116.04114166666666,38.433597272727276,1.91,4163,0.7406111251693426,320
United States of America,2000,USA,North America,15.11,96.54231416666666,78,0.63,3.99,0.55,0.35,101.02888666666668,92.68,1,4164,0.6433372090610208,2502
United States of America,2001,USA,North America,14.41,95.54677089743588,76,0.59,4.73,0.54,0.36,99.33959500000005,89.29,0.79,4165,0.6484650926117252,2298
United States of America,2002,USA,North America,14.32,97.31833512820512,77,0.59,5.78,0.54,0.36,100.7982366666667,89.32,0.95,4166,0.644068509867004,2472
United States of America,2003,USA,North America,14.15,97.81724346153845,75,0.62,5.99,0.54,0.36,99.7385166666667,90.18,0.99,4167,0.6413703142053893,2576
United States of America,2004,USA,North America,13.97,97.76714173076924,75,0.62,5.53,0.55,0.36,99.2745016666667,93.77,0.86,4168,0.6355683736752645,2801
United States of America,2005,USA,North America,13.91,98.71,76,0.62,5.08,0.56,0.36,95.05,93.91,1.15,4169,0.6316839687749223,2937
United States of America,2006,USA,North America,13.68,98.71,73,0.62,4.62,0.57,0.36,98.07640666666668,94.48,1.03,4170,0.6317519682422695,2934
United States of America,2007,USA,North America,13.6,98.72,72,0.65,4.62,0.56,0.37,100.31316666666663,93.91,1.14,4171,0.6353290953328192,2815
United States of America,2008,USA,North America,13.35,98.73,73,0.65,5.78,0.56,0.37,100.17429666666663,89.11,0.21,4172,0.652633718875964,2166
United States of America,2009,USA,North America,12.64,98.74,75,0.66,9.25,0.56,0.38,101.33473999999997,78.14,0.4,4173,0.6640861331804169,1818
United States of America,2010,USA,North America,12.36,98.83,71,0.66,9.63,0.57,0.38,100.8490533333333,81.97,0.7,4174,0.6465431992512476,2361
United States of America,2011,USA,North America,12.31,98.93,71,0.65,8.95,0.57,0.37,100.24510333333332,81.41,0.54,4175,0.6513179806851915,2201
United States of America,2012,USA,North America,12.33,99.03,73,0.65,8.07,0.58,0.37,98.86869833333334,79.88,1.45,4176,0.6465455768761305,2360
United States of America,2013,USA,North America,12.28,99.12,73,0.66,7.37,0.58,0.38,96.19,81.42,0.61,4177,0.6569454013336874,2028
United States of America,2014,USA,North America,11.97,99.21,74,0.66,6.17,0.58,0.37,96.92,81.81,0.5,4178,0.6625610634446081,1867
United States of America,2015,USA,North America,11.76,99.3,76,0.66,5.28,0.58,0.38,97.65,79.56,1.53,4179,0.6599005579575131,1938
United States of America,2016,USA,North America,11.65,99.39,74,0.64,4.87,0.58,0.38,98.77,77.06,2.22,4180,0.6544477883689905,2109
United States of America,2017,USA,North America,11.41,99.48,75,0.59,4.36,0.58,0.38,98.95,75.3,1.43,4181,0.6694032312420738,1685
United States of America,2018,USA,North America,11.32,99.57,71,0.58,3.9,0.58,0.38,99.28,77.2,1.28,4182,0.6659726816216958,1764
United States of America,2019,USA,North America,11.33,99.66,69,0.57,3.67,0.58,0.39,100.06,74.74,1.03,4183,0.674130295948077,1567
United States of America,2020,USA,North America,9.89,99.74,67,0.57,8.05,0.57,0.3704983333333334,100.51,62.70745499999999,1.32,4184,0.6784618012163443,1443
United States of America,2021,USA,North America,13.10945297619048,98.6385045329671,67,0.58,5.35,0.58,0.37017749999999994,101.77050333333332,71.53269500000002,1.14,4185,0.6714625574230675,1636
United States of America,2022,USA,North America,13.84735047619048,98.52889593989345,69,0.58,5.52698647326822,0.5717217903344216,0.3695216666666667,102.57002666666668,74.01714166666669,1.22,4186,0.6668192496165535,1743
Uruguay,2000,URY,Latin America and Caribbean,25.17,96.4,54.30083333333333,0.73,12.63,0.6,0.34,98.23,27.02,0.33,4187,0.712728021580697,662
Uruguay,2001,URY,Latin America and Caribbean,24.06,96.46,51,0.72,15.05,0.61,0.34,101.58,27.98,1.23,4188,0.682859164008609,1311
Uruguay,2002,URY,Latin America and Caribbean,21.7,96.52,51,0.74,16.65,0.61,0.34,106.11,28.55,0.61,4189,0.6847070809319321,1252
Uruguay,2003,URY,Latin America and Caribbean,21.36,96.59,55,0.73,16.66,0.63,0.35,109.14,28.16,0.32,4190,0.6903956850064624,1133
Uruguay,2004,URY,Latin America and Caribbean,24.3,96.64,62,0.75,12.98,0.62,0.34,106.99,30.05,0.46,4191,0.713621989199178,653
Uruguay,2005,URY,Latin America and Caribbean,25.94,96.85,59,0.76,12.01,0.61,0.35,101.24,30.93,0.8,4192,0.7100936978277937,695
Uruguay,2006,URY,Latin America and Caribbean,23.77,97.05,64,0.75,10.84,0.61,0.35,100.86,34.54,0.59,4193,0.7192978405941842,579
Uruguay,2007,URY,Latin America and Caribbean,23.36,97.23,67,0.75,9.4,0.62,0.36,91.89,35.04,0.13,4194,0.7292246620352606,427
Uruguay,2008,URY,Latin America and Caribbean,21.29,97.42,69,0.74,8.03,0.62,0.36,87.76,37.77,0.72,4195,0.7243243044766812,500
Uruguay,2009,URY,Latin America and Caribbean,20.75,97.59,67,0.76,7.74,0.58,0.36,90.19,32.65,0.51,4196,0.7449956814060279,280
Uruguay,2010,URY,Latin America and Caribbean,20.47,97.75,69,0.77,7.16,0.57,0.37,101.2,30.28,0.26,4197,0.7655230025993016,157
Uruguay,2011,URY,Latin America and Caribbean,19.43,97.91,70,0.76,6.31,0.55,0.37,105.43,33.4,0.45,4198,0.7686153052760129,137
Uruguay,2012,URY,Latin America and Caribbean,18.46,98.06,72,0.76,6.45,0.53,0.37,107.6,36.92,0.84,4199,0.7623618122587209,167
Uruguay,2013,URY,Latin America and Caribbean,17.69,98.2,73,0.77,6.44,0.54,0.37,109.45,34.59,0.15,4200,0.7784451987331837,91
Uruguay,2014,URY,Latin America and Caribbean,17.1,98.33,73,0.77,6.55,0.54,0.38,110.99,32.39,1.16,4201,0.7664845899483453,149
Uruguay,2015,URY,Latin America and Caribbean,16.92,98.46,74,0.75,7.49,0.54,0.38,112.13,31.4,1.05,4202,0.7666949044015012,146
Uruguay,2016,URY,Latin America and Caribbean,16.44,98.59,71,0.74,7.84,0.54,0.39,115.96,30.4,0.3,4203,0.7792749677310318,87
Uruguay,2017,URY,Latin America and Caribbean,16.5,98.72,70,0.73,7.89,0.54,0.39,120.22,30.1,1.55,4204,0.7568796173914578,205
Uruguay,2018,URY,Latin America and Caribbean,16.25,98.79,70,0.73,8.34,0.54,0.39,121.18,31.31,1.2,4205,0.7604591263183051,180
Uruguay,2019,URY,Latin America and Caribbean,15.46,98.8,71,0.73,8.73,0.53,0.38,123,31.79,0.77,4206,0.7687076872661025,136
Uruguay,2020,URY,Latin America and Caribbean,16.68,98.8,71,0.69,10.33,0.55,0.37844833333333355,119.94,36.32696666666666,0.89,4207,0.7428631969264458,300
Uruguay,2021,URY,Latin America and Caribbean,17.447090952380957,98.49563623015872,73,0.66,9.29,0.55,0.3778850000000001,114.35375499999995,37.842544999999994,0.79,4208,0.7446356018837813,285
Uruguay,2022,URY,Latin America and Caribbean,19.626380000000008,97.49742453823951,74,0.64,8.940447638326585,0.5834476046566947,0.3645516666666665,110.66781333333336,44.74499666666666,0.38,4209,0.729458287408522,423
Uzbekistan,2000,UZB,Europe and Central Asia,60.78,56.34,24,0.05,12.21,0.57,0.29,88.12,21.77,1.44,4210,0.5886563623746243,3865
Uzbekistan,2001,UZB,Europe and Central Asia,60.84,56.48,27,0.05,11.18,0.56,0.29,88.7820056140351,20.73,1.61,4211,0.5957440400745502,3777
Uzbekistan,2002,UZB,Europe and Central Asia,62.07,56.63,29,0.05,10.11,0.56,0.29,89.61221394736842,20.89,1.88,4212,0.5976975454519617,3742
Uzbekistan,2003,UZB,Europe and Central Asia,59.29,56.77,24,0.05,9.07,0.57,0.29,97.63,20.55,0.19,4213,0.6181131888188234,3347
Uzbekistan,2004,UZB,Europe and Central Asia,59.56,56.92,23,0.05,8.17,0.57,0.29,97.84,20.46,1.97,4214,0.6032200056590964,3653
Uzbekistan,2005,UZB,Europe and Central Asia,57.63,57.07,22,0.05,7.07,0.57,0.29,88.89,20.03,1.42,4215,0.6114480791104479,3465
Uzbekistan,2006,UZB,Europe and Central Asia,56.9,57.22,21,0.05,6.01,0.57,0.29,88.59,21.74,1.62,4216,0.6106370073880174,3490
Uzbekistan,2007,UZB,Europe and Central Asia,58.13,57.37,17,0.04,4.99,0.57,0.29,89.61,21.36,1.43,4217,0.6115828156328437,3463
Uzbekistan,2008,UZB,Europe and Central Asia,57.32,57.52,18,0.04,4.89,0.57,0.29,88.21,22.5,0.75,4218,0.618111962260748,3348
Uzbekistan,2009,UZB,Europe and Central Asia,56.42,57.93,17,0.04,5.04,0.57,0.29,89.47,21.33,1.11,4219,0.615901343308619,3392
Uzbekistan,2010,UZB,Europe and Central Asia,58.05,58.34,16,0.04,5.36,0.57,0.29,89.87,20.22,1.83,4220,0.6071311738310242,3558
Uzbekistan,2011,UZB,Europe and Central Asia,58.18,58.6,16,0.04,4.96,0.57,0.29,90.22,20.23,1.09,4221,0.6157881463819009,3395
Uzbekistan,2012,UZB,Europe and Central Asia,56.25,58.69,17,0.04,4.87,0.57,0.29,92.08,20.35,0.72,4222,0.6221607886814144,3251
Uzbekistan,2013,UZB,Europe and Central Asia,56.05,58.78,17,0.04,4.86,0.57,0.29,91.8,20.38,1.56,4223,0.6141637993823827,3422
Uzbekistan,2014,UZB,Europe and Central Asia,45.41,58.84,18,0.04,5.09,0.57,0.29,92.01,20.24,0.21,4224,0.6346875382479905,2836
Uzbekistan,2015,UZB,Europe and Central Asia,48.41,58.86,19,0.04,5.15,0.57,0.29,91.85,20.14,1.44,4225,0.621854984534497,3263
Uzbekistan,2016,UZB,Europe and Central Asia,54.66,58.88,21,0.04,5.16,0.56,0.29,92.61,20.02,2.31,4226,0.6109019349303892,3482
Uzbekistan,2017,UZB,Europe and Central Asia,56.69,58.9,22,0.05,5.83,0.57,0.29,93.34,19.78,1.79,4227,0.6143092371115625,3414
Uzbekistan,2018,UZB,Europe and Central Asia,60.34,58.86,23,0.06,5.86,0.57,0.29,94.99,19.84,1.04,4228,0.6212736979928482,3280
Uzbekistan,2019,UZB,Europe and Central Asia,57.68,58.84,25,0.06,5.86,0.57,0.29,97.42,19.41,1.94,4229,0.6167059713313213,3371
Uzbekistan,2020,UZB,Europe and Central Asia,53.11,58.83,26,0.06,5.29,0.57,0.29340333333333285,92.97,19.634793012477722,1.72,4230,0.6238172348084149,3210
Uzbekistan,2021,UZB,Europe and Central Asia,56.72968849927852,59.75860926989678,28,0.06,6.02,0.57,0.2926883333333329,92.17,18.848144830659535,1.53,4231,0.623203058407559,3224
Uzbekistan,2022,UZB,Europe and Central Asia,59.633588737373756,61.00880296398046,31,0.06,6.90015684920635,0.554518969102793,0.29026166666666636,92.61234091706534,20.129614090909094,2.61,4232,0.6082973097466022,3538
Vanuatu,2000,VUT,East Asia and Pacific,10.4,44.75,31.329166666666673,0.37,1.71,0.605665122984313,0.24,34.66,13.356687380952385,0.78,4233,0.6758221222343949,1524
Vanuatu,2001,VUT,East Asia and Pacific,10.89,44.83,30.847666666666672,0.37,1.93,0.5993870277462178,0.25,35.72,13.27468404761905,0.4,4234,0.6804151443822094,1393
Vanuatu,2002,VUT,East Asia and Pacific,8.86,44.92,30.91700000000001,0.37,1.98,0.5970020277462177,0.25,39.55,13.208660714285719,0.45,4235,0.6829471304511252,1308
Vanuatu,2003,VUT,East Asia and Pacific,9.63,45.01,30.46716666666667,0.37,1.75,0.5997003610795509,0.26,40.34,13.61527071428572,0.36,4236,0.6840012645988001,1277
Vanuatu,2004,VUT,East Asia and Pacific,9.41,45.09,30.51066666666667,0.37,1.76,0.596637100209986,0.26,42.75,13.220894047619051,0.46,4237,0.6851112385259721,1242
Vanuatu,2005,VUT,East Asia and Pacific,9.8,45.54,30.371833333333335,0.37,1.74,0.5922612668766526,0.26,43.17449452380953,13.320735714285718,0.54,4238,0.6848707000848454,1247
Vanuatu,2006,VUT,East Asia and Pacific,9.13,45.98,30.83366666666667,0.37,1.67,0.5926912668766525,0.27,43.4563511904762,13.355339047619053,0.39,4239,0.6880244115363564,1178
Vanuatu,2007,VUT,East Asia and Pacific,9.43,46.42,31,0.37,1.8,0.5915062668766526,0.28,46.431726666666634,12.075850714285718,0.92,4240,0.6859601415769746,1222
Vanuatu,2008,VUT,East Asia and Pacific,8.97,46.87,29,0.39,1.74,0.5904635287814146,0.28,49.02284119047616,13.68669404761905,0.71,4241,0.6882103244028628,1175
Vanuatu,2009,VUT,East Asia and Pacific,8.95,47.31,32,0.44,1.8,0.5778780342759198,0.29,51.43050285714282,14.698335000000007,0.44,4242,0.7006129265969377,869
Vanuatu,2010,VUT,East Asia and Pacific,8.85,47.71,36,0.44,1.85,0.5730727961806819,0.28,59.53,14.439105000000001,0.88,4243,0.70419129000307,803
Vanuatu,2011,VUT,East Asia and Pacific,8.49,48.1,35,0.44,1.8,0.5746811295140152,0.29,57.75643285714283,15.73122833333333,0.67,4244,0.7043404801707563,801
Vanuatu,2012,VUT,East Asia and Pacific,8.01,48.48,36.16416666666667,0.44,1.85,0.5737401771330627,0.29,58.135856190476176,16.514021666666665,0.4,4245,0.7081867635824677,733
Vanuatu,2013,VUT,East Asia and Pacific,7.25,48.86,36.8315,0.44,1.86,0.5715432723711582,0.29,57.36504785714285,16.93096333333333,0.71,4246,0.7053672311790425,782
Vanuatu,2014,VUT,East Asia and Pacific,8.84,49.24,37.50833333333334,0.44,1.79,0.5733451771330629,0.29,58.51586285714285,17.11743,0.59,4247,0.7072528734771385,749
Vanuatu,2015,VUT,East Asia and Pacific,7.64,49.62,39.5025,0.45,1.86,0.5707343437997295,0.3,54.2,20.864779999999993,0.57,4248,0.705723678066508,778
Vanuatu,2016,VUT,East Asia and Pacific,11.03,49.98,43.94083333333334,0.47,1.75,0.5652297001100858,0.3,64.53031166666668,26.762196666666664,1.15,4249,0.7029761278325612,820
Vanuatu,2017,VUT,East Asia and Pacific,10.81,50.31,43,0.48,1.71,0.5655760334434191,0.31,64.36718833333333,25.295879999999993,1.13,4250,0.7057689592358224,776
Vanuatu,2018,VUT,East Asia and Pacific,8.57,50.31,46,0.48,1.78,0.57100657456896,0.31,66.80247285714286,30.587353333333322,0.61,4251,0.7100789098965654,696
Vanuatu,2019,VUT,East Asia and Pacific,8.08,50.34,46,0.47,1.76,0.5696146698070554,0.31,66.57268666666667,28.29980333333333,0.9,4252,0.7089078650510221,715
Vanuatu,2020,VUT,East Asia and Pacific,7.35,50.38,43,0.47,2.02,0.5612938112211969,0.2979614285714285,51.64,24.786753333333326,1.23,4253,0.6980040352421336,934
Vanuatu,2021,VUT,East Asia and Pacific,9.924260000000002,57.02049638888889,45,0.48,2.12,0.5634643667767525,0.29884499999999986,70.22199499999999,27.55325333333333,1.15,4254,0.7083597760065992,727
Vanuatu,2022,VUT,East Asia and Pacific,14.409483333333334,68.20376055555556,48,0.48,2.525208949318655,0.5560069544344547,0.28987166666666647,80.74667666666669,28.728194999999992,1.48,4255,0.709914517452508,697
Venezuela,2000,VEN,Latin America and Caribbean,41.25,88.36,27,0.41,13.99,0.68,0.3,60.46,23.98,0.3,4256,0.6201113484362466,3308
Venezuela,2001,VEN,Latin America and Caribbean,41.5,88.23,28,0.38,13.04,0.69,0.31,64.41,28.72,0.63,4257,0.6142441158444247,3418
Venezuela,2002,VEN,Latin America and Caribbean,41.18,88.1,25,0.36,16.17,0.69,0.32,68.39,24.99,0.86,4258,0.6005733550104643,3688
Venezuela,2003,VEN,Latin America and Caribbean,34.46,87.97,24,0.35,16.78,0.68,0.32,69.58,28.48,0.91,4259,0.5969874803352463,3752
Venezuela,2004,VEN,Latin America and Caribbean,31.34,87.84,23,0.34,15.07,0.68,0.32,72.19,24.41,0.68,4260,0.6142609083156175,3416
Venezuela,2005,VEN,Latin America and Caribbean,36.56,87.71,23,0.34,10.66,0.67,0.32,74.6,25.58,0.93,4261,0.628617669756435,3037
Venezuela,2006,VEN,Latin America and Caribbean,27.48,87.57,23,0.32,8.61,0.67,0.32,77.29,24.76,0.67,4262,0.6458395532100132,2382
Venezuela,2007,VEN,Latin America and Caribbean,31.15,87.44,20,0.31,7.28,0.68,0.32,79.87,26.2,0.76,4263,0.6415385750747878,2570
Venezuela,2008,VEN,Latin America and Caribbean,38.13,87.31,19,0.31,6.25,0.67,0.33,81.69,28.3,0.52,4264,0.641913990004376,2550
Venezuela,2009,VEN,Latin America and Caribbean,39.53,87.18,19,0.31,6.1,0.66,0.33,82.7,31.85,0.82,4265,0.6355812742034832,2799
Venezuela,2010,VEN,Latin America and Caribbean,38.46,87.04,20,0.3,7.11,0.66,0.33,82.71,29.63,1.23,4266,0.6313245600818678,2950
Venezuela,2011,VEN,Latin America and Caribbean,34.72,86.91,19,0.29,6.9,0.65,0.33,83.75,27.76,0.6,4267,0.6435324742980078,2493
Venezuela,2012,VEN,Latin America and Caribbean,29.07,86.78,19,0.28,6.6,0.65,0.34,85.89,31.09,0.51,4268,0.6453483123663196,2412
Venezuela,2013,VEN,Latin America and Caribbean,31.28,86.65,20,0.24,7.54,0.65,0.34,93.44,29.77,0.94,4269,0.6377623202843294,2720
Venezuela,2014,VEN,Latin America and Caribbean,24.99,86.49,19,0.23,6.86,0.65,0.34,92.76,30.87,0.87,4270,0.6412459217118157,2580
Venezuela,2015,VEN,Latin America and Caribbean,29.78,86.32,17,0.22,6.08,0.65,0.34,91.03,30.88,1.09,4271,0.6352659263009357,2820
Venezuela,2016,VEN,Latin America and Caribbean,27.74,86.16,17,0.21,5.32,0.65,0.35,87.93,29.35,1.1,4272,0.6394332898286983,2667
Venezuela,2017,VEN,Latin America and Caribbean,24.96,86,18,0.17,5.05,0.65,0.35,88.08,27.08,0.73,4273,0.6456901542835405,2392
Venezuela,2018,VEN,Latin America and Caribbean,36.9,85.84,18,0.16,5.02,0.65,0.35,89.91751166666671,25.68,0.84,4274,0.6386948379890419,2689
Venezuela,2019,VEN,Latin America and Caribbean,34.12,85.68,16,0.16,5.09,0.64,0.36,90.50497500000003,23.35,1.24,4275,0.638863167200344,2685
Venezuela,2020,VEN,Latin America and Caribbean,25.88,85.52,15,0.16,7.53,0.66,0.34242333333333336,91.44069333333334,27.60356999999999,1.35,4276,0.6253427711712823,3164
Venezuela,2021,VEN,Latin America and Caribbean,29.25179738095239,85.93296373626373,14,0.17,6.47,0.6541979105300151,0.34400166666666687,89.77877166666666,28.01338999999999,0.73,4277,0.6332632813615096,2883
Venezuela,2022,VEN,Latin America and Caribbean,30.4612423809524,86.71666403929409,14,0.16,6.718955508519259,0.6555512438633483,0.3401716666666666,89.77976666666666,28.75412999999999,0.53,4278,0.6314752466837981,2946
Vietnam,2000,VNM,East Asia and Pacific,37.19,64.89,25,0.17,2.26,0.59,0.36,69.96524333333332,5.01,0.13,4279,0.6779513045173726,1463
Vietnam,2001,VNM,East Asia and Pacific,31.61,66.85,26,0.17,2.76,0.6,0.36,69.85348833333333,5.29,0.69,4280,0.6752654355228589,1540
Vietnam,2002,VNM,East Asia and Pacific,37.14,68.82,24,0.17,2.12,0.6,0.36,70.09677666666667,5.87,0.72,4281,0.6710798310086155,1648
Vietnam,2003,VNM,East Asia and Pacific,37.14,70.8,24,0.17,2.25,0.59,0.36,74.83652000000002,6.94,1.04,4282,0.669913373503281,1673
Vietnam,2004,VNM,East Asia and Pacific,37.31,72.79,26,0.17,2.14,0.59,0.36,71.88661500000002,7.44,0.39,4283,0.6770664315718916,1486
Vietnam,2005,VNM,East Asia and Pacific,37.27,74.79,26,0.17,2.09,0.58,0.36,73.65023000000001,7.67,0.84,4284,0.6748581283144982,1552
Vietnam,2006,VNM,East Asia and Pacific,37.34,76.79,26,0.17,2.09,0.57,0.37,75.02104333333332,7.98,0.89,4285,0.6764462971630884,1500
Vietnam,2007,VNM,East Asia and Pacific,37.3,78.81,26,0.17,2.03,0.57,0.37,77.89351833333332,8.83,0.51,4286,0.6810129113814196,1372
Vietnam,2008,VNM,East Asia and Pacific,37.19,80.83,27,0.17,1.93,0.57,0.36,78.1074266666667,9.54,0.2,4287,0.684358939106956,1265
Vietnam,2009,VNM,East Asia and Pacific,37.26,82.85,27,0.17,1.74,0.59,0.36,77.86301500000003,10.37,0.67,4288,0.6776292675997803,1471
Vietnam,2010,VNM,East Asia and Pacific,37.42,84.89,27,0.17,1.11,0.6,0.36,80.32518833333333,11.07,1.09,4289,0.6739810054517111,1572
Vietnam,2011,VNM,East Asia and Pacific,37.41,86.92,29,0.17,1,0.59,0.36,78.97821000000003,10.85,0.12,4290,0.68656600143233,1210
Vietnam,2012,VNM,East Asia and Pacific,40.78,88.96,31,0.17,1.03,0.57,0.38,81.39164166666669,10.2,0.74,4291,0.6852753362341393,1239
Vietnam,2013,VNM,East Asia and Pacific,41.27,90.99,31,0.17,1.32,0.56,0.39,82.488575,11.09,0.9,4292,0.6840687308515838,1274
Vietnam,2014,VNM,East Asia and Pacific,41.72,92.42,31,0.17,1.26,0.56,0.4,82.86442500000001,11.22,0.54,4293,0.6881484400812541,1176
Vietnam,2015,VNM,East Asia and Pacific,43.48,93.33,31,0.17,1.85,0.56,0.4,84.52217333333334,11.62,1.22,4294,0.6786647204853037,1434
Vietnam,2016,VNM,East Asia and Pacific,44.57,94.1,33,0.17,1.85,0.56,0.4,84.46473666666667,11.17,1.19,4295,0.6804868628903539,1390
Vietnam,2017,VNM,East Asia and Pacific,45.09,94.81,35,0.17,1.87,0.56,0.41,84.78393166666666,10.91,1.12,4296,0.6835148671032105,1293
Vietnam,2018,VNM,East Asia and Pacific,44.58,95.51,33,0.17,1.16,0.56,0.42,85.11991833333332,11.84,0.82,4297,0.6866745755527943,1207
Vietnam,2019,VNM,East Asia and Pacific,45.12,96.21,37,0.17,1.68,0.56,0.42,89.49219047619043,13.74,1.81,4298,0.6769222346246342,1491
Vietnam,2020,VNM,East Asia and Pacific,39.6,96.88,36,0.16,2.1,0.56,0.3846504761904761,94.9776421428572,36.5042807142857,1.48,4299,0.6568198834849482,2033
Vietnam,2021,VNM,East Asia and Pacific,41.33511333333334,91.51916126262627,39,0.17,2.38,0.56,0.38138738095238084,87.1525616666667,17.61981976190476,1.11,4300,0.6819100365305877,1342
Vietnam,2022,VNM,East Asia and Pacific,41.64955166666667,89.71276377705627,42,0.16,1.965568652767096,0.5624986588801939,0.3714145238095237,86.74258166666668,19.374259761904757,1.03,4301,0.6822245636774871,1333
Yemen,2000,YEM,Middle East and North Africa,43.49,31.97,23.998333333333335,0.12,11.56,0.67,0.09,46.809895000000004,4.69,0.1769455401839668,4302,0.5983579108936057,3719
Yemen,2001,YEM,Middle East and North Africa,44.63,32.24,24.801333333333336,0.17,11.72,0.67,0.09,47.17,4.86,0.3195967449187744,4303,0.6003572637677238,3692
Yemen,2002,YEM,Middle East and North Africa,46.68,32.51,25.184333333333335,0.17,11.85,0.68,0.08,45.70440166666667,4.57,0.39815192923609133,4304,0.5963479570392112,3763
Yemen,2003,YEM,Middle East and North Africa,54.26,33.45,26,0.18,11.98,0.68,0.07,47.51,4.84,0.3987247863789485,4305,0.5921616629454869,3829
Yemen,2004,YEM,Middle East and North Africa,60.46,34.39,24,0.18,12.1,0.69,0.06,48.05,4.81,0.3557549985942692,4306,0.5852998178496841,3918
Yemen,2005,YEM,Middle East and North Africa,64.78,35.32,27,0.18,12.21,0.69,0.05,46.45,4.84,0.3885856990773611,4307,0.5827308721152413,3952
Yemen,2006,YEM,Middle East and North Africa,65.89,36.25,26,0.18,12.37,0.69,0.05,45.58860666666666,5.09,0.3156396673313293,4308,0.5809596461295637,3964
Yemen,2007,YEM,Middle East and North Africa,69.16,37.17,25,0.18,12.5,0.69,0.04,44.96908499999999,5.22,0.3013346673313293,4309,0.5769282398768308,4025
Yemen,2008,YEM,Middle East and North Africa,68.62,38.1,23,0.17,12.62,0.69,0.04,43.02,5.14,0.27896800066466265,4310,0.5747276281027893,4051
Yemen,2009,YEM,Middle East and North Africa,74.22,39.02,21,0.17,12.75,0.69,0.03,45.535470000000004,5.49,0.258376333997996,4311,0.5693313276557497,4111
Yemen,2010,YEM,Middle East and North Africa,74.02,39.93,22,0.16,12.83,0.69,0.03,44.08,5.07,0.5812404189816398,4312,0.5668798776218523,4138
Yemen,2011,YEM,Middle East and North Africa,72.49,40.84,21,0.18,13.25,0.69,0.02,46.16,4.99,0.4334081570768778,4313,0.5683837216770286,4119
Yemen,2012,YEM,Middle East and North Africa,71.61,41.75,23,0.18,13.16,0.69,0.01,46.91,5.37,0.45800934755306844,4314,0.5696793983033095,4108
Yemen,2013,YEM,Middle East and North Africa,74.58,42.65,18,0.16,13.26,0.68,0.01,49.28,6.28,0.4363736332673542,4315,0.5638823070126706,4166
Yemen,2014,YEM,Middle East and North Africa,76.42,43.55,19,0.14,13.47,0.68,0,48.692546666666665,5.85,0.4935461348490199,4316,0.56066780367148,4196
Yemen,2015,YEM,Middle East and North Africa,80.96,44.45,18,0.09,13.78,0.68,0.01,52.02713166666669,5.42,0.8395274044175147,4317,0.5524159903921942,4246
Yemen,2016,YEM,Middle East and North Africa,67.4736866666667,45.34,14,0.07,13.41,0.68,0.01,51.58,5.31,0.8746474044175148,4318,0.5582649205880478,4216
Yemen,2017,YEM,Middle East and North Africa,68.9107066666667,46.22,16,0.07,13.25,0.68,0.01,52.85892499999999,5.25,0.5885314520365625,4319,0.5619984087216454,4186
Yemen,2018,YEM,Middle East and North Africa,67.84833333333336,47.1,14,0.07,13.08,0.68,0.01,54.49602999999999,5.15,0.6189881187032291,4320,0.5624905287111817,4179
Yemen,2019,YEM,Middle East and North Africa,68.28682000000002,47.97,15,0.07,12.98,0.68,0.01,54.94097833333331,4.97,0.6093497853698957,4321,0.5637435349117733,4168
Yemen,2020,YEM,Middle East and North Africa,66.26986500000002,48.84,15,0.06,13.57,0.68,0.027136666666666604,54.82928,7.194120158730159,0.6257281187032292,4322,0.5608111603801385,4194
Yemen,2021,YEM,Middle East and North Africa,68.02452666666669,46.23162919121942,16,0.07,13.89,0.68,0.01345666666666667,52.87228833333333,5.3848858730158735,0.4773714426994943,4323,0.5611645752833349,4193
Yemen,2022,YEM,Middle East and North Africa,69.0036516666667,43.88246244518766,16,0.07,13.085377564065018,0.6830654388386423,0.015610000000000008,50.38261333333331,5.349831666666667,0.372447819917048,4324,0.5630447089480554,4174
Zambia,2000,ZMB,Sub-Saharan Africa,26.59,17.88,26.67433333333333,0.32,12.93,0.64,0.23,38.67224833333332,7.78,-0.04,4325,0.6254457676700458,3161
Zambia,2001,ZMB,Sub-Saharan Africa,26.75,18.31,26,0.32,13.5,0.63,0.23,39.61724333333332,8.39,0.26,4326,0.6210432937010874,3285
Zambia,2002,ZMB,Sub-Saharan Africa,24.36,18.85,26,0.32,14.13,0.62,0.23,40.325226666666666,8.01,0.71,4327,0.6176633483650461,3355
Zambia,2003,ZMB,Sub-Saharan Africa,23.7,19.4,25,0.32,14.69,0.66,0.23,43.71565666666666,9.31,0.87,4328,0.6089749569694812,3518
Zambia,2004,ZMB,Sub-Saharan Africa,25.01,19.96,26,0.32,15.29,0.71,0.24,45.37509666666666,9.65,0.61,4329,0.603992121805134,3629
Zambia,2005,ZMB,Sub-Saharan Africa,31.46,20.53,26,0.33,15.9,0.71,0.24,46.759771666666666,9.96,0.95,4330,0.5957057906840063,3779
Zambia,2006,ZMB,Sub-Saharan Africa,32.57,21.11,26,0.33,13.23,0.71,0.24,46.64545666666664,9.18,0.62,4331,0.6102234639988058,3493
Zambia,2007,ZMB,Sub-Saharan Africa,33.17,21.69,26,0.33,10.58,0.71,0.24,47.17743166666665,9.01,0.78,4332,0.6193538322262033,3326
Zambia,2008,ZMB,Sub-Saharan Africa,35.07,22.29,28,0.34,7.93,0.72,0.24,45.62455833333332,9.62,0.44,4333,0.6307625821666774,2970
Zambia,2009,ZMB,Sub-Saharan Africa,25.94,22.89,30,0.34,10.56,0.72,0.23,45.94768833333332,8.74,0.31,4334,0.6297720444213953,2996
Zambia,2010,ZMB,Sub-Saharan Africa,24.47,23.5,30,0.33,13.19,0.72,0.23,46.348219999999984,8.63,1.21,4335,0.6116359369436652,3461
Zambia,2011,ZMB,Sub-Saharan Africa,21.58,24.12,32,0.32,10.59,0.72,0.24,47.44749666666666,8.61,0.96,4336,0.6278459729989135,3067
Zambia,2012,ZMB,Sub-Saharan Africa,17.43,24.75,37,0.33,7.85,0.72,0.24,53.064595,8.68,0.97,4337,0.6467102828707111,2351
Zambia,2013,ZMB,Sub-Saharan Africa,11.42,25.4,38,0.31,8.01,0.72,0.24,54.78214666666667,8.76,0.79,4338,0.6506154194827912,2224
Zambia,2014,ZMB,Sub-Saharan Africa,13.82,26.05,38,0.31,8.13,0.72,0.25,54.12331166666666,8.52,0.92,4339,0.6487009095170937,2291
Zambia,2015,ZMB,Sub-Saharan Africa,12.25,26.71,38,0.3,8.28,0.72,0.26,55.82391666666666,8.63,1.45,4340,0.6438894290673113,2478
Zambia,2016,ZMB,Sub-Saharan Africa,12.12,27.38,38,0.26,8.39,0.72,0.26,56.06537666666667,8.81,1.4,4341,0.6409581646836461,2598
Zambia,2017,ZMB,Sub-Saharan Africa,11.79,28.07,37,0.2,8.52,0.72,0.27,54.94955333333334,9.59,0.11,4342,0.6464877902143225,2364
Zambia,2018,ZMB,Sub-Saharan Africa,10.29,28.76,35,0.25,5.03,0.72,0.27,49.72476333333332,9.51,0.65,4343,0.6545292045475695,2107
Zambia,2019,ZMB,Sub-Saharan Africa,10.22,29.47,34,0.24,5.54,0.72,0.29,48.583949999999966,8.96,0.86,4344,0.6508774365977372,2218
Zambia,2020,ZMB,Sub-Saharan Africa,8.81,30.18,33,0.2,6.03,0.72,0.2819649999999999,46.71266666666666,7.769625217391308,0.89,4345,0.645504832851432,2401
Zambia,2021,ZMB,Sub-Saharan Africa,12.135776666666665,29.92438857905984,33,0.27,6.22,0.72,0.27786523809523817,48.785803333333305,8.795958550724636,0.82,4346,0.64975887364727,2252
Zambia,2022,ZMB,Sub-Saharan Africa,18.267740000000003,25.554808492479754,33,0.35,9.162339125392583,0.7117374551764023,0.25465,51.37350499999999,8.88363307453416,0.69,4347,0.6442081833052966,2464
Zimbabwe,2000,ZWE,Sub-Saharan Africa,35.92223833333333,41.34,30,0.23,5.69,0.62,0.26,45.22,12.26,-0.42,4348,0.6531458655871353,2152
Zimbabwe,2001,ZWE,Sub-Saharan Africa,38.23428333333332,41.64,29,0.22,5.34,0.62,0.27,46.16,11.75,0,4349,0.6494485095447304,2262
Zimbabwe,2002,ZWE,Sub-Saharan Africa,38.03708666666666,41.92,27,0.22,5.07,0.62,0.28,43.88,9.9,0.49,4350,0.6460725792327807,2377
Zimbabwe,2003,ZWE,Sub-Saharan Africa,38.178238333333326,41.82,23,0.22,4.77,0.62,0.29,39.98,8.23,0.36,4351,0.6450304767442113,2427
Zimbabwe,2004,ZWE,Sub-Saharan Africa,38.14391333333332,41.67,23,0.22,4.39,0.62,0.3,43.330058333333334,7.05,0,4352,0.651967252324925,2185
Zimbabwe,2005,ZWE,Sub-Saharan Africa,37.31951833333333,40.91,26,0.21,4.55,0.62,0.32,43.60718261904763,5.96,0.95,4353,0.6475822508128912,2316
Zimbabwe,2006,ZWE,Sub-Saharan Africa,37.35238666666667,40.16,24,0.21,4.69,0.62,0.34,43.416388333333316,5.05,-0.26,4354,0.6570732091126705,2025
Zimbabwe,2007,ZWE,Sub-Saharan Africa,37.61150666666665,39.41,21,0.21,4.85,0.62,0.34,42.64100833333333,5.1,0.13,4355,0.650401771913413,2229
Zimbabwe,2008,ZWE,Sub-Saharan Africa,37.50697999999998,38.67,18,0.2,5.07,0.62,0.32,43.09656500000001,4.56,0.08,4356,0.6461500077413568,2374
Zimbabwe,2009,ZWE,Sub-Saharan Africa,36.23861166666665,37.93,22,0.2,5.08,0.62,0.32,43.78110833333335,4.37,-0.23,4357,0.6529498253104575,2157
Zimbabwe,2010,ZWE,Sub-Saharan Africa,34.43,37.19,24,0.21,5.19,0.62,0.32,44.97523333333334,4.84,0.94,4358,0.6465644299980883,2357
Zimbabwe,2011,ZWE,Sub-Saharan Africa,37.22,36.47,22,0.2,5.37,0.62,0.32,45.66625000000002,3.05,0.23,4359,0.6495920683590288,2259
Zimbabwe,2012,ZWE,Sub-Saharan Africa,34.97,35.74,20,0.2,5.14,0.63,0.33,51.55,2.97,0.33,4360,0.6506509611392856,2223
Zimbabwe,2013,ZWE,Sub-Saharan Africa,29.76,35.02,21,0.23,4.99,0.63,0.33,52.41,3.42,0.12,4361,0.659115657093508,1962
Zimbabwe,2014,ZWE,Sub-Saharan Africa,24.83,34.33,21,0.24,4.77,0.63,0.33,48.177236666666666,3.52,0.03,4362,0.662001865336438,1888
Zimbabwe,2015,ZWE,Sub-Saharan Africa,25.79,33.66,21,0.23,5.28,0.63,0.33,47.56536833333334,3.5,0.97,4363,0.6506649529186114,2221
Zimbabwe,2016,ZWE,Sub-Saharan Africa,23.96,33.01,22,0.23,5.8,0.63,0.33,48.303021666666645,3.16,1.27,4364,0.6483933916687907,2301
Zimbabwe,2017,ZWE,Sub-Saharan Africa,10.55,32.37,22,0.24,6.28,0.64,0.32,46.09608666666667,3.04,0.09,4365,0.661843622976503,1891
Zimbabwe,2018,ZWE,Sub-Saharan Africa,8.8,31.76,22,0.24,6.78,0.66,0.32,45.03826000000001,3.41,0.45,4366,0.6547422560070066,2099
Zimbabwe,2019,ZWE,Sub-Saharan Africa,9.08,31.17,24,0.23,7.37,0.69,0.3,43.83254833333333,3.19,0.93,4367,0.6441486549859515,2468
Zimbabwe,2020,ZWE,Sub-Saharan Africa,10.41,30.59,24,0.22,7.9,0.69,0.29261833333333337,44.42305833333333,5.7527083333333335,0.39,4368,0.6433525093827243,2501
Zimbabwe,2021,ZWE,Sub-Saharan Africa,15.669064999999994,32.8384248809524,23,0.22,8.07,0.69,0.2983683333333334,45.39489333333332,6.499699444444445,-0.13,4369,0.6443837837777042,2450
Zimbabwe,2022,ZWE,Sub-Saharan Africa,18.78506,36.84309654761909,23,0.22,6.993312932678944,0.6661228849716259,0.3087183333333334,46.60155333333333,6.4959283333333335,-0.49,4370,0.6540103876632407,2131
