Country,Year,ISO3,Region,OOP,Water,CPI,partipdem,Unemployment,Gini,female_is,education,Carbon_T10,Temp_change,,
Afghanistan,2000,AFG,South Asia,,15.35,,0.01,8.05,0.52,0,,1.8,0.99,,
Afghanistan,2001,AFG,South Asia,,15.38,,0.02,8.04,0.52,0,12.32,1.63,1.31,,
Afghanistan,2002,AFG,South Asia,85.38,16.37,,0.09,8.19,0.52,0,,1.83,1.37,,
Afghanistan,2003,AFG,South Asia,86.07,17.36,,0.1,8.12,0.52,0,12.55,1.89,0.59,,
Afghanistan,2004,AFG,South Asia,84.53,18.37,,0.11,8.05,0.52,0,17.57,1.8,1.37,,
Afghanistan,2005,AFG,South Asia,78.97,19.4,25,0.14,8.11,0.52,0,18.62,1.83,0.4,,
Afghanistan,2006,AFG,South Asia,76.82,20.44,,0.16,8.05,0.52,0,28.26,1.86,1.72,,
Afghanistan,2007,AFG,South Asia,78.17,22.04,18,0.16,8.11,0.52,0,28.49,1.9,0.68,,
Afghanistan,2008,AFG,South Asia,75.4,23.71,15,0.16,8.02,0.52,0,38.19,2.06,0.7,,
Afghanistan,2009,AFG,South Asia,72.78,25.43,13,0.16,8.08,0.51,0,44.42,2.26,0.9,,
Afghanistan,2010,AFG,South Asia,79,27.22,14,0.15,8.07,0.51,0,50.57,2.57,1.61,,
Afghanistan,2011,AFG,South Asia,73.26,29.07,15,0.15,7.95,0.5,0,51.76,2.86,1.4,,
Afghanistan,2012,AFG,South Asia,74.49,30.99,8,0.15,8.02,0.49,0,53.62,2.64,0.22,,
Afghanistan,2013,AFG,South Asia,72.05,32.96,8,0.16,7.95,0.5,0,53.58,2.51,1.28,,
Afghanistan,2014,AFG,South Asia,73.06,35,12,0.16,7.91,0.5,0.01,52.58,2.56,0.46,,
Afghanistan,2015,AFG,South Asia,78.38,37.1,11,0.17,8.99,0.5,0.01,51.67,2.45,1.09,,
Afghanistan,2016,AFG,South Asia,75.97,39.27,15,0.15,10.09,0.51,0.02,51.66,2.5,1.56,,
Afghanistan,2017,AFG,South Asia,75.48,41.5,15,0.15,11.18,0.52,0.03,53.64,2.49,1.54,,
Afghanistan,2018,AFG,South Asia,76.22,43.8,16,0.17,11.11,0.52,0.04,55.43,2.79,1.54,,
Afghanistan,2019,AFG,South Asia,76.82,46.17,16,0.17,11.09,0.52,0.04,,3.21,0.91,,
Afghanistan,2020,AFG,South Asia,74.81,48.44,19,0.14,11.71,0.52,,,,0.5,,
Afghanistan,2021,AFG,South Asia,,,16,0.05,,0.52,,,,1.33,,
Afghanistan,2022,AFG,South Asia,,,24,0.02,,,,,,2.01,,
Albania,2000,ALB,Europe and Central Asia,51.81,69.24,,0.27,19.03,0.47,0.4,71.08,6.19,1.07,,
Albania,2001,ALB,Europe and Central Asia,49.13,70.25,,0.28,18.58,0.48,0.39,72.54,6.58,1.53,,
Albania,2002,ALB,Europe and Central Asia,50.86,71.37,25,0.3,17.9,0.48,0.39,72.87,7.63,0.49,,
Albania,2003,ALB,Europe and Central Asia,47.6,72.44,25,0.31,16.99,0.48,0.39,75.24,8.12,0.97,,
Albania,2004,ALB,Europe and Central Asia,47.05,73.46,25,0.31,16.31,0.48,0.38,74.8,8.06,0.44,,
Albania,2005,ALB,Europe and Central Asia,48.44,74.43,24,0.33,15.97,0.47,0.38,77.91,8.55,0.19,,
Albania,2006,ALB,Europe and Central Asia,48.58,75.34,26,0.35,15.63,0.47,0.37,79.19,8.44,0.35,,
Albania,2007,ALB,Europe and Central Asia,51.29,76.19,29,0.35,15.97,0.47,0.37,82.2,8.41,1.32,,
Albania,2008,ALB,Europe and Central Asia,56.22,77,34,0.34,13.06,0.47,0.32,84.13,9.15,0.98,,
Albania,2009,ALB,Europe and Central Asia,57.51,77.74,32,0.34,13.67,0.47,0.31,85.69,9.35,0.91,,
Albania,2010,ALB,Europe and Central Asia,59.94,78.43,33,0.34,14.09,0.47,0.32,88.1,9.22,1.19,,
Albania,2011,ALB,Europe and Central Asia,60.46,79.07,31,0.34,13.48,0.47,0.35,89.8,9.59,1.06,,
Albania,2012,ALB,Europe and Central Asia,58.83,79.65,33,0.33,13.38,0.47,0.34,92.29,9.4,1.49,,
Albania,2013,ALB,Europe and Central Asia,57.83,80.17,31,0.31,15.87,0.49,0.35,96.26,9.58,1.33,,
Albania,2014,ALB,Europe and Central Asia,59.12,80.64,33,0.31,18.05,0.5,0.36,97.68,10.33,1.2,,
Albania,2015,ALB,Europe and Central Asia,57.17,81.05,36,0.31,17.19,0.49,0.37,97.39,9.54,1.57,,
Albania,2016,ALB,Europe and Central Asia,57.05,81.41,39,0.31,15.42,0.51,0.39,95.71,9.24,1.46,,
Albania,2017,ALB,Europe and Central Asia,57.46,81.72,38,0.31,13.62,0.5,0.38,95.27,10.5,1.12,,
Albania,2018,ALB,Europe and Central Asia,56.49,81.98,36,0.3,12.3,0.49,0.39,95.43,10.57,2.03,,
Albania,2019,ALB,Europe and Central Asia,,82.19,35,0.3,11.47,0.48,0.39,95.09,10.91,1.68,,
Albania,2020,ALB,Europe and Central Asia,,82.36,36,0.3,13.07,0.48,,94.28,,1.5,,
Albania,2021,ALB,Europe and Central Asia,,,35,0.3,12.68,0.48,,96.11,,1.54,,
Albania,2022,ALB,Europe and Central Asia,,,36,0.3,,,,,,1.52,,
Algeria,2000,DZA,Middle East and North Africa,25.79,70.08,,0.15,29.77,0.53,0.07,65.12,7.34,0.82,,
Algeria,2001,DZA,Middle East and North Africa,21.67,70.64,,0.15,27.3,0.53,0.08,68.82,7.12,1.86,,
Algeria,2002,DZA,Middle East and North Africa,22.52,71.19,,0.15,25.9,0.52,0.08,71.95,7.27,1.26,,
Algeria,2003,DZA,Middle East and North Africa,21.15,71.73,26,0.16,23.72,0.52,0.08,74.1,7.33,1.59,,
Algeria,2004,DZA,Middle East and North Africa,26.09,72.25,27,0.15,17.65,0.51,0.09,77.51,7.09,0.99,,
Algeria,2005,DZA,Middle East and North Africa,28.09,72.75,28,0.15,15.27,0.51,0.09,78.99,7.21,1.26,,
Algeria,2006,DZA,Middle East and North Africa,29.12,73.24,31,0.15,12.27,0.51,0.09,79.88,6.57,1.4,,
Algeria,2007,DZA,Middle East and North Africa,28.09,73.72,30,0.15,13.79,0.5,0.09,70.31,6.89,1.22,,
Algeria,2008,DZA,Middle East and North Africa,26.15,74.18,32,0.15,11.33,0.5,0.1,76.7,7.27,1.19,,
Algeria,2009,DZA,Middle East and North Africa,27.45,74.63,28,0.15,10.16,0.5,0.1,92.88,8.77,0.95,,
Algeria,2010,DZA,Middle East and North Africa,28.88,75.06,29,0.15,9.96,0.49,0.1,96.94,8.27,2.27,,
Algeria,2011,DZA,Middle East and North Africa,27.87,75.47,29,0.14,9.96,0.49,0.11,99.61,7.97,1.4,,
Algeria,2012,DZA,Middle East and North Africa,25.72,75.87,34,0.14,10.97,0.49,0.12,,8.28,1.15,,
Algeria,2013,DZA,Middle East and North Africa,27.56,76.25,36,0.13,9.82,0.49,0.12,,8.63,1.19,,
Algeria,2014,DZA,Middle East and North Africa,26.66,76.62,36,0.12,10.21,0.49,0.12,,9,1.69,,
Algeria,2015,DZA,Middle East and North Africa,28.21,76.97,36,0.12,11.21,0.49,0.12,,9.51,1.12,,
Algeria,2016,DZA,Middle East and North Africa,30.88,77.31,34,0.11,10.2,0.49,0.12,,9.19,1.76,,
Algeria,2017,DZA,Middle East and North Africa,32.54,77.64,33,0.11,10.33,0.49,0.13,,9.12,1.51,,
Algeria,2018,DZA,Middle East and North Africa,32.63,77.95,35,0.12,10.42,0.49,0.13,,9.32,1.21,,
Algeria,2019,DZA,Middle East and North Africa,33.4,78.25,35,0.1,10.49,0.49,0.12,,9.37,1.12,,
Algeria,2020,DZA,Middle East and North Africa,35.8,78.54,36,0.11,12.25,0.49,,,,1.93,,
Algeria,2021,DZA,Middle East and North Africa,,,33,0.11,11.75,0.49,,,,2.33,,
Algeria,2022,DZA,Middle East and North Africa,,,33,0.11,,,,,,1.69,,
Angola,2000,AGO,Sub-Saharan Africa,27.3,7.54,17,0.07,4.16,0.68,0.29,12.27,7.68,0.17,,
Angola,2001,AGO,Sub-Saharan Africa,45.09,9.13,,0.06,4.12,0.67,0.29,13.85,7.62,0.3,,
Angola,2002,AGO,Sub-Saharan Africa,49.66,10.76,17,0.06,4.04,0.66,0.28,14.98,7.56,0.74,,
Angola,2003,AGO,Sub-Saharan Africa,48.51,12.41,18,0.06,4.04,0.66,0.28,,7.45,0.89,,
Angola,2004,AGO,Sub-Saharan Africa,46.89,14.09,20,0.06,3.97,0.65,0.29,,7.92,0.41,,
Angola,2005,AGO,Sub-Saharan Africa,42.33,15.81,20,0.06,3.91,0.64,0.29,,7.62,1.02,,
Angola,2006,AGO,Sub-Saharan Africa,30.67,17.46,22,0.06,3.88,0.63,0.29,,6.81,0.56,,
Angola,2007,AGO,Sub-Saharan Africa,28.38,19.13,22,0.06,3.83,0.62,0.29,,7.88,0.89,,
Angola,2008,AGO,Sub-Saharan Africa,21.65,20.82,19,0.06,3.79,0.61,0.28,21.29,7.97,0.5,,
Angola,2009,AGO,Sub-Saharan Africa,15.51,22.53,19,0.07,3.78,0.62,0.27,22.69,9.43,0.71,,
Angola,2010,AGO,Sub-Saharan Africa,19.34,24.25,18,0.07,9.43,0.62,0.27,26.26,8.46,1.19,,
Angola,2011,AGO,Sub-Saharan Africa,17.99,25.98,20,0.09,7.36,0.63,0.27,26.48,8.15,0.88,,
Angola,2012,AGO,Sub-Saharan Africa,17.62,27.73,22,0.09,8.06,0.64,0.27,,8.17,0.55,,
Angola,2013,AGO,Sub-Saharan Africa,21.35,29.49,23,0.08,8.83,0.65,0.26,,8.19,1.04,,
Angola,2014,AGO,Sub-Saharan Africa,26.88,31.27,19,0.08,9.58,0.66,0.26,,8.32,0.83,,
Angola,2015,AGO,Sub-Saharan Africa,33.52,33.05,15,0.08,9.58,0.66,0.26,,8.32,1.33,,
Angola,2016,AGO,Sub-Saharan Africa,35.21,34.84,18,0.08,9.59,0.67,0.27,50.67,7.9,1.61,,
Angola,2017,AGO,Sub-Saharan Africa,34.12,36.64,19,0.08,9.53,0.68,0.27,,7.5,0.87,,
Angola,2018,AGO,Sub-Saharan Africa,36.26,38.44,19,0.1,9.52,0.69,0.27,,6.79,1.4,,
Angola,2019,AGO,Sub-Saharan Africa,37.89,38.75,26,0.1,9.48,0.69,0.27,,6.17,1.75,,
Angola,2020,AGO,Sub-Saharan Africa,37.14,39.06,27,0.1,10.35,0.69,,,,1.16,,
Angola,2021,AGO,Sub-Saharan Africa,,,29,0.09,10.38,0.69,,,,1.55,,
Angola,2022,AGO,Sub-Saharan Africa,,,33,0.11,,,,,,1.21,,
Argentina,2000,ARG,Latin America and Caribbean,29.1,91.69,35,0.58,15,0.64,0.36,95.94,23.74,-0.19,,
Argentina,2001,ARG,Latin America and Caribbean,29.47,92.13,35,0.58,17.32,0.66,0.37,96.85,23.11,0.43,,
Argentina,2002,ARG,Latin America and Caribbean,29.99,92.57,28,0.57,19.59,0.67,0.37,95.9,17.34,0.28,,
Argentina,2003,ARG,Latin America and Caribbean,28.25,93.01,25,0.56,15.36,0.62,0.36,94.96,19.51,0.64,,
Argentina,2004,ARG,Latin America and Caribbean,27.63,93.44,25,0.56,13.52,0.6,0.36,94.51,20.57,0.47,,
Argentina,2005,ARG,Latin America and Caribbean,33.07,93.86,28,0.55,11.51,0.59,0.35,92.76,20.42,0.28,,
Argentina,2006,ARG,Latin America and Caribbean,32.41,94.29,29,0.54,10.08,0.58,0.35,91.81,24.65,0.6,,
Argentina,2007,ARG,Latin America and Caribbean,31.29,94.71,29,0.55,8.47,0.59,0.35,91.92,23.67,-0.17,,
Argentina,2008,ARG,Latin America and Caribbean,30.26,95.12,29,0.54,7.84,0.59,0.35,93.24,23.55,0.6,,
Argentina,2009,ARG,Latin America and Caribbean,26.19,95.53,29,0.53,8.65,0.57,0.36,96.62,24.18,0.86,,
Argentina,2010,ARG,Latin America and Caribbean,26.78,95.94,29,0.52,7.71,0.57,0.35,99.5,21.19,0.14,,
Argentina,2011,ARG,Latin America and Caribbean,26.89,96.34,30,0.53,7.18,0.55,0.35,101.54,23.05,0.39,,
Argentina,2012,ARG,Latin America and Caribbean,26.09,96.73,35,0.53,7.22,0.54,0.35,103.48,20.79,0.8,,
Argentina,2013,ARG,Latin America and Caribbean,26.82,96.93,34,0.53,7.1,0.54,0.35,105.04,21.25,0.44,,
Argentina,2014,ARG,Latin America and Caribbean,27.04,97.13,34,0.54,7.27,0.56,0.35,106.04,21.4,0.95,,
Argentina,2015,ARG,Latin America and Caribbean,25.93,97.32,32,0.52,7.52,0.56,0.35,106.95,21.59,0.96,,
Argentina,2016,ARG,Latin America and Caribbean,29.57,97.52,36,0.5,8.11,0.57,0.36,108.46,20.95,0.49,,
Argentina,2017,ARG,Latin America and Caribbean,25.84,,39,0.5,8.35,0.58,0.36,108.73,20.08,1.1,,
Argentina,2018,ARG,Latin America and Caribbean,27.83,,40,0.52,9.22,0.59,0.36,107.65,19.54,0.88,,
Argentina,2019,ARG,Latin America and Caribbean,26.81,,45,0.52,9.84,0.59,0.37,108.23,19.02,0.76,,
Argentina,2020,ARG,Latin America and Caribbean,24.21,,42,0.56,11.46,0.59,,110.13,,1.12,,
Argentina,2021,ARG,Latin America and Caribbean,,,38,0.55,8.74,0.59,,,,1.03,,
Argentina,2022,ARG,Latin America and Caribbean,,,38,0.56,,,,,,0.64,,
Armenia,2000,ARM,Europe and Central Asia,62.01,89.48,25,0.21,11.06,0.54,0.36,92.15,5.75,1.03,,
Armenia,2001,ARM,Europe and Central Asia,50.88,89.99,,0.21,10.93,0.53,0.37,88.28,5.85,1.4,,
Armenia,2002,ARM,Europe and Central Asia,75.23,90.53,,0.21,10.81,0.54,0.37,,5.65,1.19,,
Armenia,2003,ARM,Europe and Central Asia,76.43,91.1,30,0.19,10.63,0.53,0.37,,6.21,0.14,,
Armenia,2004,ARM,Europe and Central Asia,71.59,91.67,31,0.18,10.35,0.56,0.37,89.35,6.68,1.16,,
Armenia,2005,ARM,Europe and Central Asia,62.94,92.24,29,0.19,10.22,0.55,0.37,92.05,7.89,0.48,,
Armenia,2006,ARM,Europe and Central Asia,61.17,92.82,29,0.18,10,0.48,0.37,94.94,7.62,1.62,,
Armenia,2007,ARM,Europe and Central Asia,58.23,93.41,30,0.19,9.81,0.5,0.38,96.43,10.04,0.71,,
Armenia,2008,ARM,Europe and Central Asia,71.44,94,29,0.18,10,0.48,0.38,94.97,9.38,0.86,,
Armenia,2009,ARM,Europe and Central Asia,73.63,94.6,27,0.18,9.89,0.47,0.38,100.13,8.45,0.71,,
Armenia,2010,ARM,Europe and Central Asia,77.62,95.21,26,0.19,10.54,0.5,0.36,104.71,8.34,2.78,,
Armenia,2011,ARM,Europe and Central Asia,78.42,95.82,26,0.19,10.92,0.48,0.38,93.13,8.37,0.65,,
Armenia,2012,ARM,Europe and Central Asia,78.59,96.44,34,0.2,11.3,0.48,0.38,,9,1.25,,
Armenia,2013,ARM,Europe and Central Asia,82.88,97.06,36,0.19,11.53,0.49,0.38,85.9,9.01,1.41,,
Armenia,2014,ARM,Europe and Central Asia,82.48,97.67,37,0.21,11.86,0.5,0.4,85.88,9.14,1.28,,
Armenia,2015,ARM,Europe and Central Asia,81.63,98.16,35,0.2,12.18,0.51,0.41,86.01,8.97,1.93,,
Armenia,2016,ARM,Europe and Central Asia,80.65,98.64,33,0.23,12.43,0.52,0.41,,8.43,1.36,,
Armenia,2017,ARM,Europe and Central Asia,84.35,99.46,35,0.26,12.94,0.54,0.41,,9.07,0.89,,
Armenia,2018,ARM,Europe and Central Asia,84.28,99.53,35,0.35,13.21,0.54,0.4,83.15,10.27,2.77,,
Armenia,2019,ARM,Europe and Central Asia,84.79,99.61,42,0.56,12.2,0.5,0.4,86.47,9.27,1.86,,
Armenia,2020,ARM,Europe and Central Asia,77.85,99.66,49,0.52,12.18,0.5,,87.25,,1.95,,
Armenia,2021,ARM,Europe and Central Asia,,,49,0.46,12.73,0.5,,88.89,,2.09,,
Armenia,2022,ARM,Europe and Central Asia,,,46,0.4,,,,,,1.71,,
Australia,2000,AUS,East Asia and Pacific,21,96.39,83,0.65,6.28,0.47,0.35,,60.05,0.15,,
Australia,2001,AUS,East Asia and Pacific,20.44,96.37,85,0.64,6.74,0.46,0.36,,59.03,0.34,,
Australia,2002,AUS,East Asia and Pacific,19.92,96.39,86,0.64,6.37,0.47,0.36,,61.78,0.74,,
Australia,2003,AUS,East Asia and Pacific,19.15,96.47,88,0.64,5.93,0.47,0.36,,62.93,0.84,,
Australia,2004,AUS,East Asia and Pacific,19.22,96.55,88,0.63,5.39,0.47,0.35,,67.59,0.72,,
Australia,2005,AUS,East Asia and Pacific,19.64,96.64,88,0.63,5.03,0.48,0.35,,64.71,1.21,,
Australia,2006,AUS,East Asia and Pacific,19.75,96.72,87,0.62,4.78,0.49,0.35,,67.83,0.72,,
Australia,2007,AUS,East Asia and Pacific,19,96.8,8.6,0.63,4.38,0.48,0.35,,70.77,0.93,,
Australia,2008,AUS,East Asia and Pacific,19.04,96.88,87,0.64,4.23,0.46,0.35,,67.03,0.63,,
Australia,2009,AUS,East Asia and Pacific,19.05,96.97,87,0.64,5.56,0.47,0.35,,69.3,1.03,,
Australia,2010,AUS,East Asia and Pacific,19.75,97.05,87,0.64,5.21,0.48,0.36,,68.03,0.67,,
Australia,2011,AUS,East Asia and Pacific,19.17,97.12,88,0.64,5.08,0.47,0.36,,68.92,0.21,,
Australia,2012,AUS,East Asia and Pacific,19.93,97.19,85,0.64,5.22,0.48,0.36,,72.02,0.31,,
Australia,2013,AUS,East Asia and Pacific,19.53,97.26,81,0.61,5.66,0.49,0.36,,67.84,1.5,,
Australia,2014,AUS,East Asia and Pacific,17.82,97.36,80,0.6,6.08,0.49,0.36,,67.35,1.2,,
Australia,2015,AUS,East Asia and Pacific,17.2,97.43,79,0.61,6.05,0.49,0.36,157.17,66.78,1.09,,
Australia,2016,AUS,East Asia and Pacific,16.95,97.44,79,0.61,5.71,0.49,0.36,153.01,63.9,1.17,,
Australia,2017,AUS,East Asia and Pacific,16.6,97.46,77,0.65,5.59,0.5,0.36,150.31,63.91,1.14,,
Australia,2018,AUS,East Asia and Pacific,16.22,97.47,77,0.64,5.3,0.49,0.36,132.77,61.68,1.13,,
Australia,2019,AUS,East Asia and Pacific,14.69,97.48,77,0.59,5.16,0.49,0.37,140.65,60.15,1.42,,
Australia,2020,AUS,East Asia and Pacific,13.77,97.49,77,0.61,6.46,0.49,,134.45,,1.42,,
Australia,2021,AUS,East Asia and Pacific,,,73,0.61,5.12,0.49,,,,0.63,,
Australia,2022,AUS,East Asia and Pacific,,,75,0.61,,,,,,0.75,,
Austria,2000,AUT,Europe and Central Asia,17.82,100,77,0.62,4.69,0.45,0.32,98.7,45.62,1.77,,
Austria,2001,AUT,Europe and Central Asia,18.46,100,78,0.62,4.01,0.44,0.33,98.96,45.38,1.5,,
Austria,2002,AUT,Europe and Central Asia,18.61,100,78,0.62,4.85,0.45,0.33,99.02,45.57,1.53,,
Austria,2003,AUT,Europe and Central Asia,18.89,100,80,0.62,4.78,0.46,0.34,99.48,46.73,1.46,,
Austria,2004,AUT,Europe and Central Asia,19.3,100,84,0.62,5.83,0.44,0.34,99.52,47.2,0.83,,
Austria,2005,AUT,Europe and Central Asia,19.18,100,87,0.62,5.63,0.46,0.34,100.35,48.62,0.63,,
Austria,2006,AUT,Europe and Central Asia,18.81,100,86,0.62,5.24,0.47,0.33,100.33,50.48,0.91,,
Austria,2007,AUT,Europe and Central Asia,18.81,100,81,0.63,4.86,0.46,0.34,99.71,47.88,2.14,,
Austria,2008,AUT,Europe and Central Asia,18.24,100,81,0.63,4.13,0.46,0.34,99.42,47.29,1.58,,
Austria,2009,AUT,Europe and Central Asia,18.05,100,79,0.63,5.3,0.45,0.34,99.65,42.38,1.54,,
Austria,2010,AUT,Europe and Central Asia,18.6,100,79,0.62,4.82,0.45,0.35,98.81,44.42,0.66,,
Austria,2011,AUT,Europe and Central Asia,18.74,100,78,0.62,4.56,0.44,0.34,98.06,45.23,1.37,,
Austria,2012,AUT,Europe and Central Asia,18.67,100,69,0.62,4.87,0.43,0.34,97.84,43.12,1.78,,
Austria,2013,AUT,Europe and Central Asia,19.17,100,69,0.66,5.34,0.43,0.35,99.2,42.01,1.1,,
Austria,2014,AUT,Europe and Central Asia,19.1,100,72,0.66,5.62,0.44,0.34,99.66,41.38,2.41,,
Austria,2015,AUT,Europe and Central Asia,19.09,100,76,0.66,5.72,0.44,0.34,100.32,41.08,2.17,,
Austria,2016,AUT,Europe and Central Asia,19.24,100,75,0.63,6.01,0.44,0.34,100.96,41.18,2.1,,
Austria,2017,AUT,Europe and Central Asia,19.15,100,75,0.64,5.5,0.43,0.35,100.46,42.03,1.74,,
Austria,2018,AUT,Europe and Central Asia,18.43,100,76,0.62,4.85,0.43,0.35,99.96,41,2.52,,
Austria,2019,AUT,Europe and Central Asia,17.91,100,77,0.62,4.49,0.43,0.35,100.19,41.9,2.37,,
Austria,2020,AUT,Europe and Central Asia,16.8,100,76,0.61,5.36,0.44,,100.37,,2.32,,
Austria,2021,AUT,Europe and Central Asia,,,74,0.59,6.18,0.44,,,,1.4,,
Austria,2022,AUT,Europe and Central Asia,,,71,0.56,,,,,,2.5,,
Azerbaijan,2000,AZE,Europe and Central Asia,68.61,57.84,15,0.09,11.78,0.55,0.41,,12.2,1.1,,
Azerbaijan,2001,AZE,Europe and Central Asia,70.08,59.61,20,0.09,10.91,0.55,0.41,,12.47,1.4,,
Azerbaijan,2002,AZE,Europe and Central Asia,72.29,61.4,20,0.09,10.04,0.48,0.41,,12.64,1.43,,
Azerbaijan,2003,AZE,Europe and Central Asia,68.87,63.22,18,0.09,9.17,0.47,0.41,,14.63,-0.15,,
Azerbaijan,2004,AZE,Europe and Central Asia,65.77,65.06,19,0.08,7.99,0.48,0.41,,15.66,1.3,,
Azerbaijan,2005,AZE,Europe and Central Asia,58.51,66.93,22,0.08,7.26,0.49,0.4,,15.43,0.81,,
Azerbaijan,2006,AZE,Europe and Central Asia,56.39,68.83,24,0.08,6.62,0.54,0.39,,18.01,1.49,,
Azerbaijan,2007,AZE,Europe and Central Asia,52.71,70.75,21,0.08,6.33,0.56,0.39,,15.64,0.96,,
Azerbaijan,2008,AZE,Europe and Central Asia,54.17,72.69,19,0.08,5.86,0.49,0.39,,16.64,0.88,,
Azerbaijan,2009,AZE,Europe and Central Asia,55.54,74.66,23,0.08,5.74,0.48,0.39,,15.49,0.78,,
Azerbaijan,2010,AZE,Europe and Central Asia,57.92,76.67,24,0.08,5.63,0.47,0.39,,14.76,2.33,,
Azerbaijan,2011,AZE,Europe and Central Asia,59.87,78.69,24,0.08,5.42,0.48,0.39,,15.32,0.77,,
Azerbaijan,2012,AZE,Europe and Central Asia,60.63,80.75,27,0.07,5.19,0.49,0.38,,16.52,1.47,,
Azerbaijan,2013,AZE,Europe and Central Asia,64.21,82.84,28,0.07,4.97,0.48,0.38,,16.3,1.57,,
Azerbaijan,2014,AZE,Europe and Central Asia,65.58,84.95,29,0.06,4.91,0.48,0.38,,17.87,1.25,,
Azerbaijan,2015,AZE,Europe and Central Asia,67.45,87.03,29,0.06,4.96,0.48,0.37,,18.07,1.67,,
Azerbaijan,2016,AZE,Europe and Central Asia,70.67,87.75,30,0.07,5,0.47,0.37,,17.09,1.53,,
Azerbaijan,2017,AZE,Europe and Central Asia,72.51,88.46,31,0.07,4.96,0.48,0.37,,16.93,1.31,,
Azerbaijan,2018,AZE,Europe and Central Asia,73.23,89.17,25,0.06,4.94,0.48,0.37,94.48,16.96,2.24,,
Azerbaijan,2019,AZE,Europe and Central Asia,68.32,89.85,30,0.07,4.85,0.48,0.37,94.78,17.84,2,,
Azerbaijan,2020,AZE,Europe and Central Asia,65.2,90.44,30,0.07,7.16,0.48,,94.09,,2.02,,
Azerbaijan,2021,AZE,Europe and Central Asia,,,30,0.06,5.95,0.48,,93.68,,2.06,,
Azerbaijan,2022,AZE,Europe and Central Asia,,,23,0.06,,,,,,2.08,,
"Bahamas, The ",2000,BHS,Latin America and Caribbean,27.23,97.46,,,7.2,0.68,0.41,,56.48,0.16,,
"Bahamas, The ",2001,BHS,Latin America and Caribbean,28.23,97.49,,,6.87,0.69,0.41,,54.75,0.14,,
"Bahamas, The ",2002,BHS,Latin America and Caribbean,28.81,97.52,,,9.05,0.69,0.41,91.88,52.92,0.86,,
"Bahamas, The ",2003,BHS,Latin America and Caribbean,28.64,97.55,,,10.84,0.68,0.41,,51.24,0.99,,
"Bahamas, The ",2004,BHS,Latin America and Caribbean,29.6,97.58,,,10.2,0.68,0.41,86.18,48.13,0.31,,
"Bahamas, The ",2005,BHS,Latin America and Caribbean,30.36,97.62,,,10.2,0.67,0.4,88.46,46.83,0.46,,
"Bahamas, The ",2006,BHS,Latin America and Caribbean,29.36,97.65,,,7.54,0.67,0.41,89.68,46.87,0.39,,
"Bahamas, The ",2007,BHS,Latin America and Caribbean,28.73,97.68,,,7.88,0.68,0.41,93.11,45.63,0.94,,
"Bahamas, The ",2008,BHS,Latin America and Caribbean,27.81,97.71,,,8.18,0.67,0.4,92.16,43.78,0.84,,
"Bahamas, The ",2009,BHS,Latin America and Caribbean,27.01,97.74,,,14.25,0.66,0.41,90.24,41.06,0.41,,
"Bahamas, The ",2010,BHS,Latin America and Caribbean,27.6,97.77,,,14.32,0.66,0.41,89.35,39.53,0.31,,
"Bahamas, The ",2011,BHS,Latin America and Caribbean,27.96,97.8,73,,14.52,0.65,0.41,84.99,38.57,0.36,,
"Bahamas, The ",2012,BHS,Latin America and Caribbean,28.76,97.84,71,,14.02,0.65,0.42,85.76,36.66,0.34,,
"Bahamas, The ",2013,BHS,Latin America and Caribbean,27.95,97.87,71,,16.18,0.65,0.42,76.89,35.58,0.57,,
"Bahamas, The ",2014,BHS,Latin America and Caribbean,28.34,97.9,71,,13.8,0.65,0.41,,34.93,0.88,,
"Bahamas, The ",2015,BHS,Latin America and Caribbean,30.41,97.93,66,,12,0.65,0.41,,33.93,1.11,,
"Bahamas, The ",2016,BHS,Latin America and Caribbean,28.05,97.93,65,,12.7,0.65,0.41,,32.84,1.04,,
"Bahamas, The ",2017,BHS,Latin America and Caribbean,24.4,97.93,65,,9.8,0.65,0.41,,31.84,1.33,,
"Bahamas, The ",2018,BHS,Latin America and Caribbean,27.35,97.93,65,,10,0.65,0.42,,30.87,1.02,,
"Bahamas, The ",2019,BHS,Latin America and Caribbean,26.35,97.93,64,,10.05,0.64,0.42,,30,1.44,,
"Bahamas, The ",2020,BHS,Latin America and Caribbean,21.73,,63,,12.87,0.66,,,,1.61,,
"Bahamas, The ",2021,BHS,Latin America and Caribbean,,,64,,11.66,0.66,,,,0.88,,
"Bahamas, The ",2022,BHS,Latin America and Caribbean,,,64,,,,,,,1.48,,
Bahrain,2000,BHR,Middle East and North Africa,27.54,98.89,,0.02,1.12,0.65,0.13,97.57,81.97,1.12,,
Bahrain,2001,BHR,Middle East and North Africa,26.77,98.9,,0.06,1.14,0.65,0.14,97.97,79.12,1.22,,
Bahrain,2002,BHR,Middle East and North Africa,26.95,98.91,,0.1,1.14,0.64,0.13,94.3,76.28,1.55,,
Bahrain,2003,BHR,Middle East and North Africa,32.32,98.92,61,0.11,1.11,0.64,0.13,94.26,74.47,1.26,,
Bahrain,2004,BHR,Middle East and North Africa,30.68,98.92,58,0.11,1.1,0.64,0.13,95.37,71.8,1.39,,
Bahrain,2005,BHR,Middle East and North Africa,27.47,98.93,58,0.12,1.1,0.64,0.13,96.2,68.26,1.07,,
Bahrain,2006,BHR,Middle East and North Africa,26.7,98.94,57,0.11,1.11,0.64,0.13,96.4,65.89,1.82,,
Bahrain,2007,BHR,Middle East and North Africa,30.24,98.95,50,0.11,1.09,0.65,0.13,,62.48,1.08,,
Bahrain,2008,BHR,Middle East and North Africa,27.91,98.95,54,0.11,1.11,0.65,0.13,91.79,60.19,1.33,,
Bahrain,2009,BHR,Middle East and North Africa,26.58,98.96,51,0.11,1.14,0.65,0.13,91.98,56.86,1.22,,
Bahrain,2010,BHR,Middle East and North Africa,26.75,98.97,49,0.11,1.13,0.65,0.14,92.86,55.64,2.29,,
Bahrain,2011,BHR,Middle East and North Africa,26.32,98.98,51,0.07,1.18,0.65,0.14,95.3,54.96,1.43,,
Bahrain,2012,BHR,Middle East and North Africa,26.8,98.98,51,0.05,1.2,0.66,0.14,91.67,53.99,1.39,,
Bahrain,2013,BHR,Middle East and North Africa,26.92,98.98,48,0.05,1.18,0.66,0.14,96.67,53.04,1.4,,
Bahrain,2014,BHR,Middle East and North Africa,26.14,98.98,49,0.05,1.18,0.66,0.14,98.94,53.67,1.69,,
Bahrain,2015,BHR,Middle East and North Africa,25.89,98.98,51,0.04,1.2,0.66,0.14,102.16,53.67,2.24,,
Bahrain,2016,BHR,Middle East and North Africa,27.99,98.98,43,0.04,1.18,0.66,0.14,103.85,52.31,1.6,,
Bahrain,2017,BHR,Middle East and North Africa,32.54,98.98,36,0.04,1.17,0.66,0.14,102.2,50.56,2.08,,
Bahrain,2018,BHR,Middle East and North Africa,30.46,98.98,36,0.03,1.18,0.66,0.13,98.6,48.74,2.25,,
Bahrain,2019,BHR,Middle East and North Africa,30.82,98.98,42,0.04,1.18,0.66,0.13,97.11,47.2,2.11,,
Bahrain,2020,BHR,Middle East and North Africa,30.12,98.98,42,0.04,1.67,0.66,,,,2.03,,
Bahrain,2021,BHR,Middle East and North Africa,,,42,0.04,1.53,0.66,,,,2.46,,
Bahrain,2022,BHR,Middle East and North Africa,,,44,0.04,,,,,,2.02,,
Bangladesh,2000,BGD,South Asia,61.82,63.78,,0.25,3.27,0.55,0.08,49.76,1.65,0.23,,
Bangladesh,2001,BGD,South Asia,65.81,63.95,4,0.24,3.62,0.55,0.08,51.04,1.83,0.32,,
Bangladesh,2002,BGD,South Asia,62.94,64.16,12,0.23,3.93,0.56,0.09,52.2,1.77,0.4,,
Bangladesh,2003,BGD,South Asia,63.01,64.36,13,0.23,4.32,0.56,0.09,51.93,1.97,0.24,,
Bangladesh,2004,BGD,South Asia,63.1,64.56,15,0.23,4.27,0.56,0.08,48.35,1.99,0.27,,
Bangladesh,2005,BGD,South Asia,65.38,65.7,17,0.23,4.25,0.56,0.08,46.96,2.03,0.59,,
Bangladesh,2006,BGD,South Asia,65.64,66.84,20,0.21,3.59,0.56,0.08,47.53,2.06,0.81,,
Bangladesh,2007,BGD,South Asia,66.41,67.97,20,0.12,4.09,0.56,0.08,48.3,2.12,0.27,,
Bangladesh,2008,BGD,South Asia,67.83,69.09,21,0.12,4.55,0.55,0.07,46.24,2.14,0.09,,
Bangladesh,2009,BGD,South Asia,67.94,70.21,24,0.2,5,0.54,0.07,50,2.24,0.84,,
Bangladesh,2010,BGD,South Asia,67.96,71.31,24,0.21,3.38,0.55,0.06,51.64,2.39,0.77,,
Bangladesh,2011,BGD,South Asia,68.18,72.42,27,0.2,3.75,0.54,0.07,52.43,2.48,0.14,,
Bangladesh,2012,BGD,South Asia,68.28,73.51,26,0.19,4.1,0.54,0.08,55.21,2.53,0.24,,
Bangladesh,2013,BGD,South Asia,69.62,74.59,27,0.16,4.43,0.54,0.09,60.17,2.68,0.23,,
Bangladesh,2014,BGD,South Asia,70.76,75.66,25,0.13,4.39,0.54,0.1,,2.77,0.48,,
Bangladesh,2015,BGD,South Asia,72.68,76.73,25,0.14,4.37,0.53,0.12,65.63,2.85,0.72,,
Bangladesh,2016,BGD,South Asia,71.49,77.78,26,0.14,4.35,0.53,0.13,71.42,2.88,1.34,,
Bangladesh,2017,BGD,South Asia,70.09,78.82,28,0.14,4.37,0.53,0.16,69.66,3.01,1.12,,
Bangladesh,2018,BGD,South Asia,70.68,79.86,26,0.12,4.38,0.53,0.16,72.69,3.18,0.88,,
Bangladesh,2019,BGD,South Asia,72.05,80.88,26,0.12,4.38,0.53,0.17,72.56,3.75,1.14,,
Bangladesh,2020,BGD,South Asia,74,81.89,26,0.12,5.21,0.53,,74.36,,0.9,,
Bangladesh,2021,BGD,South Asia,,,26,0.12,5.1,0.53,,75.49,,1.3,,
Bangladesh,2022,BGD,South Asia,,,25,0.13,,,,,,1.22,,
Barbados,2000,BRB,Latin America and Caribbean,39.37,98.21,,0.32,9.35,,0.4,103.62,,0.3,,
Barbados,2001,BRB,Latin America and Caribbean,38.06,98.22,,0.32,9.85,,0.4,103.51,,0.51,,
Barbados,2002,BRB,Latin America and Caribbean,36.52,98.23,,0.32,10.32,,0.4,104.33,,0.55,,
Barbados,2003,BRB,Latin America and Caribbean,35.93,98.24,,0.33,11,,0.41,105.45,,0.89,,
Barbados,2004,BRB,Latin America and Caribbean,33.59,98.25,73,0.33,9.57,,0.41,107.72,,0.7,,
Barbados,2005,BRB,Latin America and Caribbean,35.07,98.26,69,0.33,9.08,,0.41,108.54,,1.13,,
Barbados,2006,BRB,Latin America and Caribbean,35.38,98.27,67,0.33,8.73,,0.41,105.88,,0.84,,
Barbados,2007,BRB,Latin America and Caribbean,36.84,98.28,69,0.33,7.41,,0.41,105.39,,0.68,,
Barbados,2008,BRB,Latin America and Caribbean,35.46,98.29,70,0.33,8.12,,0.41,104.48,,0.32,,
Barbados,2009,BRB,Latin America and Caribbean,36.31,98.3,74,0.34,10.02,,0.42,103.23,,0.43,,
Barbados,2010,BRB,Latin America and Caribbean,38.08,98.31,78,0.34,10.69,,0.42,101.91,,1.15,,
Barbados,2011,BRB,Latin America and Caribbean,42.19,98.32,78,0.34,11.19,,0.42,103.64,,0.68,,
Barbados,2012,BRB,Latin America and Caribbean,38.61,98.33,76,0.34,11.59,,0.42,,,0.49,,
Barbados,2013,BRB,Latin America and Caribbean,40.99,98.34,75,0.33,11.55,,0.43,,,0.78,,
Barbados,2014,BRB,Latin America and Caribbean,43.8,98.35,74,0.33,12.17,,0.43,108.12,,0.42,,
Barbados,2015,BRB,Latin America and Caribbean,44,98.36,61,0.33,9.8,,0.43,107.53,,0.87,,
Barbados,2016,BRB,Latin America and Caribbean,44.07,98.37,68,0.33,8.25,,0.42,106.51,,,,
Barbados,2017,BRB,Latin America and Caribbean,45.29,98.38,68,0.33,8.62,,0.42,106.33,,,,
Barbados,2018,BRB,Latin America and Caribbean,46.52,98.39,68,0.33,8.32,,0.42,103.7,,,,
Barbados,2019,BRB,Latin America and Caribbean,46.73,98.4,62,0.34,8.41,,0.42,102.71,,,,
Barbados,2020,BRB,Latin America and Caribbean,40.59,98.4,64,0.35,10.1,,,104.02,,,,
Barbados,2021,BRB,Latin America and Caribbean,,,65,0.35,9.58,,,105.48,,,,
Barbados,2022,BRB,Latin America and Caribbean,,,65,0.33,,,,,,,,
Belarus,2000,BLR,Europe and Central Asia,16.03,80.61,41,0.11,12.25,0.49,0.43,,19.31,1.94,,
Belarus,2001,BLR,Europe and Central Asia,20.71,80.8,,0.09,11.54,0.47,0.43,,18.49,1.98,,
Belarus,2002,BLR,Europe and Central Asia,23.03,80.98,48,0.09,10.89,0.47,0.43,,19.58,1.89,,
Belarus,2003,BLR,Europe and Central Asia,20.17,81.16,42,0.09,10.3,0.46,0.43,,18.89,0.08,,
Belarus,2004,BLR,Europe and Central Asia,19.22,82.53,33,0.09,9.8,0.44,0.43,,19.72,0.93,,
Belarus,2005,BLR,Europe and Central Asia,21.78,83.86,26,0.09,9.04,0.45,0.43,,18.67,1.28,,
Belarus,2006,BLR,Europe and Central Asia,24.39,85.16,21,0.09,8.38,0.45,0.43,,20.77,0.65,,
Belarus,2007,BLR,Europe and Central Asia,25.79,86.43,21,0.09,7.66,0.47,0.43,,22.3,2.36,,
Belarus,2008,BLR,Europe and Central Asia,29.84,87.66,20,0.09,7.03,0.46,0.43,111.93,24.29,2.25,,
Belarus,2009,BLR,Europe and Central Asia,30.92,88.87,24,0.09,6.1,0.46,0.43,110.75,16.58,1.6,,
Belarus,2010,BLR,Europe and Central Asia,29.17,90.05,25,0.08,6.26,0.45,0.43,108.23,18.57,1.46,,
Belarus,2011,BLR,Europe and Central Asia,33.59,91.21,24,0.08,6.17,0.48,0.43,107.39,16.29,1.02,,
Belarus,2012,BLR,Europe and Central Asia,30.77,92.33,31,0.08,6.05,0.46,0.43,107.21,17.82,1.56,,
Belarus,2013,BLR,Europe and Central Asia,33.79,93.41,29,0.08,6.01,0.43,0.43,105.43,17.38,1.21,,
Belarus,2014,BLR,Europe and Central Asia,34.89,94.46,31,0.08,6,0.44,0.43,105.52,18.88,2.18,,
Belarus,2015,BLR,Europe and Central Asia,36.2,94.49,32,0.09,5.84,0.42,0.43,105.47,17.93,2.25,,
Belarus,2016,BLR,Europe and Central Asia,26.71,94.51,40,0.1,5.84,0.43,0.43,104.8,17.4,2.2,,
Belarus,2017,BLR,Europe and Central Asia,27.06,94.54,44,0.1,5.65,0.43,0.43,103.51,17.47,1.59,,
Belarus,2018,BLR,Europe and Central Asia,25.45,94.56,44,0.1,4.76,0.43,0.43,102.44,18.42,2.34,,
Belarus,2019,BLR,Europe and Central Asia,25.69,94.59,45,0.1,4.16,0.43,0.43,102.08,18.58,2.69,,
Belarus,2020,BLR,Europe and Central Asia,24.77,94.61,47,0.09,4.05,0.43,,103.47,,3.51,,
Belarus,2021,BLR,Europe and Central Asia,,,41,0.06,3.9,0.43,,104.65,,1.73,,
Belarus,2022,BLR,Europe and Central Asia,,,39,0.06,,,,,,1.92,,
Belgium,2000,BEL,Europe and Central Asia,20.23,100,61,0.63,6.59,0.45,0.34,144.88,60.65,1.48,,
Belgium,2001,BEL,Europe and Central Asia,19.59,100,66,0.63,6.18,0.45,0.34,153.8,58.13,1.34,,
Belgium,2002,BEL,Europe and Central Asia,20.87,100,71,0.63,6.91,0.44,0.35,155.91,60.49,1.4,,
Belgium,2003,BEL,Europe and Central Asia,20.75,100,76,0.63,7.68,0.44,0.36,158.63,59.2,1.53,,
Belgium,2004,BEL,Europe and Central Asia,19.94,100,75,0.62,7.36,0.45,0.35,153.41,65.51,1.09,,
Belgium,2005,BEL,Europe and Central Asia,20.01,100,74,0.63,8.44,0.45,0.36,159.89,64.04,1.2,,
Belgium,2006,BEL,Europe and Central Asia,20.21,100,73,0.63,8.25,0.45,0.37,161.02,67.11,1.4,,
Belgium,2007,BEL,Europe and Central Asia,20.56,100,71,0.63,7.46,0.45,0.37,159.51,68.22,1.88,,
Belgium,2008,BEL,Europe and Central Asia,19.91,100,73,0.64,6.98,0.44,0.38,158.74,62.59,1.26,,
Belgium,2009,BEL,Europe and Central Asia,19.67,100,71,0.64,7.91,0.43,0.39,156.64,51.94,1.16,,
Belgium,2010,BEL,Europe and Central Asia,19.72,100,71,0.64,8.29,0.44,0.4,156.86,55.28,0.23,,
Belgium,2011,BEL,Europe and Central Asia,19.6,100,75,0.64,7.14,0.43,0.4,156.63,57.62,1.29,,
Belgium,2012,BEL,Europe and Central Asia,19.29,100,75,0.64,7.54,0.43,0.4,157.79,52.13,1.13,,
Belgium,2013,BEL,Europe and Central Asia,19.53,100,75,0.64,8.43,0.44,0.4,160.92,51.14,0.46,,
Belgium,2014,BEL,Europe and Central Asia,19.28,100,76,0.64,8.52,0.44,0.4,162.3,50.47,2.42,,
Belgium,2015,BEL,Europe and Central Asia,18.71,100,77,0.64,8.48,0.44,0.4,163.93,50,1.37,,
Belgium,2016,BEL,Europe and Central Asia,18.1,100,77,0.64,7.83,0.44,0.4,161.03,48.34,1.88,,
Belgium,2017,BEL,Europe and Central Asia,17.91,100,75,0.64,7.09,0.44,0.41,158.54,48.57,1.73,,
Belgium,2018,BEL,Europe and Central Asia,17.82,100,75,0.64,5.95,0.45,0.41,155.96,50.25,2.2,,
Belgium,2019,BEL,Europe and Central Asia,18.98,100,75,0.64,5.36,0.45,0.41,156.08,49.8,2.08,,
Belgium,2020,BEL,Europe and Central Asia,16.04,100,76,0.63,5.55,0.45,,151.57,,2.57,,
Belgium,2021,BEL,Europe and Central Asia,,,73,0.64,6.26,0.45,,,,1.2,,
Belgium,2022,BEL,Europe and Central Asia,,,73,0.63,,,,,,2.81,,
Belize,2000,BLZ,Latin America and Caribbean,37.31,84.9,,,10.87,0.68,0.27,67.99,15.49,0.18,,
Belize,2001,BLZ,Latin America and Caribbean,33.66,85.53,,,9.07,0.69,0.27,70.59,15.27,0.45,,
Belize,2002,BLZ,Latin America and Caribbean,33.32,86.16,,,10.04,0.69,0.28,,15.01,0.73,,
Belize,2003,BLZ,Latin America and Caribbean,33.5,86.79,45,,10.26,0.68,0.28,76.94,14.89,0.95,,
Belize,2004,BLZ,Latin America and Caribbean,33.46,87.42,38,,10.59,0.68,0.29,78.26,14.58,0.7,,
Belize,2005,BLZ,Latin America and Caribbean,31.96,88.06,37,,10.91,0.67,0.29,76.47,14.41,0.85,,
Belize,2006,BLZ,Latin America and Caribbean,28.97,88.69,35,,9.39,0.67,0.29,76.67,14.61,0.66,,
Belize,2007,BLZ,Latin America and Caribbean,24.89,89.32,30,,8.51,0.68,0.3,75.31,14.47,0.85,,
Belize,2008,BLZ,Latin America and Caribbean,22.92,89.95,29,,8.18,0.67,0.3,74.79,14.56,0.58,,
Belize,2009,BLZ,Latin America and Caribbean,24.34,90.58,,,8.24,0.66,0.3,74.39,13.62,0.92,,
Belize,2010,BLZ,Latin America and Caribbean,24.63,91.36,,,8.24,0.66,0.3,75.31,13.66,0.84,,
Belize,2011,BLZ,Latin America and Caribbean,24.54,92.15,,,8.28,0.65,0.3,75.95,13.58,0.72,,
Belize,2012,BLZ,Latin America and Caribbean,25.35,92.93,,,8.31,0.65,0.31,78.32,13.14,0.64,,
Belize,2013,BLZ,Latin America and Caribbean,24.94,93.72,,,8.35,0.65,0.31,80.07,13.11,0.79,,
Belize,2014,BLZ,Latin America and Caribbean,22.3,94.52,,,8.24,0.65,0.3,79.76,12.78,0.7,,
Belize,2015,BLZ,Latin America and Caribbean,23.28,95.29,,,7.58,0.65,0.3,80.66,12.55,1.5,,
Belize,2016,BLZ,Latin America and Caribbean,23.66,95.85,,,7,0.65,0.3,87.01,12.38,1.45,,
Belize,2017,BLZ,Latin America and Caribbean,23.82,96.41,,,6.6,0.65,0.31,84.04,12.23,1.34,,
Belize,2018,BLZ,Latin America and Caribbean,23.2,96.96,,,7.81,0.65,0.31,85.37,12.09,0.85,,
Belize,2019,BLZ,Latin America and Caribbean,23.93,96.97,,,9.05,0.64,0.31,86.39,11.99,1.56,,
Belize,2020,BLZ,Latin America and Caribbean,21.92,96.97,,,10.79,0.66,,85.25,,1.72,,
Belize,2021,BLZ,Latin America and Caribbean,,,,,10.29,0.66,,88.23,,1.29,,
Belize,2022,BLZ,Latin America and Caribbean,,,,,,,,,,1.03,,
Benin,2000,BEN,Sub-Saharan Africa,52.37,39.64,,0.34,0.84,0.59,0.2,21.84,3.81,0.45,,
Benin,2001,BEN,Sub-Saharan Africa,49.89,38.92,,0.34,0.77,0.59,0.2,23.67,3.83,0.52,,
Benin,2002,BEN,Sub-Saharan Africa,52.66,38.23,,0.33,0.69,0.59,0.2,25.67,4.23,0.72,,
Benin,2003,BEN,Sub-Saharan Africa,53.02,37.57,,0.41,0.74,0.59,0.21,27.03,4.23,0.94,,
Benin,2004,BEN,Sub-Saharan Africa,51.06,36.9,32,0.41,0.77,0.6,0.21,28.89,3.98,0.71,,
Benin,2005,BEN,Sub-Saharan Africa,51.1,36.21,29,0.42,0.83,0.6,0.21,,4.74,1.11,,
Benin,2006,BEN,Sub-Saharan Africa,50.49,35.52,25,0.44,0.86,0.6,0.21,,5.14,1.04,,
Benin,2007,BEN,Sub-Saharan Africa,49,34.81,27,0.43,0.89,0.61,0.21,,5.23,0.81,,
Benin,2008,BEN,Sub-Saharan Africa,47.33,34.1,31,0.43,0.94,0.61,0.21,,5.3,0.63,,
Benin,2009,BEN,Sub-Saharan Africa,46.01,33.37,29,0.42,1,0.62,0.22,,5.15,0.95,,
Benin,2010,BEN,Sub-Saharan Africa,44.99,32.63,28,0.43,1.04,0.62,0.22,,5.23,1.23,,
Benin,2011,BEN,Sub-Saharan Africa,43.57,31.87,30,0.4,2.65,0.63,0.21,49.13,5.82,0.95,,
Benin,2012,BEN,Sub-Saharan Africa,37.41,31.11,36,0.4,2.45,0.63,0.21,,5.22,0.6,,
Benin,2013,BEN,Sub-Saharan Africa,42.31,30.34,36,0.39,2.25,0.63,0.22,55.97,5.37,0.85,,
Benin,2014,BEN,Sub-Saharan Africa,44.01,29.56,39,0.4,2.11,0.64,0.22,56.24,5.21,0.94,,
Benin,2015,BEN,Sub-Saharan Africa,43.94,28.76,37,0.44,2.02,0.64,0.22,58.85,5.31,1.11,,
Benin,2016,BEN,Sub-Saharan Africa,46.43,27.96,36,0.49,1.84,0.62,0.22,59.04,5.54,1.03,,
Benin,2017,BEN,Sub-Saharan Africa,43.68,27.15,39,0.48,1.64,0.6,0.23,,5.56,1.16,,
Benin,2018,BEN,Sub-Saharan Africa,44.44,26.33,40,0.4,1.47,0.58,0.23,,5.48,1.06,,
Benin,2019,BEN,Sub-Saharan Africa,46.2,25.5,41,0.29,1.47,0.58,0.24,,5.5,1.15,,
Benin,2020,BEN,Sub-Saharan Africa,41.17,24.67,41,0.25,1.67,0.58,,47.5,,1.03,,
Benin,2021,BEN,Sub-Saharan Africa,,,42,0.25,1.75,0.58,,47.91,,1.52,,
Benin,2022,BEN,Sub-Saharan Africa,,,43,0.27,,,,,,0.88,,
Bhutan,2000,BTN,South Asia,11.54,68.31,,0.12,1.63,0.61,0.28,30.02,7.46,0.21,,
Bhutan,2001,BTN,South Asia,7.93,69.11,,0.12,1.9,0.61,0.28,33.41,8,0.72,,
Bhutan,2002,BTN,South Asia,10.3,70.24,,0.12,1.87,0.61,0.27,,8.4,0.49,,
Bhutan,2003,BTN,South Asia,19.01,71.39,,0.12,1.8,0.61,0.27,,8.07,0.5,,
Bhutan,2004,BTN,South Asia,16.25,72.54,,0.12,2.49,0.6,0.27,,7.52,0.48,,
Bhutan,2005,BTN,South Asia,16.79,73.71,,0.13,3.1,0.59,0.27,44.55,7.88,0.75,,
Bhutan,2006,BTN,South Asia,14.79,74.89,60,0.13,3.13,0.58,0.26,47.4,7.09,0.96,,
Bhutan,2007,BTN,South Asia,14.34,76.07,50,0.14,3.7,0.57,0.25,51.4,7.04,0.98,,
Bhutan,2008,BTN,South Asia,15.47,77.26,52,0.31,3.75,0.57,0.24,54.72,6.98,0.56,,
Bhutan,2009,BTN,South Asia,16.58,78.46,50,0.36,3.96,0.57,0.24,59.58,8.19,1.39,,
Bhutan,2010,BTN,South Asia,16.48,79.67,57,0.36,3.32,0.58,0.23,63.57,9.76,1.2,,
Bhutan,2011,BTN,South Asia,16.34,80.89,57,0.36,3.23,0.58,0.17,67.25,10.86,0.53,,
Bhutan,2012,BTN,South Asia,20.51,82.12,63,0.37,2.05,0.58,0.17,71.7,11.27,0.51,,
Bhutan,2013,BTN,South Asia,20.31,83.36,63,0.36,2.87,0.57,0.15,75.61,11.28,0.74,,
Bhutan,2014,BTN,South Asia,21.17,84.61,65,0.35,2.63,0.57,0.15,82.72,11.29,0.86,,
Bhutan,2015,BTN,South Asia,19.79,85.87,65,0.35,2.45,0.56,0.16,84.02,10.63,1.07,,
Bhutan,2016,BTN,South Asia,20.13,87,65,0.34,2.77,0.55,0.17,85.35,11.3,1.49,,
Bhutan,2017,BTN,South Asia,13.31,87.97,67,0.36,3.06,0.55,0.17,87.87,11.47,1.46,,
Bhutan,2018,BTN,South Asia,13.16,88.08,68,0.35,3.35,0.55,0.17,90.09,11.46,1.35,,
Bhutan,2019,BTN,South Asia,17.79,88.19,68,0.37,2.72,0.55,0.18,,11.96,1.33,,
Bhutan,2020,BTN,South Asia,15.42,88.3,68,0.37,5.03,0.55,,,,1.09,,
Bhutan,2021,BTN,South Asia,,,68,0.36,3.91,0.55,,,,1.71,,
Bhutan,2022,BTN,South Asia,,,68,0.33,,,,,,1.52,,
Bolivia,2000,BOL,Latin America and Caribbean,33.51,72.57,27,0.45,2.37,0.68,0.28,72.91,15.61,0.4,,
Bolivia,2001,BOL,Latin America and Caribbean,33.05,73.35,20,0.45,2.48,0.69,0.29,75.85,11.99,0.65,,
Bolivia,2002,BOL,Latin America and Caribbean,33.92,74.1,22,0.44,2.49,0.69,0.29,80.58,11.19,1.02,,
Bolivia,2003,BOL,Latin America and Caribbean,32.03,74.84,23,0.45,2.53,0.68,0.28,83.31,11.34,0.64,,
Bolivia,2004,BOL,Latin America and Caribbean,32.59,75.57,22,0.52,2.5,0.68,0.27,86.1,12.61,0.85,,
Bolivia,2005,BOL,Latin America and Caribbean,32,76.29,25,0.52,2.54,0.67,0.29,87.02,13.27,0.76,,
Bolivia,2006,BOL,Latin America and Caribbean,32.27,77.01,27,0.56,2.58,0.67,0.31,86.17,13.77,0.94,,
Bolivia,2007,BOL,Latin America and Caribbean,30.76,77.72,29,0.56,2.64,0.68,0.3,85.64,13.1,0.54,,
Bolivia,2008,BOL,Latin America and Caribbean,30.37,78.43,30,0.56,2.6,0.67,0.3,85.01,13.44,0.4,,
Bolivia,2009,BOL,Latin America and Caribbean,30.1,79.12,27,0.57,2.97,0.66,0.3,83.46,14.68,0.66,,
Bolivia,2010,BOL,Latin America and Caribbean,33.28,79.81,28,0.56,2.61,0.66,0.3,88.71,14.64,0.68,,
Bolivia,2011,BOL,Latin America and Caribbean,32.51,80.5,28,0.55,2.25,0.65,0.3,86.06,14.95,1.17,,
Bolivia,2012,BOL,Latin America and Caribbean,34.36,81.17,34,0.54,2.07,0.65,0.31,88.13,15.18,0.83,,
Bolivia,2013,BOL,Latin America and Caribbean,34.01,81.82,34,0.52,2.44,0.65,0.31,89.9,15.92,0.51,,
Bolivia,2014,BOL,Latin America and Caribbean,30.9,82.45,35,0.5,2.02,0.65,0.31,90.38,16.19,0.96,,
Bolivia,2015,BOL,Latin America and Caribbean,27.33,83.07,34,0.47,3.11,0.65,0.29,91.36,16.66,1.53,,
Bolivia,2016,BOL,Latin America and Caribbean,28.02,83.69,33,0.46,3.5,0.65,0.34,91.43,17.82,0.82,,
Bolivia,2017,BOL,Latin America and Caribbean,25.08,84.31,33,0.46,3.65,0.65,0.33,90.3,18.25,0.98,,
Bolivia,2018,BOL,Latin America and Caribbean,22.11,84.92,29,0.44,3.52,0.65,0.33,89.72,18.29,0.56,,
Bolivia,2019,BOL,Latin America and Caribbean,23.99,85.45,31,0.35,3.68,0.64,0.34,89.98,18.15,0.92,,
Bolivia,2020,BOL,Latin America and Caribbean,21.27,85.98,31,0.26,7.9,0.66,,90.21,,1.32,,
Bolivia,2021,BOL,Latin America and Caribbean,,,30,0.43,5.09,0.66,,,,0.74,,
Bolivia,2022,BOL,Latin America and Caribbean,,,31,0.42,,,,,,0.64,,
Bosnia and Herzegovina,2000,BIH,Europe and Central Asia,42.1,91.6,,0.37,26.19,0.46,0.33,,12.55,1.53,,
Bosnia and Herzegovina,2001,BIH,Europe and Central Asia,41.44,91.59,,0.38,26.54,0.46,0.33,,13,1.53,,
Bosnia and Herzegovina,2002,BIH,Europe and Central Asia,38.52,91.57,,0.38,27.55,0.47,0.32,,13.71,1.14,,
Bosnia and Herzegovina,2003,BIH,Europe and Central Asia,32.58,91.55,33,0.38,28.37,0.48,0.32,,13.77,1.09,,
Bosnia and Herzegovina,2004,BIH,Europe and Central Asia,42.7,91.52,31,0.37,29.39,0.48,0.32,,14.98,0.58,,
Bosnia and Herzegovina,2005,BIH,Europe and Central Asia,45.2,91.49,29,0.37,30.14,0.48,0.31,,14.93,0.12,,
Bosnia and Herzegovina,2006,BIH,Europe and Central Asia,45,91.45,29,0.36,31.11,0.48,0.31,,15.34,0.59,,
Bosnia and Herzegovina,2007,BIH,Europe and Central Asia,44.27,91.41,33,0.33,28.98,0.48,0.31,,15.43,1.86,,
Bosnia and Herzegovina,2008,BIH,Europe and Central Asia,43.91,91.36,32,0.33,23.41,0.49,0.31,,16.85,1.37,,
Bosnia and Herzegovina,2009,BIH,Europe and Central Asia,30.62,91.3,30,0.34,24.07,0.48,0.32,,17.05,1.38,,
Bosnia and Herzegovina,2010,BIH,Europe and Central Asia,30.08,91.24,32,0.34,27.31,0.49,0.32,,16.99,0.95,,
Bosnia and Herzegovina,2011,BIH,Europe and Central Asia,29.47,91.18,32,0.35,27.58,0.49,0.33,,18.39,1.12,,
Bosnia and Herzegovina,2012,BIH,Europe and Central Asia,29.21,91.04,42,0.35,28.01,0.49,0.33,,17.61,1.76,,
Bosnia and Herzegovina,2013,BIH,Europe and Central Asia,29.07,90.95,42,0.34,27.49,0.48,0.34,,17.51,1.32,,
Bosnia and Herzegovina,2014,BIH,Europe and Central Asia,28.92,90.77,39,0.33,27.52,0.48,0.34,,18.93,1.82,,
Bosnia and Herzegovina,2015,BIH,Europe and Central Asia,28.8,90.77,38,0.33,27.69,0.48,0.34,,18.65,1.81,,
Bosnia and Herzegovina,2016,BIH,Europe and Central Asia,28.61,90.76,39,0.34,25.41,0.48,0.32,,19.5,1.67,,
Bosnia and Herzegovina,2017,BIH,Europe and Central Asia,29.12,90.76,38,0.33,20.53,0.48,0.34,,20.23,1.42,,
Bosnia and Herzegovina,2018,BIH,Europe and Central Asia,29.31,90.75,38,0.31,18.4,0.48,0.34,,20.46,2.28,,
Bosnia and Herzegovina,2019,BIH,Europe and Central Asia,29.35,90.74,36,0.32,15.69,0.48,0.34,,21.09,1.99,,
Bosnia and Herzegovina,2020,BIH,Europe and Central Asia,28.86,90.74,35,0.32,15.27,0.48,,,,1.88,,
Bosnia and Herzegovina,2021,BIH,Europe and Central Asia,,,35,0.32,14.9,0.48,,,,1.6,,
Bosnia and Herzegovina,2022,BIH,Europe and Central Asia,,,34,0.32,,,,,,2.09,,
Botswana,2000,BWA,Sub-Saharan Africa,10.98,59.03,60,0.47,15.88,0.78,0.37,80.41,48.9,-0.72,,
Botswana,2001,BWA,Sub-Saharan Africa,9.73,59.46,60,0.47,18.54,0.78,0.36,80.31,54.42,-0.19,,
Botswana,2002,BWA,Sub-Saharan Africa,9,59.72,64,0.47,21.1,0.78,0.37,81.51,44.76,0.36,,
Botswana,2003,BWA,Sub-Saharan Africa,9.05,59.95,57,0.47,23.8,0.78,0.37,82.18,49.18,0.74,,
Botswana,2004,BWA,Sub-Saharan Africa,8.88,60.18,60,0.48,21.85,0.77,0.37,83.52,41.6,-0.13,,
Botswana,2005,BWA,Sub-Saharan Africa,8.83,60.41,59,0.48,19.83,0.77,0.38,83.61,39.73,1.04,,
Botswana,2006,BWA,Sub-Saharan Africa,8.29,61.7,56,0.48,17.78,0.77,0.38,85,42.86,-0.51,,
Botswana,2007,BWA,Sub-Saharan Africa,6.77,63.55,54,0.48,17.17,0.76,0.38,85.11,43.34,0.23,,
Botswana,2008,BWA,Sub-Saharan Africa,5.82,65.38,58,0.47,16.59,0.76,0.37,79.92,67.92,0.15,,
Botswana,2009,BWA,Sub-Saharan Africa,5.42,67.18,56,0.48,16.17,0.76,0.37,,30.25,-0.32,,
Botswana,2010,BWA,Sub-Saharan Africa,4.99,68.96,58,0.47,17.86,0.75,0.37,,61.78,0.94,,
Botswana,2011,BWA,Sub-Saharan Africa,4.57,70.71,61,0.47,18.15,0.74,0.37,,63.39,-0.05,,
Botswana,2012,BWA,Sub-Saharan Africa,4.24,72.18,65,0.47,18.42,0.73,0.38,,37.69,0.47,,
Botswana,2013,BWA,Sub-Saharan Africa,3.78,73.58,64,0.47,18.54,0.72,0.39,,56.03,0.77,,
Botswana,2014,BWA,Sub-Saharan Africa,3.72,74.98,63,0.46,18.89,0.71,0.39,,54.73,-0.09,,
Botswana,2015,BWA,Sub-Saharan Africa,3.58,76.36,63,0.45,19.3,0.7,0.39,,48.04,1.55,,
Botswana,2016,BWA,Sub-Saharan Africa,3.31,77.73,60,0.44,19.32,0.7,0.39,,49.88,1.47,,
Botswana,2017,BWA,Sub-Saharan Africa,2.99,79.09,61,0.42,19.6,0.7,0.4,,51.21,0.02,,
Botswana,2018,BWA,Sub-Saharan Africa,5.11,80.42,61,0.43,19.84,0.7,0.4,,50.6,0.73,,
Botswana,2019,BWA,Sub-Saharan Africa,4.5,81.72,61,0.4,20.09,0.7,0.4,,45.88,1.53,,
Botswana,2020,BWA,Sub-Saharan Africa,4.64,82.03,60,0.37,21.02,0.7,,,,0.49,,
Botswana,2021,BWA,Sub-Saharan Africa,,,55,0.4,21.16,0.7,,73.6,,-0.43,,
Botswana,2022,BWA,Sub-Saharan Africa,,,60,0.38,,,,,,-1.31,,
Brazil,2000,BRA,Latin America and Caribbean,36.59,84.57,39,0.6,10.53,0.7,0.32,,15.35,0.5,,
Brazil,2001,BRA,Latin America and Caribbean,37.81,85.43,40,0.6,10.65,0.7,0.33,,15.01,0.75,,
Brazil,2002,BRA,Latin America and Caribbean,36.41,86.27,4,0.6,10.64,0.7,0.33,109.99,14.22,1.05,,
Brazil,2003,BRA,Latin America and Caribbean,35.47,87.1,39,0.61,11.17,0.7,0.33,101.87,14.34,0.93,,
Brazil,2004,BRA,Latin America and Caribbean,35.37,87.92,39,0.61,10.07,0.7,0.33,102.37,14.66,0.77,,
Brazil,2005,BRA,Latin America and Caribbean,35.88,88.74,37,0.66,10.55,0.69,0.34,101.29,15.3,1.09,,
Brazil,2006,BRA,Latin America and Caribbean,34.37,89.55,33,0.66,9.69,0.69,0.34,,15.27,0.77,,
Brazil,2007,BRA,Latin America and Caribbean,33.09,90.36,35,0.66,9.28,0.68,0.34,95.17,15.21,0.97,,
Brazil,2008,BRA,Latin America and Caribbean,30.88,91.16,35,0.65,8.27,0.68,0.34,96.72,17.04,0.73,,
Brazil,2009,BRA,Latin America and Caribbean,31.21,91.95,37,0.65,9.42,0.68,0.34,96.67,16.64,0.97,,
Brazil,2010,BRA,Latin America and Caribbean,29.39,92.74,37,0.65,8.03,0.68,0.35,,18.48,1.11,,
Brazil,2011,BRA,Latin America and Caribbean,29.3,93.52,38,0.65,7.58,0.69,0.35,95.26,19.29,0.81,,
Brazil,2012,BRA,Latin America and Caribbean,29.68,94.3,43,0.64,7.25,0.68,0.36,94.32,19.04,1.02,,
Brazil,2013,BRA,Latin America and Caribbean,28.18,95.07,42,0.63,7.07,0.67,0.36,103.92,19.28,0.92,,
Brazil,2014,BRA,Latin America and Caribbean,28.18,95.83,43,0.63,6.76,0.67,0.37,102.64,20.28,1.15,,
Brazil,2015,BRA,Latin America and Caribbean,24.71,96.58,38,0.62,8.56,0.68,0.37,100.92,19.29,1.52,,
Brazil,2016,BRA,Latin America and Caribbean,24.42,97.25,40,0.51,11.74,0.68,0.38,102.57,18.43,1.46,,
Brazil,2017,BRA,Latin America and Caribbean,24.47,98.01,37,0.5,12.93,0.68,0.38,103.02,18.78,1.36,,
Brazil,2018,BRA,Latin America and Caribbean,24.83,98.48,35,0.47,12.46,0.68,0.38,105.01,17.87,1.15,,
Brazil,2019,BRA,Latin America and Caribbean,24.88,98.94,35,0.43,12.05,0.67,0.38,103.95,17.69,1.52,,
Brazil,2020,BRA,Latin America and Caribbean,22.39,99.32,38,0.44,13.93,0.69,,104.13,,1.48,,
Brazil,2021,BRA,Latin America and Caribbean,,,38,0.42,13.34,0.69,,,,1.15,,
Brazil,2022,BRA,Latin America and Caribbean,,,38,0.42,,,,,,0.93,,
Brunei,2000,BRN,East Asia and Pacific,15.83,,,,5.6,0.48,0.29,84.65,74.1,0.49,,
Brunei,2001,BRN,East Asia and Pacific,16.81,,,,5.69,0.48,0.3,85.06,69.98,0.6,,
Brunei,2002,BRN,East Asia and Pacific,16.41,,,,5.81,0.48,0.3,86.54,66.34,0.67,,
Brunei,2003,BRN,East Asia and Pacific,17.05,,,,5.89,0.48,0.3,88.37,62.9,0.74,,
Brunei,2004,BRN,East Asia and Pacific,16.91,,,,5.95,0.48,0.3,92.8,59.92,0.67,,
Brunei,2005,BRN,East Asia and Pacific,16.33,,,,6.04,0.48,0.3,96.59,56.98,0.89,,
Brunei,2006,BRN,East Asia and Pacific,14.69,,,,6.21,0.48,0.3,97.44,54.13,0.72,,
Brunei,2007,BRN,East Asia and Pacific,12.78,99.44,,,6.23,0.47,0.3,95.79,50.1,0.74,,
Brunei,2008,BRN,East Asia and Pacific,10.11,99.45,,,6.29,0.47,0.3,96.02,48.13,0.51,,
Brunei,2009,BRN,East Asia and Pacific,9.5,99.45,55,,6.39,0.47,0.3,98.2,44.43,0.88,,
Brunei,2010,BRN,East Asia and Pacific,8.26,99.45,,,6.57,0.47,0.3,99.18,41.79,1.01,,
Brunei,2011,BRN,East Asia and Pacific,8.47,99.45,52,,6.69,0.46,0.3,101.43,39.52,0.73,,
Brunei,2012,BRN,East Asia and Pacific,8.85,99.45,55,,6.73,0.46,0.3,106.26,36.82,0.91,,
Brunei,2013,BRN,East Asia and Pacific,9.41,99.46,60,,6.77,0.47,0.3,104.91,34.25,1.2,,
Brunei,2014,BRN,East Asia and Pacific,7.33,99.46,,,6.86,0.47,0.31,99.59,32.85,1.03,,
Brunei,2015,BRN,East Asia and Pacific,4.97,99.46,,,7.69,0.47,0.31,107.67,30.6,1.28,,
Brunei,2016,BRN,East Asia and Pacific,4.98,,58,,8.43,0.48,0.31,94.05,28.05,1.74,,
Brunei,2017,BRN,East Asia and Pacific,5.41,,62,,9.32,0.48,0.31,92.94,25.45,1.47,,
Brunei,2018,BRN,East Asia and Pacific,4.86,,63,,8.7,0.48,0.31,93.48,22.91,1.41,,
Brunei,2019,BRN,East Asia and Pacific,5.59,,60,,6.92,0.48,0.3,92.1,20.46,1.62,,
Brunei,2020,BRN,East Asia and Pacific,5.96,,60,,7.41,0.48,,91.36,,1.78,,
Brunei,2021,BRN,East Asia and Pacific,,,,,7.45,0.48,,,,1.46,,
Brunei,2022,BRN,East Asia and Pacific,,,,,,,,,,1.45,,
Bulgaria,2000,BGR,Europe and Central Asia,40.38,99.86,35,0.46,16.22,0.46,0.4,92.79,16,1.18,,
Bulgaria,2001,BGR,Europe and Central Asia,43.71,99.81,39,0.44,19.92,0.47,0.41,93.85,16.92,1.65,,
Bulgaria,2002,BGR,Europe and Central Asia,39.79,99.76,40,0.45,18.11,0.49,0.41,95.3,16.89,0.85,,
Bulgaria,2003,BGR,Europe and Central Asia,38.06,99.64,39,0.45,13.73,0.48,0.41,86.75,17.82,0.18,,
Bulgaria,2004,BGR,Europe and Central Asia,39.2,99.53,41,0.45,12.04,0.47,0.41,88.74,17.91,0.53,,
Bulgaria,2005,BGR,Europe and Central Asia,38.87,99.42,40,0.44,10.08,0.48,0.4,89.23,18.7,0.22,,
Bulgaria,2006,BGR,Europe and Central Asia,42.65,99.31,40,0.45,8.95,0.49,0.4,89.74,20.6,0.57,,
Bulgaria,2007,BGR,Europe and Central Asia,42.59,99.21,41,0.45,6.88,0.47,0.39,90.24,21.44,1.88,,
Bulgaria,2008,BGR,Europe and Central Asia,42.63,99.1,36,0.46,5.61,0.46,0.4,89.43,22.24,1.18,,
Bulgaria,2009,BGR,Europe and Central Asia,44.37,99,38,0.44,6.82,0.47,0.42,88.74,19.01,1.29,,
Bulgaria,2010,BGR,Europe and Central Asia,43.14,98.9,36,0.44,10.28,0.47,0.43,90.23,18.33,1.36,,
Bulgaria,2011,BGR,Europe and Central Asia,44.46,98.8,33,0.45,11.26,0.47,0.42,93.76,19.37,0.42,,
Bulgaria,2012,BGR,Europe and Central Asia,47.75,98.71,41,0.44,12.27,0.49,0.43,94.7,19.02,1.68,,
Bulgaria,2013,BGR,Europe and Central Asia,41.86,98.61,41,0.47,12.94,0.47,0.42,101.45,16.66,1.48,,
Bulgaria,2014,BGR,Europe and Central Asia,40.24,98.58,43,0.48,11.42,0.5,0.42,104.15,17.81,1.2,,
Bulgaria,2015,BGR,Europe and Central Asia,42.51,98.54,41,0.47,9.14,0.51,0.44,102.27,18.85,1.44,,
Bulgaria,2016,BGR,Europe and Central Asia,43.25,98.51,41,0.5,7.57,0.53,0.43,99.68,18.33,1.9,,
Bulgaria,2017,BGR,Europe and Central Asia,43.36,98.48,43,0.47,6.16,0.55,0.43,98.18,19.43,0.95,,
Bulgaria,2018,BGR,Europe and Central Asia,40.52,98.45,42,0.45,5.21,0.55,0.43,96.82,19.31,2.19,,
Bulgaria,2019,BGR,Europe and Central Asia,38.97,98.42,43,0.45,4.23,0.53,0.43,92.39,18.76,2.11,,
Bulgaria,2020,BGR,Europe and Central Asia,36.58,98.39,44,0.45,5.12,0.53,,87.97,,2.04,,
Bulgaria,2021,BGR,Europe and Central Asia,,,42,0.49,5.27,0.53,,,,1.63,,
Bulgaria,2022,BGR,Europe and Central Asia,,,43,0.49,,,,,,1.83,,
Burkina Faso,2000,BFA,Sub-Saharan Africa,42.16,4.28,30,0.27,2.63,0.67,0.22,10.42,4.8,0.54,,
Burkina Faso,2001,BFA,Sub-Saharan Africa,42.73,4.45,,0.28,2.65,0.65,0.22,10.64,4.55,0.5,,
Burkina Faso,2002,BFA,Sub-Saharan Africa,38.28,4.97,,0.27,2.75,0.64,0.22,,4.53,1.02,,
Burkina Faso,2003,BFA,Sub-Saharan Africa,33.39,5.63,,0.27,2.78,0.62,0.23,12.08,4.92,0.99,,
Burkina Faso,2004,BFA,Sub-Saharan Africa,30.44,6.32,,0.27,3.44,0.62,0.23,13.25,5.06,0.87,,
Burkina Faso,2005,BFA,Sub-Saharan Africa,30.71,7.04,34,0.27,4,0.62,0.22,14.3,5.02,1.45,,
Burkina Faso,2006,BFA,Sub-Saharan Africa,30.85,7.8,32,0.32,3.66,0.61,0.22,15.04,4.81,1.16,,
Burkina Faso,2007,BFA,Sub-Saharan Africa,27.39,8.54,29,0.32,3.3,0.61,0.23,16.17,4.91,0.87,,
Burkina Faso,2008,BFA,Sub-Saharan Africa,30.96,9.26,35,0.32,3.41,0.61,0.23,18.92,4.95,0.3,,
Burkina Faso,2009,BFA,Sub-Saharan Africa,31.44,10.01,36,0.32,3.57,0.6,0.24,20.29,5.03,0.94,,
Burkina Faso,2010,BFA,Sub-Saharan Africa,30.17,10.78,31,0.33,3.63,0.6,0.26,21.9,5.12,1.25,,
Burkina Faso,2011,BFA,Sub-Saharan Africa,32.88,11.57,30,0.33,3.78,0.59,0.27,23.84,4.98,1,,
Burkina Faso,2012,BFA,Sub-Saharan Africa,32.38,12.39,38,0.34,3.91,0.58,0.28,25.93,4.82,0.49,,
Burkina Faso,2013,BFA,Sub-Saharan Africa,33.54,13.23,38,0.36,4.05,0.58,0.28,28.37,4.93,0.85,,
Burkina Faso,2014,BFA,Sub-Saharan Africa,34.08,14.11,38,0.34,4.21,0.57,0.28,30.35,4.85,0.89,,
Burkina Faso,2015,BFA,Sub-Saharan Africa,36.03,15,38,0.23,4.34,0.59,0.29,33.72,4.86,1.11,,
Burkina Faso,2016,BFA,Sub-Saharan Africa,31.38,15.93,42,0.41,4.44,0.61,0.29,35.79,4.84,1.08,,
Burkina Faso,2017,BFA,Sub-Saharan Africa,31.68,16.88,42,0.42,4.57,0.63,0.3,38.12,5.25,1.21,,
Burkina Faso,2018,BFA,Sub-Saharan Africa,35.83,17.86,41,0.41,4.69,0.65,0.31,40.71,5.35,1.16,,
Burkina Faso,2019,BFA,Sub-Saharan Africa,34.69,18.87,40,0.4,4.69,0.65,0.31,41.31,5.4,1.07,,
Burkina Faso,2020,BFA,Sub-Saharan Africa,34.64,19.9,40,0.4,5.05,0.65,,40.56,,1.04,,
Burkina Faso,2021,BFA,Sub-Saharan Africa,,,42,0.35,5.23,0.65,,38.73,,1.62,,
Burkina Faso,2022,BFA,Sub-Saharan Africa,,,42,0.18,,,,,,0.8,,
Burundi,2000,BDI,Sub-Saharan Africa,41.79,4.32,,0.14,3,0.6,0.46,,1.57,,,
Burundi,2001,BDI,Sub-Saharan Africa,40.3,4.57,,0.14,3,0.59,0.46,10.1,1.68,0.46,,
Burundi,2002,BDI,Sub-Saharan Africa,41.2,4.82,,0.15,3.01,0.58,0.45,10.44,1.65,0.89,,
Burundi,2003,BDI,Sub-Saharan Africa,41.97,5.08,,0.15,3.13,0.58,0.44,10.56,1.61,1.03,,
Burundi,2004,BDI,Sub-Saharan Africa,35.56,5.35,,0.15,3.09,0.57,0.42,11.97,1.66,1.12,,
Burundi,2005,BDI,Sub-Saharan Africa,35.17,5.63,23,0.23,3.19,0.56,0.43,12.98,1.65,,,
Burundi,2006,BDI,Sub-Saharan Africa,34.81,5.91,24,0.28,3.18,0.55,0.42,14.14,1.65,,,
Burundi,2007,BDI,Sub-Saharan Africa,35.71,6.2,25,0.28,2.42,0.56,0.41,15.08,1.62,1.24,,
Burundi,2008,BDI,Sub-Saharan Africa,35.96,6.5,19,0.28,1.63,0.56,0.4,,1.63,,,
Burundi,2009,BDI,Sub-Saharan Africa,31.63,6.81,18,0.27,1.63,0.57,0.4,20.12,1.69,,,
Burundi,2010,BDI,Sub-Saharan Africa,28.2,7.13,18,0.23,1.61,0.57,0.38,23.29,1.71,,,
Burundi,2011,BDI,Sub-Saharan Africa,25.48,7.46,19,0.21,1.6,0.58,0.38,26.12,1.78,,,
Burundi,2012,BDI,Sub-Saharan Africa,22.69,7.79,19,0.21,1.59,0.58,0.37,28.72,1.8,,,
Burundi,2013,BDI,Sub-Saharan Africa,21.08,8.14,21,0.21,1.58,0.59,0.37,33.41,1.92,,,
Burundi,2014,BDI,Sub-Saharan Africa,31,8.49,20,0.2,1.57,0.59,0.36,39.41,1.92,,,
Burundi,2015,BDI,Sub-Saharan Africa,31.21,8.86,21,0.17,1.48,0.59,0.36,44.35,1.89,,,
Burundi,2016,BDI,Sub-Saharan Africa,27.93,9.23,20,0.14,1.32,0.59,0.35,47.48,1.95,,,
Burundi,2017,BDI,Sub-Saharan Africa,27.69,9.62,22,0.14,1.17,0.59,0.34,49.25,2,,,
Burundi,2018,BDI,Sub-Saharan Africa,26.73,10.02,17,0.15,1.02,0.59,0.33,48.47,1.97,,,
Burundi,2019,BDI,Sub-Saharan Africa,30.74,10.43,19,0.15,0.87,0.59,0.32,45.09,2.01,,,
Burundi,2020,BDI,Sub-Saharan Africa,30.23,10.62,19,0.1,1.03,0.59,,47.62,,,,
Burundi,2021,BDI,Sub-Saharan Africa,,,19,0.09,1.13,0.59,,,,,,
Burundi,2022,BDI,Sub-Saharan Africa,,,17,0.09,,,,,,,,
Côte D'Ivoire,2000,CIV,Sub-Saharan Africa,73.07,41.34,27,0.24,4.6,0.62,0.18,,2.81,0.46,,
Côte D'Ivoire,2001,CIV,Sub-Saharan Africa,74.43,41.5,24,0.31,4.85,0.63,0.18,,3.02,0.53,,
Côte D'Ivoire,2002,CIV,Sub-Saharan Africa,73.06,41.66,27,0.29,5.09,0.65,0.18,,2.94,0.8,,
Côte D'Ivoire,2003,CIV,Sub-Saharan Africa,72.45,41.83,21,0.29,5.35,0.64,0.2,,3.1,1.07,,
Côte D'Ivoire,2004,CIV,Sub-Saharan Africa,70,42,20,0.29,5.47,0.63,0.21,,2.98,0.82,,
Côte D'Ivoire,2005,CIV,Sub-Saharan Africa,70.3,42.16,19,0.3,5.73,0.63,0.22,,3.25,1.07,,
Côte D'Ivoire,2006,CIV,Sub-Saharan Africa,67.47,42.33,21,0.29,5.93,0.62,0.23,,3.01,0.96,,
Côte D'Ivoire,2007,CIV,Sub-Saharan Africa,63.34,42.5,21,0.29,6.18,0.62,0.24,,2.85,1.05,,
Côte D'Ivoire,2008,CIV,Sub-Saharan Africa,59.38,42.67,20,0.29,6.36,0.61,0.26,,2.85,0.76,,
Côte D'Ivoire,2009,CIV,Sub-Saharan Africa,59.62,42.84,21,0.29,6.6,0.61,0.25,,2.61,0.94,,
Côte D'Ivoire,2010,CIV,Sub-Saharan Africa,58.51,43.01,22,0.29,6.78,0.61,0.24,,2.61,1.3,,
Côte D'Ivoire,2011,CIV,Sub-Saharan Africa,59.21,43.19,22,0.29,7.22,0.61,0.23,34.83,2.61,1.01,,
Côte D'Ivoire,2012,CIV,Sub-Saharan Africa,52.8,43.36,29,0.3,7.22,0.61,0.23,,2.85,0.7,,
Côte D'Ivoire,2013,CIV,Sub-Saharan Africa,56.16,43.54,27,0.31,4.25,0.6,0.22,35.1,3.53,0.97,,
Côte D'Ivoire,2014,CIV,Sub-Saharan Africa,51.14,43.71,32,0.31,3.47,0.6,0.21,38.94,3.41,0.85,,
Côte D'Ivoire,2015,CIV,Sub-Saharan Africa,42.59,43.89,32,0.31,2.7,0.6,0.2,42.45,3.25,1.26,,
Côte D'Ivoire,2016,CIV,Sub-Saharan Africa,40.01,44.08,34,0.37,1.9,0.6,0.21,45.04,3.54,1.38,,
Côte D'Ivoire,2017,CIV,Sub-Saharan Africa,39.22,44.27,36,0.39,3.27,0.6,0.24,48.45,3.52,1.47,,
Côte D'Ivoire,2018,CIV,Sub-Saharan Africa,39.29,44.46,35,0.39,2.84,0.6,0.25,51.03,3.71,1.28,,
Côte D'Ivoire,2019,CIV,Sub-Saharan Africa,37.25,44.66,56,0.38,2.4,0.6,0.25,54.61,3.75,1.33,,
Côte D'Ivoire,2020,CIV,Sub-Saharan Africa,37.08,44.8,57,0.36,2.66,0.6,,57.47,,1.33,,
Côte D'Ivoire,2021,CIV,Sub-Saharan Africa,,,36,0.31,2.82,0.6,,60.62,,1.44,,
Côte D'Ivoire,2022,CIV,Sub-Saharan Africa,,,37,0.3,,,,,,1.17,,
Cabo Verde,2000,CPV,Sub-Saharan Africa,25.26,60.43,,0.47,11.11,0.7,0.31,68.68,9.17,1.04,,
Cabo Verde,2001,CPV,Sub-Saharan Africa,23.33,61.69,,0.47,11.17,0.7,0.31,66.16,9.28,1.33,,
Cabo Verde,2002,CPV,Sub-Saharan Africa,23.52,62.95,,0.48,11.09,0.69,0.31,68.89,9.25,1.48,,
Cabo Verde,2003,CPV,Sub-Saharan Africa,24.17,64.19,,0.48,11.05,0.69,0.31,69.25,9.13,1.57,,
Cabo Verde,2004,CPV,Sub-Saharan Africa,23.83,65.65,,0.48,10.94,0.68,0.31,68.24,9.14,1.6,,
Cabo Verde,2005,CPV,Sub-Saharan Africa,24.59,67.11,,0.48,10.91,0.67,0.31,71.01,9,1.17,,
Cabo Verde,2006,CPV,Sub-Saharan Africa,23.8,68.57,,0.48,10.85,0.66,0.3,81.88,8.99,1.36,,
Cabo Verde,2007,CPV,Sub-Saharan Africa,22.92,70.05,49,0.49,10.73,0.66,0.3,81.74,8.98,0.82,,
Cabo Verde,2008,CPV,Sub-Saharan Africa,24.45,71.52,51,0.49,10.74,0.65,0.3,84.28,8.98,1.3,,
Cabo Verde,2009,CPV,Sub-Saharan Africa,24.23,73.01,51,0.49,10.75,0.64,0.3,83.99,8.83,0.77,,
Cabo Verde,2010,CPV,Sub-Saharan Africa,28.08,74.49,51,0.48,10.67,0.64,0.3,86.94,8.85,,,
Cabo Verde,2011,CPV,Sub-Saharan Africa,25.89,75.94,55,0.49,10.87,0.63,0.3,89.98,8.85,1.37,,
Cabo Verde,2012,CPV,Sub-Saharan Africa,24.57,77.4,60,0.49,11.13,0.62,0.3,93.03,8.81,1.34,,
Cabo Verde,2013,CPV,Sub-Saharan Africa,24.25,78.86,58,0.5,11.36,0.62,0.31,96.66,8.7,1.33,,
Cabo Verde,2014,CPV,Sub-Saharan Africa,25.7,80.33,57,0.5,11.59,0.61,0.31,95.15,8.68,1.08,,
Cabo Verde,2015,CPV,Sub-Saharan Africa,27.73,81.81,55,0.5,11.81,0.61,0.32,94.72,8.49,1.07,,
Cabo Verde,2016,CPV,Sub-Saharan Africa,28.7,83.29,59,0.49,12,0.61,0.35,93.69,8.53,1.69,,
Cabo Verde,2017,CPV,Sub-Saharan Africa,27.26,84.61,55,0.49,12.24,0.61,0.37,92.64,8.58,2,,
Cabo Verde,2018,CPV,Sub-Saharan Africa,26.14,85.81,57,0.48,12.17,0.61,0.37,88.16,8.62,0.93,,
Cabo Verde,2019,CPV,Sub-Saharan Africa,26.75,87.01,58,0.5,12.21,0.61,0.37,88.99,8.67,1.62,,
Cabo Verde,2020,CPV,Sub-Saharan Africa,23.23,88.2,58,0.51,14.88,0.61,,,,,,
Cabo Verde,2021,CPV,Sub-Saharan Africa,,,58,0.49,13.91,0.61,,,,1.77,,
Cabo Verde,2022,CPV,Sub-Saharan Africa,,,60,0.47,,,,,,1.85,,
Cambodia,2000,KHM,East Asia and Pacific,68.67,41.25,,0.14,0.97,0.68,0.26,17.29,4.73,0.3,,
Cambodia,2001,KHM,East Asia and Pacific,62.22,41.89,,0.14,1.04,0.68,0.27,18.93,4.83,0.57,,
Cambodia,2002,KHM,East Asia and Pacific,60.57,42.5,,0.18,1.11,0.68,0.28,22.93,4.74,0.84,,
Cambodia,2003,KHM,East Asia and Pacific,61.56,43.07,,0.18,1.12,0.68,0.28,27.5,5.51,0.71,,
Cambodia,2004,KHM,East Asia and Pacific,56.22,43.61,,0.18,1.13,0.68,0.28,31.32,5.38,0.59,,
Cambodia,2005,KHM,East Asia and Pacific,60.9,44.12,23,0.18,1.13,0.68,0.29,,5.64,0.78,,
Cambodia,2006,KHM,East Asia and Pacific,52.35,44.59,21,0.18,1.21,0.68,0.29,39.74,5.99,0.77,,
Cambodia,2007,KHM,East Asia and Pacific,48.75,45.03,20,0.18,1.26,0.68,0.3,42.69,6.19,0.6,,
Cambodia,2008,KHM,East Asia and Pacific,51.08,45.44,18,0.18,0.82,0.68,0.31,45.22,6.34,0.43,,
Cambodia,2009,KHM,East Asia and Pacific,50.5,45.89,20,0.18,0.58,0.68,0.32,,6.74,0.45,,
Cambodia,2010,KHM,East Asia and Pacific,51.91,46.3,21,0.18,0.77,0.67,0.31,,6.92,1.23,,
Cambodia,2011,KHM,East Asia and Pacific,59.74,46.68,21,0.18,0.58,0.59,0.33,,6.59,0.42,,
Cambodia,2012,KHM,East Asia and Pacific,60.47,47.02,22,0.18,0.51,0.58,0.32,,6.28,0.88,,
Cambodia,2013,KHM,East Asia and Pacific,61.22,47.32,20,0.17,0.44,0.59,0.32,,6.58,1.01,,
Cambodia,2014,KHM,East Asia and Pacific,58.62,47.59,21,0.17,0.69,0.58,0.33,,6.46,0.61,,
Cambodia,2015,KHM,East Asia and Pacific,57.33,47.82,21,0.17,0.39,0.58,0.33,,6.64,1.08,,
Cambodia,2016,KHM,East Asia and Pacific,58.56,48.01,21,0.16,0.72,0.58,0.31,,6.79,1.47,,
Cambodia,2017,KHM,East Asia and Pacific,58.24,48.17,21,0.15,0.14,0.58,0.33,,7.21,1.1,,
Cambodia,2018,KHM,East Asia and Pacific,60.97,48.3,20,0.14,0.14,0.58,0.33,,8.49,0.79,,
Cambodia,2019,KHM,East Asia and Pacific,64.39,48.39,20,0.13,0.15,0.58,0.33,,8.66,1.55,,
Cambodia,2020,KHM,East Asia and Pacific,60.6,48.38,21,0.13,0.3,0.58,,54.83,,1.4,,
Cambodia,2021,KHM,East Asia and Pacific,,,23,0.12,0.29,0.58,,57.59,,0.91,,
Cambodia,2022,KHM,East Asia and Pacific,,,24,0.12,,,,,,0.95,,
Cameroon,2000,CMR,East Asia and Pacific,77.51,9.13,20,0.16,7.59,0.62,0.21,27.58,6.09,0.32,,
Cameroon,2001,CMR,East Asia and Pacific,73.29,10.14,20,0.16,7.46,0.62,0.21,32.39,5.95,0.2,,
Cameroon,2002,CMR,East Asia and Pacific,70.18,11.17,22,0.16,6.69,0.62,0.21,28.22,5.63,0.77,,
Cameroon,2003,CMR,East Asia and Pacific,71.52,12.23,18,0.16,5.9,0.62,0.21,29.8,5.87,0.71,,
Cameroon,2004,CMR,East Asia and Pacific,73.89,13.33,21,0.16,5.11,0.62,0.22,26.55,5.57,0.78,,
Cameroon,2005,CMR,East Asia and Pacific,74.34,14.44,22,0.16,4.4,0.62,0.22,27.06,5.71,1,,
Cameroon,2006,CMR,East Asia and Pacific,74.36,15.59,23,0.16,3.72,0.62,0.23,23.56,5.35,0.98,,
Cameroon,2007,CMR,East Asia and Pacific,75,16.77,24,0.16,3.06,0.62,0.24,32.36,5.29,0.63,,
Cameroon,2008,CMR,East Asia and Pacific,74.25,17.97,23,0.16,3.42,0.62,0.24,36.67,5.24,0.65,,
Cameroon,2009,CMR,East Asia and Pacific,76.77,19.2,22,0.17,3.77,0.62,0.24,40.48,5.43,1.05,,
Cameroon,2010,CMR,East Asia and Pacific,76.02,20.46,22,0.17,4.11,0.63,0.24,43.49,5.17,1.18,,
Cameroon,2011,CMR,East Asia and Pacific,69.65,21.75,25,0.17,3.97,0.63,0.24,48.32,5.04,0.66,,
Cameroon,2012,CMR,East Asia and Pacific,66.84,23.07,26,0.17,3.82,0.63,0.25,51.59,5.02,0.42,,
Cameroon,2013,CMR,East Asia and Pacific,69.72,24.42,25,0.17,3.67,0.63,0.25,53.41,4.97,0.71,,
Cameroon,2014,CMR,East Asia and Pacific,64.51,25.79,27,0.18,3.53,0.64,0.26,57.51,5.02,0.88,,
Cameroon,2015,CMR,East Asia and Pacific,69.94,27.2,27,0.18,3.55,0.64,0.26,59.03,4.9,1.16,,
Cameroon,2016,CMR,East Asia and Pacific,69.96,28.63,26,0.12,3.57,0.64,0.27,60.06,4.94,1.21,,
Cameroon,2017,CMR,East Asia and Pacific,75.58,30.09,25,0.11,3.6,0.64,0.27,50.45,4.77,1.17,,
Cameroon,2018,CMR,East Asia and Pacific,72.26,31.58,25,0.11,3.61,0.64,0.28,46.31,4.82,1.16,,
Cameroon,2019,CMR,East Asia and Pacific,72.19,33.1,25,0.11,3.63,0.64,0.28,44.28,4.71,1.45,,
Cameroon,2020,CMR,East Asia and Pacific,68.26,34.65,25,0.11,3.95,0.64,,45.16,,1.28,,
Cameroon,2021,CMR,East Asia and Pacific,,,27,0.11,4.12,0.64,,45.02,,1.47,,
Cameroon,2022,CMR,East Asia and Pacific,,,26,0.12,,,,,,1.04,,
Canada,2000,CAN,North America,16.61,98.17,92,0.6,6.83,0.53,0.35,101.92,68.15,1.29,,
Canada,2001,CAN,North America,15.93,98.18,89,0.59,7.22,0.52,0.35,,63.84,1.42,,
Canada,2002,CAN,North America,15.91,98.18,90,0.58,7.66,0.52,0.35,,65.31,0.54,,
Canada,2003,CAN,North America,15.25,98.18,87,0.58,7.57,0.52,0.35,,63.18,1.24,,
Canada,2004,CAN,North America,15.29,98.18,85,0.58,7.19,0.52,0.36,,65.27,0.49,,
Canada,2005,CAN,North America,15.37,98.24,84,0.58,6.76,0.53,0.36,101.39,66.42,1.28,,
Canada,2006,CAN,North America,15.87,98.3,85,0.58,6.32,0.53,0.37,101.73,66.34,2.34,,
Canada,2007,CAN,North America,15.59,98.36,87,0.58,6.04,0.53,0.37,101.9,69.23,1.33,,
Canada,2008,CAN,North America,15.48,98.42,87,0.57,6.14,0.53,0.37,102.34,66.41,0.85,,
Canada,2009,CAN,North America,15.15,98.48,87,0.57,8.34,0.52,0.38,102.73,61.62,0.54,,
Canada,2010,CAN,North America,15.48,98.54,89,0.57,8.06,0.52,0.38,102.4,65.1,2.92,,
Canada,2011,CAN,North America,15.06,98.6,87,0.56,7.51,0.52,0.38,103.35,62.25,1.44,,
Canada,2012,CAN,North America,14.86,98.65,84,0.56,7.29,0.52,0.38,109.99,65.81,2.14,,
Canada,2013,CAN,North America,14.48,98.71,81,0.56,7.07,0.53,0.38,109.49,65.8,1.18,,
Canada,2014,CAN,North America,14.58,98.76,81,0.56,6.91,0.53,0.38,109.33,65.14,0.29,,
Canada,2015,CAN,North America,14.6,98.82,83,0.57,6.91,0.53,0.39,110.36,62.99,1.23,,
Canada,2016,CAN,North America,15.46,98.87,82,0.58,7,0.51,0.38,112.51,59.78,2.37,,
Canada,2017,CAN,North America,15.37,98.93,82,0.59,6.34,0.54,0.39,113.76,61.15,1.48,,
Canada,2018,CAN,North America,15.2,98.98,81,0.59,5.83,0.52,0.39,114.12,61.95,0.48,,
Canada,2019,CAN,North America,15.04,99.04,77,0.61,5.66,0.52,0.38,114.33,60.28,1.31,,
Canada,2020,CAN,North America,12.43,99.04,77,0.61,9.46,0.52,,114.87,,1.13,,
Canada,2021,CAN,North America,,,74,0.6,7.46,0.52,,,,2.52,,
Canada,2022,CAN,North America,,,74,0.6,,,,,,1.27,,
Central African Republic,2000,CAF,Sub-Saharan Africa,47.04,8.53,,0.15,5.3,0.74,0.29,,20.75,0.68,,
Central African Republic,2001,CAF,Sub-Saharan Africa,53.5,8.4,,0.15,5.33,0.74,0.29,12,21.08,0.4,,
Central African Republic,2002,CAF,Sub-Saharan Africa,49.51,8.26,,0.15,5.37,0.74,0.28,12.02,18.03,0.75,,
Central African Republic,2003,CAF,Sub-Saharan Africa,51.47,8.13,,0.12,5.39,0.74,0.27,,24.25,0.85,,
Central African Republic,2004,CAF,Sub-Saharan Africa,54.85,7.99,,0.12,5.34,0.74,0.27,,25.34,0.96,,
Central African Republic,2005,CAF,Sub-Saharan Africa,53.23,7.86,,0.13,5.33,0.74,0.26,,26.04,0.98,,
Central African Republic,2006,CAF,Sub-Saharan Africa,52.95,7.74,24,0.17,5.29,0.74,0.26,,10.61,0.97,,
Central African Republic,2007,CAF,Sub-Saharan Africa,50.6,7.61,20,0.17,5.26,0.73,0.26,,10.94,0.54,,
Central African Republic,2008,CAF,Sub-Saharan Africa,58.6,7.49,20,0.17,5.21,0.73,0.26,,11.33,0.68,,
Central African Republic,2009,CAF,Sub-Saharan Africa,49.31,7.37,20,0.17,5.27,0.73,0.26,13.62,6.86,1.12,,
Central African Republic,2010,CAF,Sub-Saharan Africa,59.52,7.25,21,0.16,5.52,0.73,0.25,,7.08,1.16,,
Central African Republic,2011,CAF,Sub-Saharan Africa,58.58,7.14,22,0.16,5.46,0.73,0.25,17.62,7.62,0.76,,
Central African Republic,2012,CAF,Sub-Saharan Africa,58.08,7.02,26,0.15,5.44,0.73,0.25,17.39,7.15,0.49,,
Central African Republic,2013,CAF,Sub-Saharan Africa,45.24,6.91,25,0.12,5.45,0.73,0.22,,7.02,0.87,,
Central African Republic,2014,CAF,Sub-Saharan Africa,46.46,6.8,24,0.12,5.58,0.73,0.21,,6.94,0.7,,
Central African Republic,2015,CAF,Sub-Saharan Africa,48.78,6.7,24,0.13,5.74,0.73,0.21,,7.19,0.98,,
Central African Republic,2016,CAF,Sub-Saharan Africa,55.21,6.59,20,0.19,5.75,0.73,0.2,15.04,7.47,1.22,,
Central African Republic,2017,CAF,Sub-Saharan Africa,56.42,6.49,23,0.18,5.76,0.73,0.2,17.14,7.3,1.22,,
Central African Republic,2018,CAF,Sub-Saharan Africa,41.67,6.39,26,0.18,5.7,0.73,0.2,,7.26,1.15,,
Central African Republic,2019,CAF,Sub-Saharan Africa,60.88,6.28,25,0.17,5.76,0.73,0.2,,7,1.26,,
Central African Republic,2020,CAF,Sub-Saharan Africa,51.9,6.18,26,0.16,6.38,0.73,,,,1.14,,
Central African Republic,2021,CAF,Sub-Saharan Africa,,,24,0.14,6.46,0.73,,,,1.27,,
Central African Republic,2022,CAF,Sub-Saharan Africa,,,24,0.13,,,,,,1.03,,
Chad,2000,TCD,Sub-Saharan Africa,56.22,15.08,,0.14,0.81,0.59,0.08,10.77,6.49,0.28,,
Chad,2001,TCD,Sub-Saharan Africa,58.26,14.82,,0.14,0.8,0.59,0.08,12.5,6.02,0.29,,
Chad,2002,TCD,Sub-Saharan Africa,64.74,14.55,,0.14,0.82,0.59,0.08,13.39,6.51,0.8,,
Chad,2003,TCD,Sub-Saharan Africa,47.42,14.27,17,0.14,0.83,0.59,0.08,14.77,6.61,0.84,,
Chad,2004,TCD,Sub-Saharan Africa,51.01,13.98,17,0.14,0.81,0.59,0.1,15.16,6.35,0.83,,
Chad,2005,TCD,Sub-Saharan Africa,56.22,13.69,17,0.15,0.86,0.6,0.1,15.64,6.3,1.15,,
Chad,2006,TCD,Sub-Saharan Africa,63.66,13.39,20,0.15,0.91,0.6,0.1,16.06,5.89,1.37,,
Chad,2007,TCD,Sub-Saharan Africa,64.92,13.08,18,0.14,0.92,0.6,0.1,18.5,6.03,0.61,,
Chad,2008,TCD,Sub-Saharan Africa,68.82,12.77,16,0.14,0.94,0.6,0.1,20.95,5.82,0.47,,
Chad,2009,TCD,Sub-Saharan Africa,65.01,12.44,16,0.14,0.96,0.6,0.09,22.99,5.35,1.24,,
Chad,2010,TCD,Sub-Saharan Africa,67.58,12.12,17,0.14,0.95,0.61,0.1,22.59,5.69,1.18,,
Chad,2011,TCD,Sub-Saharan Africa,60.77,11.79,20,0.14,1,0.61,0.1,23.07,5.73,0.97,,
Chad,2012,TCD,Sub-Saharan Africa,59.43,11.46,19,0.14,1,0.6,0.1,22.32,5.62,0.55,,
Chad,2013,TCD,Sub-Saharan Africa,58.64,11.13,19,0.13,1.03,0.6,0.09,24.68,5.35,1.01,,
Chad,2014,TCD,Sub-Saharan Africa,55.72,10.8,22,0.13,1.04,0.6,0.1,23.04,5.18,0.86,,
Chad,2015,TCD,Sub-Saharan Africa,56.72,10.46,22,0.13,1.07,0.59,0.1,22.42,12.56,1.29,,
Chad,2016,TCD,Sub-Saharan Africa,56.65,10.12,20,0.13,1.12,0.59,0.09,22.56,12.99,0.94,,
Chad,2017,TCD,Sub-Saharan Africa,59.21,9.77,20,0.13,1.13,0.58,0.09,20.68,13,1.03,,
Chad,2018,TCD,Sub-Saharan Africa,64.38,9.42,19,0.13,1.13,0.58,0.09,20.21,13.12,1.53,,
Chad,2019,TCD,Sub-Saharan Africa,62.62,9.06,20,0.13,1.12,0.58,0.09,20.56,12.46,1.31,,
Chad,2020,TCD,Sub-Saharan Africa,59.48,8.69,21,0.13,1.64,0.58,,,,1.19,,
Chad,2021,TCD,Sub-Saharan Africa,,,20,0.12,1.54,0.58,,23.87,,1.15,,
Chad,2022,TCD,Sub-Saharan Africa,,,19,0.09,,,,,,0.74,,
Chile,2000,CHL,Latin America and Caribbean,42.81,92.09,74,0.59,10.49,0.73,0.28,85.52,21.55,-0.18,,
Chile,2001,CHL,Latin America and Caribbean,42.62,92.59,75,0.59,10.39,0.72,0.28,,19.84,0.05,,
Chile,2002,CHL,Latin America and Caribbean,42.48,93.07,75,0.58,10.17,0.72,0.29,88.94,21.22,0.14,,
Chile,2003,CHL,Latin America and Caribbean,42.76,93.48,74,0.58,9.77,0.71,0.3,91.27,19.93,0.31,,
Chile,2004,CHL,Latin America and Caribbean,41.84,93.88,74,0.58,10.16,0.72,0.3,92.38,20.53,0.56,,
Chile,2005,CHL,Latin America and Caribbean,42.47,94.29,73,0.58,9.34,0.73,0.31,93.5,21.71,0.28,,
Chile,2006,CHL,Latin America and Caribbean,40.75,94.71,73,0.59,9.02,0.74,0.32,93.26,22.64,0.58,,
Chile,2007,CHL,Latin America and Caribbean,39.19,95.12,70,0.59,8.43,0.74,0.32,92.09,23.49,-0.22,,
Chile,2008,CHL,Latin America and Caribbean,37.43,95.54,69,0.59,9.29,0.74,0.32,91.39,25.81,0.5,,
Chile,2009,CHL,Latin America and Caribbean,34.59,95.96,67,0.59,11.31,0.74,0.32,88.98,21.69,0.52,,
Chile,2010,CHL,Latin America and Caribbean,34.47,96.38,72,0.58,8.41,0.75,0.33,90.01,24.36,-0.02,,
Chile,2011,CHL,Latin America and Caribbean,34.5,96.8,72,0.58,7.32,0.76,0.34,90.47,27.39,0.21,,
Chile,2012,CHL,Latin America and Caribbean,33.41,97.23,72,0.58,6.64,0.76,0.34,89.5,29.08,0.7,,
Chile,2013,CHL,Latin America and Caribbean,33.64,97.66,71,0.58,6.2,0.75,0.35,99.59,28.7,0.43,,
Chile,2014,CHL,Latin America and Caribbean,34.27,98.09,73,0.59,6.65,0.75,0.35,100.68,27.26,0.49,,
Chile,2015,CHL,Latin America and Caribbean,34.51,98.52,70,0.59,6.49,0.74,0.36,101.78,27.43,0.85,,
Chile,2016,CHL,Latin America and Caribbean,34.75,98.95,66,0.59,6.73,0.74,0.37,101.78,27.03,1.02,,
Chile,2017,CHL,Latin America and Caribbean,33.31,99.39,67,0.59,6.95,0.73,0.37,101.83,26.61,0.87,,
Chile,2018,CHL,Latin America and Caribbean,33.25,99.59,67,0.58,7.21,0.73,0.38,102.37,26.9,0.54,,
Chile,2019,CHL,Latin America and Caribbean,32.8,99.75,67,0.56,7.27,0.72,0.38,103.67,26.06,0.68,,
Chile,2020,CHL,Latin America and Caribbean,29.38,99.75,67,0.59,11.14,0.72,,103.64,,0.95,,
Chile,2021,CHL,Latin America and Caribbean,,,67,0.59,9.35,0.72,,,,0.88,,
Chile,2022,CHL,Latin America and Caribbean,,,67,0.57,,,,,,0.41,,
China,2000,CHN,East Asia and Pacific,60.13,65.12,31,0.04,,0.5,0.37,60.26,9.59,0.57,,
China,2001,CHN,East Asia and Pacific,64.19,65.75,35,0.04,,0.51,0.37,60.08,10.16,1.04,,
China,2002,CHN,East Asia and Pacific,62.85,68.35,35,0.05,,0.53,0.37,60.28,11.05,1.13,,
China,2003,CHN,East Asia and Pacific,60.72,70.91,34,0.06,,0.54,0.37,62.14,12.26,0.82,,
China,2004,CHN,East Asia and Pacific,58.77,73.43,34,0.06,,0.55,0.36,,14,1.11,,
China,2005,CHN,East Asia and Pacific,57.69,75.9,32,0.06,,0.56,0.36,,15.56,1.05,,
China,2006,CHN,East Asia and Pacific,55.99,78.3,33,0.06,,0.56,0.36,71.33,16.82,1.23,,
China,2007,CHN,East Asia and Pacific,51.29,80.63,35,0.05,,0.56,0.35,76.79,19.03,1.54,,
China,2008,CHN,East Asia and Pacific,47.37,82.91,36,0.05,,0.56,0.35,81.71,21.03,1.09,,
China,2009,CHN,East Asia and Pacific,43.46,85.12,36,0.05,,0.56,0.35,85.45,23.95,1.33,,
China,2010,CHN,East Asia and Pacific,40.8,87.26,35,0.05,,0.57,0.35,88.17,27.44,0.97,,
China,2011,CHN,East Asia and Pacific,40.27,87.96,36,0.05,,0.56,0.34,,31.66,0.79,,
China,2012,CHN,East Asia and Pacific,39.23,88.62,,0.05,,0.55,0.34,,32.54,0.63,,
China,2013,CHN,East Asia and Pacific,38.16,89.26,,0.05,,0.56,0.34,,33.18,1.07,,
China,2014,CHN,East Asia and Pacific,36.56,89.86,,0.05,,0.55,0.34,,33.36,1.06,,
China,2015,CHN,East Asia and Pacific,35.09,90.44,,0.04,,0.56,0.34,,34.44,1.3,,
China,2016,CHN,East Asia and Pacific,35.91,90.99,,0.04,,0.55,0.34,,34.47,1.32,,
China,2017,CHN,East Asia and Pacific,36.05,91.51,,0.04,,0.56,0.34,,34.98,1.57,,
China,2018,CHN,East Asia and Pacific,35.75,91.99,,0.04,,0.56,0.34,,35.74,1.36,,
China,2019,CHN,East Asia and Pacific,35.23,92.45,,0.04,,0.56,0.33,,36.37,1.42,,
China,2020,CHN,East Asia and Pacific,34.79,92.88,,0.04,,0.56,,,,1.62,,
China,2021,CHN,East Asia and Pacific,,,,0.04,,0.57,,,,1.7,,
China,2022,CHN,East Asia and Pacific,,,,0.04,,,,,,1.9,,
Colombia,2000,COL,Latin America and Caribbean,13.69,90.38,32,0.36,20.52,0.71,0.36,73.09,9.45,-0.01,,
Colombia,2001,COL,Latin America and Caribbean,13.4,90.73,38,0.36,15.04,0.71,0.36,,9.24,0.44,,
Colombia,2002,COL,Latin America and Caribbean,11.49,91.08,36,0.36,15.63,0.71,0.36,74.64,9.48,0.68,,
Colombia,2003,COL,Latin America and Caribbean,8.6,91.42,37,0.36,14.19,0.7,0.36,,10.1,0.69,,
Colombia,2004,COL,Latin America and Caribbean,13.76,91.75,38,0.37,13.72,0.69,0.36,79.11,9.82,0.59,,
Colombia,2005,COL,Latin America and Caribbean,16.41,92.08,40,0.37,11.87,0.68,0.36,82.86,10.28,0.68,,
Colombia,2006,COL,Latin America and Caribbean,17.93,92.41,39,0.38,10.96,0.68,0.35,86.29,10.95,0.53,,
Colombia,2007,COL,Latin America and Caribbean,19.25,92.72,38,0.39,10.25,0.69,0.35,89.21,11.45,0.64,,
Colombia,2008,COL,Latin America and Caribbean,20.85,93.03,38,0.39,10.52,0.69,0.35,90.79,12.07,0.39,,
Colombia,2009,COL,Latin America and Caribbean,18.01,93.34,37,0.38,11.32,0.69,0.35,95.27,12.32,0.86,,
Colombia,2010,COL,Latin America and Caribbean,17,93.64,35,0.42,10.98,0.68,0.35,97.55,12.77,1.04,,
Colombia,2011,COL,Latin America and Caribbean,15.32,93.93,34,0.44,10.11,0.68,0.35,99.15,12.47,0.47,,
Colombia,2012,COL,Latin America and Caribbean,17.86,94.22,36,0.44,9.74,0.66,0.36,95.4,12.65,0.67,,
Colombia,2013,COL,Latin America and Caribbean,17.15,94.5,36,0.44,9.05,0.66,0.36,96.14,13.3,0.83,,
Colombia,2014,COL,Latin America and Caribbean,16.28,94.78,37,0.44,8.57,0.66,0.37,94.99,13.62,0.85,,
Colombia,2015,COL,Latin America and Caribbean,15.4,95.05,37,0.45,8.3,0.65,0.37,94.72,12.59,1.25,,
Colombia,2016,COL,Latin America and Caribbean,15.61,95.32,37,0.48,8.69,0.65,0.37,95.01,13.89,1.08,,
Colombia,2017,COL,Latin America and Caribbean,15.36,95.55,37,0.47,8.87,0.65,0.37,95.73,12.7,0.82,,
Colombia,2018,COL,Latin America and Caribbean,15.13,95.83,36,0.47,9.11,0.66,0.37,97.51,12.69,1.14,,
Colombia,2019,COL,Latin America and Caribbean,14.13,96.02,37,0.45,9.96,0.68,0.36,100.81,13.87,1.4,,
Colombia,2020,COL,Latin America and Caribbean,13.59,96.2,39,0.42,15.04,0.69,,101.8,,1.58,,
Colombia,2021,COL,Latin America and Caribbean,,,39,0.43,13.9,0.69,,,,1.07,,
Colombia,2022,COL,Latin America and Caribbean,,,39,0.47,,,,,,0.87,,
Comoros,2000,COM,Sub-Saharan Africa,79.78,66.48,,0.18,4.66,0.74,0.2,,,0.01,,
Comoros,2001,COM,Sub-Saharan Africa,81.36,66.4,,0.19,4.7,0.74,0.2,,,0.16,,
Comoros,2002,COM,Sub-Saharan Africa,76.27,66.32,,0.24,4.66,0.74,0.2,36.28,,0.61,,
Comoros,2003,COM,Sub-Saharan Africa,73.19,66.25,,0.26,4.62,0.74,0.2,40.07,,0.29,,
Comoros,2004,COM,Sub-Saharan Africa,73.08,66.17,,0.28,4.57,0.74,0.2,44.01,,0.21,,
Comoros,2005,COM,Sub-Saharan Africa,76.22,66.09,,0.29,4.92,0.73,0.21,,,0.31,,
Comoros,2006,COM,Sub-Saharan Africa,79.53,66.02,,0.29,5.28,0.72,0.21,,,0.12,,
Comoros,2007,COM,Sub-Saharan Africa,81.81,65.94,26,0.29,5.66,0.7,0.21,,,0.45,,
Comoros,2008,COM,Sub-Saharan Africa,83.37,65.87,25,0.28,5.97,0.69,0.22,,,0.28,,
Comoros,2009,COM,Sub-Saharan Africa,84.12,65.79,23,0.29,6.34,0.68,0.22,,,0.64,,
Comoros,2010,COM,Sub-Saharan Africa,80.46,65.72,21,0.29,6.69,0.67,0.22,,,0.88,,
Comoros,2011,COM,Sub-Saharan Africa,64.04,65.65,24,0.31,7.04,0.66,0.22,,,0.52,,
Comoros,2012,COM,Sub-Saharan Africa,67.97,65.58,28,0.31,7.41,0.64,0.23,,,0.48,,
Comoros,2013,COM,Sub-Saharan Africa,68.01,65.51,28,0.32,7.74,0.63,0.23,59.98,,0.42,,
Comoros,2014,COM,Sub-Saharan Africa,65.51,65.45,26,0.32,8.14,0.62,0.23,61.09,,0.51,,
Comoros,2015,COM,Sub-Saharan Africa,74.99,65.38,26,0.28,8.14,0.62,0.23,,,0.73,,
Comoros,2016,COM,Sub-Saharan Africa,71.27,65.4,24,0.28,8.08,0.62,0.23,,,0.7,,
Comoros,2017,COM,Sub-Saharan Africa,63.84,65.41,27,0.27,8.06,0.62,0.24,55.51,,0.95,,
Comoros,2018,COM,Sub-Saharan Africa,67.24,65.43,27,0.26,8.04,0.62,0.24,59.47,,0.71,,
Comoros,2019,COM,Sub-Saharan Africa,61.83,65.44,25,0.22,8.06,0.62,0.24,,,1.3,,
Comoros,2020,COM,Sub-Saharan Africa,67.65,,21,0.21,9.03,0.62,,,,1.03,,
Comoros,2021,COM,Sub-Saharan Africa,,,20,0.21,8.98,0.62,,,,0.65,,
Comoros,2022,COM,Sub-Saharan Africa,,,19,0.21,,,,,,0.52,,
Cook Islands,2000,COK,East Asia and Pacific,7.12,84.54,,,,,,,,0.3,,
Cook Islands,2001,COK,East Asia and Pacific,5.94,84.76,,,,,,,,0.4,,
Cook Islands,2002,COK,East Asia and Pacific,5.96,84.98,,,,,,,,0.29,,
Cook Islands,2003,COK,East Asia and Pacific,7.07,85.2,,,,,,,,0.26,,
Cook Islands,2004,COK,East Asia and Pacific,6.94,85.42,,,,,,,,0.26,,
Cook Islands,2005,COK,East Asia and Pacific,5.2,85.64,,,,,,,,0.12,,
Cook Islands,2006,COK,East Asia and Pacific,6.46,85.86,,,,,,,,0.31,,
Cook Islands,2007,COK,East Asia and Pacific,6.04,86.08,,,,,,,,0.34,,
Cook Islands,2008,COK,East Asia and Pacific,7.7,86.3,,,,,,,,0.21,,
Cook Islands,2009,COK,East Asia and Pacific,5.44,86.52,,,,,,,,0.08,,
Cook Islands,2010,COK,East Asia and Pacific,5.83,86.74,,,,,,,,0.6,,
Cook Islands,2011,COK,East Asia and Pacific,6.41,86.96,,,,,,,,0.55,,
Cook Islands,2012,COK,East Asia and Pacific,6.54,87.18,,,,,,,,0.26,,
Cook Islands,2013,COK,East Asia and Pacific,6.94,87.4,,,,,,,,0.46,,
Cook Islands,2014,COK,East Asia and Pacific,6.69,87.41,,,,,,,,0.16,,
Cook Islands,2015,COK,East Asia and Pacific,7.66,87.41,,,,,,,,-0.43,,
Cook Islands,2016,COK,East Asia and Pacific,5.91,87.42,,,,,,,,0.31,,
Cook Islands,2017,COK,East Asia and Pacific,6.74,87.42,,,,,,,,0.68,,
Cook Islands,2018,COK,East Asia and Pacific,7.28,87.43,,,,,,,,0.24,,
Cook Islands,2019,COK,East Asia and Pacific,6.7,87.43,,,,,,,,0.22,,
Cook Islands,2020,COK,East Asia and Pacific,6.95,87.43,,,,,,,,0.27,,
Cook Islands,2021,COK,East Asia and Pacific,,,,,,,,,,0.57,,
Cook Islands,2022,COK,East Asia and Pacific,,,,,,,,,,0.48,,
Costa Rica,2000,CRI,Latin America and Caribbean,31.57,94.15,54,0.63,5.08,0.66,0.28,62.06,12.03,-0.02,,
Costa Rica,2001,CRI,Latin America and Caribbean,31.63,94.62,45,0.64,5.92,0.66,0.29,66.86,12.67,0.61,,
Costa Rica,2002,CRI,Latin America and Caribbean,30.69,95.08,45,0.66,6.33,0.66,0.29,68.1,16.28,0.89,,
Costa Rica,2003,CRI,Latin America and Caribbean,30.77,95.51,43,0.65,6.56,0.66,0.29,,13.24,0.86,,
Costa Rica,2004,CRI,Latin America and Caribbean,32.06,95.92,49,0.65,6.39,0.66,0.28,79.51,13.28,0.8,,
Costa Rica,2005,CRI,Latin America and Caribbean,32.77,96.32,42,0.65,6.57,0.66,0.29,81.59,14.12,0.58,,
Costa Rica,2006,CRI,Latin America and Caribbean,31.08,96.69,41,0.66,5.74,0.66,0.3,88.42,12.81,0.78,,
Costa Rica,2007,CRI,Latin America and Caribbean,30.91,97.05,50,0.7,4.49,0.66,0.3,89.84,14.45,0.75,,
Costa Rica,2008,CRI,Latin America and Caribbean,29.51,97.39,51,0.7,4.78,0.66,0.31,91.27,14.56,0.35,,
Costa Rica,2009,CRI,Latin America and Caribbean,26.4,97.71,53,0.7,7.71,0.66,0.31,98.09,12.73,1.05,,
Costa Rica,2010,CRI,Latin America and Caribbean,25.38,97.97,53,0.7,7.17,0.66,0.31,101.08,13.12,0.99,,
Costa Rica,2011,CRI,Latin America and Caribbean,25.78,98.22,48,0.7,9.52,0.66,0.31,103.8,14.48,0.56,,
Costa Rica,2012,CRI,Latin America and Caribbean,24.5,98.46,54,0.7,9.11,0.67,0.33,107.49,15.35,,,
Costa Rica,2013,CRI,Latin America and Caribbean,23.23,98.67,53,0.69,8.22,0.68,0.33,114.39,15.62,,,
Costa Rica,2014,CRI,Latin America and Caribbean,24.41,98.88,54,0.69,8.5,0.67,0.33,120.13,14.71,,,
Costa Rica,2015,CRI,Latin America and Caribbean,22.6,99.06,55,0.68,8.42,0.67,0.33,122.79,14.18,,,
Costa Rica,2016,CRI,Latin America and Caribbean,22.2,99.24,58,0.68,8.09,0.68,0.32,125.82,14.25,,,
Costa Rica,2017,CRI,Latin America and Caribbean,21.26,99.37,59,0.67,7.73,0.66,0.32,128.93,13.94,,,
Costa Rica,2018,CRI,Latin America and Caribbean,22.42,99.34,56,0.66,9.01,0.67,0.32,132.82,14.17,,,
Costa Rica,2019,CRI,Latin America and Caribbean,22.32,99.31,19,0.66,10.81,0.67,0.33,141.36,14.37,,,
Costa Rica,2020,CRI,Latin America and Caribbean,20.29,99.28,19,0.66,16.43,0.7,,142.02,,,,
Costa Rica,2021,CRI,Latin America and Caribbean,,,58,0.65,15.14,0.7,,,,,,
Costa Rica,2022,CRI,Latin America and Caribbean,,,54,0.63,,,,,,,,
Croatia,2000,HRV,Europe and Central Asia,13.86,90.14,37,0.47,16.06,0.46,0.4,85.53,15.76,1.6,,
Croatia,2001,HRV,Europe and Central Asia,14.39,90.17,39,0.48,15.82,0.46,0.4,85.76,17.56,1.57,,
Croatia,2002,HRV,Europe and Central Asia,18.63,90.19,38,0.48,15.05,0.45,0.4,86.87,18.18,1.23,,
Croatia,2003,HRV,Europe and Central Asia,16.64,90.21,37,0.48,13.92,0.44,0.4,88.34,19.63,1.24,,
Croatia,2004,HRV,Europe and Central Asia,18.12,90.24,35,0.47,13.66,0.45,0.4,,20.1,0.63,,
Croatia,2005,HRV,Europe and Central Asia,13.39,90.26,34,0.48,12.6,0.46,0.41,93.17,21.24,0.25,,
Croatia,2006,HRV,Europe and Central Asia,13.31,90.29,34,0.49,11.13,0.46,0.41,94.93,23.85,0.68,,
Croatia,2007,HRV,Europe and Central Asia,12.39,90.31,41,0.49,9.91,0.47,0.4,96.6,23.87,1.94,,
Croatia,2008,HRV,Europe and Central Asia,14.51,,44,0.49,8.53,0.47,0.41,98.37,23.92,1.42,,
Croatia,2009,HRV,Europe and Central Asia,13.75,,41,0.52,9.2,0.46,0.42,99.85,20.54,1.45,,
Croatia,2010,HRV,Europe and Central Asia,13.96,,41,0.57,11.62,0.46,0.43,99.9,19.5,0.82,,
Croatia,2011,HRV,Europe and Central Asia,12.05,,40,0.58,13.68,0.47,0.42,99.19,21.19,1.22,,
Croatia,2012,HRV,Europe and Central Asia,11.47,,46,0.6,15.93,0.47,0.43,98.92,18.3,1.81,,
Croatia,2013,HRV,Europe and Central Asia,8.83,,48,0.62,17.25,0.46,0.42,99.35,17.72,1.23,,
Croatia,2014,HRV,Europe and Central Asia,11.28,,48,0.61,17.29,0.47,0.42,98.7,17.18,2,,
Croatia,2015,HRV,Europe and Central Asia,10.94,,51,0.6,16.18,0.47,0.42,98.65,17.25,1.9,,
Croatia,2016,HRV,Europe and Central Asia,10.97,,49,0.54,13.1,0.46,0.41,98.87,17.35,1.81,,
Croatia,2017,HRV,Europe and Central Asia,10.97,,49,0.52,11.21,0.46,0.41,99.4,17.4,1.52,,
Croatia,2018,HRV,Europe and Central Asia,10.48,,48,0.52,8.43,0.47,0.41,100.08,18.12,2.28,,
Croatia,2019,HRV,Europe and Central Asia,11.46,,35,0.52,6.62,0.47,0.41,100.12,18.37,2.08,,
Croatia,2020,HRV,Europe and Central Asia,10.45,,36,0.54,7.51,0.47,,100.4,,1.99,,
Croatia,2021,HRV,Europe and Central Asia,,,47,0.52,7.61,0.47,,,,1.58,,
Croatia,2022,HRV,Europe and Central Asia,,,50,0.51,,,,,,2.21,,
Cuba,2000,CUB,Latin America and Caribbean,16.23,81.82,,0.07,5.45,0.64,0.28,82.75,10.05,0.51,,
Cuba,2001,CUB,Latin America and Caribbean,18.71,82.02,,0.07,4.08,0.65,0.29,84.53,9.87,0.54,,
Cuba,2002,CUB,Latin America and Caribbean,19.38,82.22,,0.07,3.31,0.65,0.29,88.32,9.73,0.95,,
Cuba,2003,CUB,Latin America and Caribbean,20.33,82.4,46,0.07,2.33,0.64,0.3,91.39,9.35,1.09,,
Cuba,2004,CUB,Latin America and Caribbean,19.6,82.55,37,0.07,1.85,0.63,0.31,90.95,9.05,0.87,,
Cuba,2005,CUB,Latin America and Caribbean,14.84,83.22,38,0.07,1.95,0.62,0.31,93.05,9.22,0.79,,
Cuba,2006,CUB,Latin America and Caribbean,14.26,83.89,35,0.07,1.91,0.61,0.32,95.42,10.09,0.91,,
Cuba,2007,CUB,Latin America and Caribbean,9.78,84.56,42,0.07,1.79,0.63,0.32,95.56,10.1,0.9,,
Cuba,2008,CUB,Latin America and Caribbean,8.84,85.23,43,0.07,1.58,0.61,0.33,94.94,10.86,0.64,,
Cuba,2009,CUB,Latin America and Caribbean,8.1,85.91,44,0.08,1.67,0.59,0.33,92.78,9.87,0.93,,
Cuba,2010,CUB,Latin America and Caribbean,9.18,86.58,37,0.08,2.5,0.59,0.33,92.25,11.43,0.96,,
Cuba,2011,CUB,Latin America and Caribbean,10.82,87.26,42,0.08,3.18,0.57,0.34,91.53,10.93,0.54,,
Cuba,2012,CUB,Latin America and Caribbean,13.13,87.94,48,0.08,3.46,0.56,0.35,90.19,10.71,0.61,,
Cuba,2013,CUB,Latin America and Caribbean,12.27,88.62,46,0.07,3.29,0.56,0.35,90.98,10.63,0.89,,
Cuba,2014,CUB,Latin America and Caribbean,9.64,89.29,46,0.07,2.7,0.56,0.35,97,10.7,1.14,,
Cuba,2015,CUB,Latin America and Caribbean,9.62,89.97,47,0.07,2.4,0.56,0.36,97.89,10.59,1.44,,
Cuba,2016,CUB,Latin America and Caribbean,10.29,90.65,47,0.07,2,0.56,0.36,100.11,10.59,1.37,,
Cuba,2017,CUB,Latin America and Caribbean,10.7,91.34,47,0.07,1.7,0.57,0.37,101.31,10.23,1.28,,
Cuba,2018,CUB,Latin America and Caribbean,11.17,92.03,47,0.08,1.7,0.57,0.37,101.14,10.57,1.18,,
Cuba,2019,CUB,Latin America and Caribbean,10.85,92.73,47,0.09,1.2,0.57,0.37,100.34,10.78,1.63,,
Cuba,2020,CUB,Latin America and Caribbean,8.92,93.42,47,0.09,1.4,0.59,,99.95,,1.72,,
Cuba,2021,CUB,Latin America and Caribbean,,,46,0.09,1.47,0.59,,89.13,,1.3,,
Cuba,2022,CUB,Latin America and Caribbean,,,45,0.09,,,,,,1.44,,
Cyprus,2000,CYP,Europe and Central Asia,55.9,99.89,,0.52,4.97,0.47,0.32,93.37,36.19,0.62,,
Cyprus,2001,CYP,Europe and Central Asia,55.22,99.89,,0.53,3.98,0.48,0.33,93.45,36.96,1.16,,
Cyprus,2002,CYP,Europe and Central Asia,52.77,99.89,,0.54,3.3,0.49,0.33,96.92,38.23,0.84,,
Cyprus,2003,CYP,Europe and Central Asia,47.65,99.88,61,0.53,4.14,0.48,0.34,98.42,38.01,0.59,,
Cyprus,2004,CYP,Europe and Central Asia,49.88,99.87,54,0.57,4.33,0.43,0.33,97.72,35.46,0.61,,
Cyprus,2005,CYP,Europe and Central Asia,49.83,99.87,57,0.56,5.3,0.43,0.34,96.54,35.54,0.34,,
Cyprus,2006,CYP,Europe and Central Asia,48.33,99.86,56,0.57,4.54,0.44,0.34,96.6,36.65,0.62,,
Cyprus,2007,CYP,Europe and Central Asia,48.8,99.85,53,0.57,3.92,0.43,0.35,97.78,37.38,0.81,,
Cyprus,2008,CYP,Europe and Central Asia,51.4,99.84,64,0.57,3.65,0.47,0.36,98.33,38.95,1.03,,
Cyprus,2009,CYP,Europe and Central Asia,49.92,99.83,66,0.57,5.36,0.47,0.36,98.39,38.31,0.98,,
Cyprus,2010,CYP,Europe and Central Asia,43.11,99.83,63,0.57,6.26,0.46,0.37,91.44,37.69,2.03,,
Cyprus,2011,CYP,Europe and Central Asia,41.37,99.82,63,0.57,7.86,0.49,0.38,92.83,39.21,0.72,,
Cyprus,2012,CYP,Europe and Central Asia,42.37,99.81,66,0.57,11.8,0.5,0.4,95.3,39.64,0.97,,
Cyprus,2013,CYP,Europe and Central Asia,42.6,99.8,63,0.58,15.87,0.53,0.41,98.31,41.64,1.24,,
Cyprus,2014,CYP,Europe and Central Asia,45.11,99.8,63,0.58,16.09,0.5,0.41,99.42,41.7,1.05,,
Cyprus,2015,CYP,Europe and Central Asia,43.62,99.79,61,0.58,14.91,0.5,0.4,99.78,43.55,1.14,,
Cyprus,2016,CYP,Europe and Central Asia,44.61,99.78,55,0.57,12.95,0.48,0.41,99.12,44.12,1.49,,
Cyprus,2017,CYP,Europe and Central Asia,44.76,99.77,57,0.57,11.05,0.47,0.39,100.33,45.06,0.78,,
Cyprus,2018,CYP,Europe and Central Asia,44.36,99.77,59,0.56,8.37,0.49,0.39,100.25,46.01,2.12,,
Cyprus,2019,CYP,Europe and Central Asia,32.12,99.77,48,0.56,7.07,0.46,0.39,100.85,46.15,1.52,,
Cyprus,2020,CYP,Europe and Central Asia,14.01,99.77,47,0.52,7.59,0.46,,101.43,,1.67,,
Cyprus,2021,CYP,Europe and Central Asia,,,53,0.51,7.46,0.46,,,,1.99,,
Cyprus,2022,CYP,Europe and Central Asia,,,52,0.48,,,,,,1.24,,
Czech Republic,2000,CZE,Europe and Central Asia,10.2,96.32,43,0.59,8.76,0.39,0.38,88.32,31.24,1.91,,
Czech Republic,2001,CZE,Europe and Central Asia,10.64,96.32,39,0.59,7.99,0.39,0.38,94.81,31.46,1.23,,
Czech Republic,2002,CZE,Europe and Central Asia,10,96.44,37,0.59,7.02,0.38,0.38,95.5,32.74,1.53,,
Czech Republic,2003,CZE,Europe and Central Asia,10.37,96.55,39,0.63,7.54,0.38,0.37,96.49,33.29,1.08,,
Czech Republic,2004,CZE,Europe and Central Asia,10.71,96.67,42,0.63,8.21,0.39,0.36,95.44,33.11,0.82,,
Czech Republic,2005,CZE,Europe and Central Asia,11.09,96.79,43,0.63,7.93,0.39,0.35,95.67,32.88,0.75,,
Czech Republic,2006,CZE,Europe and Central Asia,11.65,96.91,48,0.63,7.15,0.39,0.35,96.04,33.16,0.96,,
Czech Republic,2007,CZE,Europe and Central Asia,13.63,97.03,52,0.63,5.32,0.39,0.35,94.96,33.59,2.18,,
Czech Republic,2008,CZE,Europe and Central Asia,16.13,97.15,52,0.63,4.39,0.41,0.36,94.15,34.36,1.65,,
Czech Republic,2009,CZE,Europe and Central Asia,15.05,97.27,49,0.62,6.66,0.38,0.36,93.85,31.63,1.44,,
Czech Republic,2010,CZE,Europe and Central Asia,15.25,97.39,46,0.61,7.28,0.39,0.36,94.66,31.58,0.43,,
Czech Republic,2011,CZE,Europe and Central Asia,15.02,97.51,44,0.62,6.71,0.37,0.37,95.8,30.78,1.05,,
Czech Republic,2012,CZE,Europe and Central Asia,15.29,97.64,49,0.62,6.98,0.39,0.37,96.79,30.94,1.6,,
Czech Republic,2013,CZE,Europe and Central Asia,13.59,97.76,48,0.6,6.95,0.38,0.36,104,29.43,0.8,,
Czech Republic,2014,CZE,Europe and Central Asia,14.08,97.88,51,0.59,6.11,0.39,0.37,104.7,29.75,2.53,,
Czech Republic,2015,CZE,Europe and Central Asia,14.83,97.88,56,0.58,5.05,0.4,0.37,105.09,29.75,2.14,,
Czech Republic,2016,CZE,Europe and Central Asia,15.02,97.88,55,0.58,3.95,0.39,0.37,104.63,29.97,2.1,,
Czech Republic,2017,CZE,Europe and Central Asia,14.55,97.88,57,0.57,2.89,0.39,0.37,103.49,29.54,1.62,,
Czech Republic,2018,CZE,Europe and Central Asia,14.19,97.88,59,0.55,2.24,0.38,0.38,102.3,29.27,2.67,,
Czech Republic,2019,CZE,Europe and Central Asia,14.09,97.88,58,0.54,2.01,0.38,0.38,101.3,29.11,2.56,,
Czech Republic,2020,CZE,Europe and Central Asia,11.53,97.88,57,0.54,2.55,0.38,,100.94,,2.36,,
Czech Republic,2021,CZE,Europe and Central Asia,,,54,0.53,2.81,0.38,,,,1.32,,
Czech Republic,2022,CZE,Europe and Central Asia,,,56,0.57,,,,,,2.39,,
Democratic People's Republic of Korea,2000,PRK,East Asia and Pacific,,78.74,,0.04,3.01,0.54,,,8.02,0.59,,
Democratic People's Republic of Korea,2001,PRK,East Asia and Pacific,,78.74,,0.04,3.03,0.54,,,8.94,0.86,,
Democratic People's Republic of Korea,2002,PRK,East Asia and Pacific,,78.74,,0.04,2.99,0.56,,,8.83,0.84,,
Democratic People's Republic of Korea,2003,PRK,East Asia and Pacific,,78.74,,0.04,3,0.56,,,9.16,0.93,,
Democratic People's Republic of Korea,2004,PRK,East Asia and Pacific,,78.69,,0.04,2.96,0.56,,,9.12,1.58,,
Democratic People's Republic of Korea,2005,PRK,East Asia and Pacific,,78.4,,0.04,2.93,0.56,,,9.54,0.85,,
Democratic People's Republic of Korea,2006,PRK,East Asia and Pacific,,78.1,,0.04,2.9,0.56,,,9.58,0.69,,
Democratic People's Republic of Korea,2007,PRK,East Asia and Pacific,,77.81,,0.04,2.91,0.56,,,7.96,1.61,,
Democratic People's Republic of Korea,2008,PRK,East Asia and Pacific,,77.51,,0.04,2.87,0.56,,,8.27,1.53,,
Democratic People's Republic of Korea,2009,PRK,East Asia and Pacific,,77.22,,0.04,2.9,0.57,,,8.32,1.06,,
Democratic People's Republic of Korea,2010,PRK,East Asia and Pacific,,76.93,,0.04,2.81,0.58,,,7.47,0.38,,
Democratic People's Republic of Korea,2011,PRK,East Asia and Pacific,,76.64,10,0.04,2.89,0.56,,,5.51,0.52,,
Democratic People's Republic of Korea,2012,PRK,East Asia and Pacific,,76.36,8,0.04,2.92,0.55,,,5.55,0.42,,
Democratic People's Republic of Korea,2013,PRK,East Asia and Pacific,,76.07,8,0.04,2.92,0.55,,,4.55,0.3,,
Democratic People's Republic of Korea,2014,PRK,East Asia and Pacific,,75.79,8,0.04,2.87,0.55,,,4.63,1.52,,
Democratic People's Republic of Korea,2015,PRK,East Asia and Pacific,,75.51,8,0.04,2.9,0.55,,92.27,4.6,1.22,,
Democratic People's Republic of Korea,2016,PRK,East Asia and Pacific,,75.23,12,0.04,2.92,0.55,,,4.81,1.42,,
Democratic People's Republic of Korea,2017,PRK,East Asia and Pacific,,74.95,17,0.04,2.86,0.55,,,4.88,1.59,,
Democratic People's Republic of Korea,2018,PRK,East Asia and Pacific,,74.68,14,0.04,2.81,0.55,,,6.17,0.86,,
Democratic People's Republic of Korea,2019,PRK,East Asia and Pacific,,74.41,17,0.04,2.78,0.55,,,7.15,1.83,,
Democratic People's Republic of Korea,2020,PRK,East Asia and Pacific,,74.43,18,0.04,3.06,0.5,,,,1.86,,
Democratic People's Republic of Korea,2021,PRK,East Asia and Pacific,,,16,0.05,3.21,0.5,,,,1.86,,
Democratic People's Republic of Korea,2022,PRK,East Asia and Pacific,,,17,0.05,,,,,,1.61,,
Democratic Republic of the Congo,2000,COD,Sub-Saharan Africa,51.08,10,,0.1,2.96,0.61,0.19,,2.23,0.54,,
Democratic Republic of the Congo,2001,COD,Sub-Saharan Africa,70.12,10.35,,0.1,2.93,0.61,0.2,,2.57,0.39,,
Democratic Republic of the Congo,2002,COD,Sub-Saharan Africa,69.02,10.71,,0.11,2.89,0.61,0.2,,2.66,0.87,,
Democratic Republic of the Congo,2003,COD,Sub-Saharan Africa,66.52,11.08,,0.11,2.87,0.61,0.19,,2.75,0.96,,
Democratic Republic of the Congo,2004,COD,Sub-Saharan Africa,70.73,11.46,20,0.12,2.86,0.61,0.2,,2.76,0.91,,
Democratic Republic of the Congo,2005,COD,Sub-Saharan Africa,68.51,11.84,21,0.13,2.85,0.61,0.2,,2.88,1.01,,
Democratic Republic of the Congo,2006,COD,Sub-Saharan Africa,67.86,12.24,20,0.19,3.09,0.61,0.19,,2.87,0.84,,
Democratic Republic of the Congo,2007,COD,Sub-Saharan Africa,63.57,12.65,19,0.23,3.32,0.61,0.19,36.6,2.63,0.77,,
Democratic Republic of the Congo,2008,COD,Sub-Saharan Africa,49.8,13.07,17,0.23,3.55,0.6,0.2,39.45,2.72,0.66,,
Democratic Republic of the Congo,2009,COD,Sub-Saharan Africa,45.38,13.49,19,0.23,3.81,0.6,0.2,41.5,2.6,0.93,,
Democratic Republic of the Congo,2010,COD,Sub-Saharan Africa,37.05,13.94,20,0.24,4.02,0.6,0.21,41.21,2.57,1.35,,
Democratic Republic of the Congo,2011,COD,Sub-Saharan Africa,38.82,14.39,20,0.24,4.25,0.6,0.22,43.32,2.44,0.84,,
Democratic Republic of the Congo,2012,COD,Sub-Saharan Africa,40.28,14.85,21,0.22,4.49,0.6,0.22,43.23,2.33,0.52,,
Democratic Republic of the Congo,2013,COD,Sub-Saharan Africa,39.43,15.33,22,0.21,4.47,0.6,0.23,42.91,2.4,1,,
Democratic Republic of the Congo,2014,COD,Sub-Saharan Africa,38.72,15.81,22,0.21,4.45,0.6,0.23,45.5,2.38,0.98,,
Democratic Republic of the Congo,2015,COD,Sub-Saharan Africa,37.43,16.31,22,0.21,4.46,0.6,0.23,46.17,2.32,1.05,,
Democratic Republic of the Congo,2016,COD,Sub-Saharan Africa,37.29,16.82,21,0.21,4.48,0.6,0.23,,2.2,1.55,,
Democratic Republic of the Congo,2017,COD,Sub-Saharan Africa,40.12,17.34,21,0.21,4.46,0.6,0.24,,2.19,1.32,,
Democratic Republic of the Congo,2018,COD,Sub-Saharan Africa,41.61,17.88,20,0.21,4.43,0.6,0.24,,2.08,1.45,,
Democratic Republic of the Congo,2019,COD,Sub-Saharan Africa,38.5,18.43,18,0.22,4.44,0.6,0.24,,1.95,1.48,,
Democratic Republic of the Congo,2020,COD,Sub-Saharan Africa,39.72,18.99,18,0.22,5.13,0.6,,,,1.69,,
Democratic Republic of the Congo,2021,COD,Sub-Saharan Africa,,,19,0.2,5.11,0.6,,,,1.66,,
Democratic Republic of the Congo,2022,COD,Sub-Saharan Africa,,,20,0.19,,,,,,1.48,,
Denmark,2000,DNK,Europe and Central Asia,15.36,96.76,98,0.73,4.48,0.41,0.39,126.99,41.47,1.72,,
Denmark,2001,DNK,Europe and Central Asia,15.12,96.76,95,0.73,4.16,0.4,0.4,130.96,38.61,1.04,,
Denmark,2002,DNK,Europe and Central Asia,14.73,96.76,95,0.73,4.27,0.39,0.4,126.26,40.24,1.65,,
Denmark,2003,DNK,Europe and Central Asia,14.56,96.76,95,0.72,5.4,0.38,0.4,126.4,41.91,0.71,,
Denmark,2004,DNK,Europe and Central Asia,14.87,96.76,95,0.72,5.2,0.39,0.4,123.59,42.04,1.03,,
Denmark,2005,DNK,Europe and Central Asia,14.71,96.76,95,0.72,4.83,0.4,0.4,124.1,42.19,1.28,,
Denmark,2006,DNK,Europe and Central Asia,14.53,96.75,95,0.72,3.9,0.41,0.4,120,44.6,1.35,,
Denmark,2007,DNK,Europe and Central Asia,14.56,96.75,94,0.71,3.8,0.4,0.4,118.76,43.19,2.14,,
Denmark,2008,DNK,Europe and Central Asia,14.12,96.75,93,0.71,3.68,0.4,0.41,117.84,40.63,1.85,,
Denmark,2009,DNK,Europe and Central Asia,13.68,96.75,93,0.72,6.41,0.4,0.42,117.98,36.92,1.32,,
Denmark,2010,DNK,Europe and Central Asia,13.71,96.75,93,0.72,7.75,0.42,0.42,119.5,37.33,-0.2,,
Denmark,2011,DNK,Europe and Central Asia,13.9,96.74,94,0.72,7.77,0.42,0.42,122.7,36.27,0.68,,
Denmark,2012,DNK,Europe and Central Asia,13.51,96.74,90,0.71,7.8,0.42,0.42,123.41,33.66,1.14,,
Denmark,2013,DNK,Europe and Central Asia,13.35,96.74,91,0.71,7.38,0.43,0.42,129.34,34.02,0.4,,
Denmark,2014,DNK,Europe and Central Asia,13.34,96.74,92,0.71,6.93,0.44,0.42,129.33,33.29,2.68,,
Denmark,2015,DNK,Europe and Central Asia,13.46,96.74,91,0.71,6.28,0.44,0.42,130.25,31.69,1.52,,
Denmark,2016,DNK,Europe and Central Asia,13.52,96.74,90,0.71,5.99,0.44,0.42,129.12,31.95,1.85,,
Denmark,2017,DNK,Europe and Central Asia,13.69,96.73,88,0.71,5.83,0.44,0.41,129.08,31.68,1.62,,
Denmark,2018,DNK,Europe and Central Asia,13.82,96.73,88,0.71,5.13,0.44,0.41,129.75,32.19,2.11,,
Denmark,2019,DNK,Europe and Central Asia,13.79,96.73,87,0.7,5.02,0.44,0.41,129.89,29.67,2.18,,
Denmark,2020,DNK,Europe and Central Asia,12.83,96.73,88,0.7,5.64,0.44,,130.86,,2.63,,
Denmark,2021,DNK,Europe and Central Asia,,,88,0.69,5.06,0.45,,,,1.69,,
Denmark,2022,DNK,Europe and Central Asia,,,90,0.7,,,,,,2.22,,
Djibouti,2000,DJI,Middle East and North Africa,51.33,44.56,,0.12,28.68,0.59,0.28,14.05,6.66,0.83,,
Djibouti,2001,DJI,Middle East and North Africa,54.73,44.64,,0.12,28.52,0.59,0.28,16,6.65,0.81,,
Djibouti,2002,DJI,Middle East and North Africa,42.81,44.72,,0.12,28.35,0.59,0.28,16.8,6.64,1.36,,
Djibouti,2003,DJI,Middle East and North Africa,36.94,44.79,,0.12,28.22,0.59,0.29,,6.72,1.47,,
Djibouti,2004,DJI,Middle East and North Africa,41.3,44.87,,0.12,28.09,0.6,0.29,20.52,6.74,0.95,,
Djibouti,2005,DJI,Middle East and North Africa,41.68,44.95,,0.12,27.95,0.6,0.29,22.93,6.79,1.21,,
Djibouti,2006,DJI,Middle East and North Africa,37.76,45.02,,0.14,27.77,0.6,0.29,22.84,6.9,0.89,,
Djibouti,2007,DJI,Middle East and North Africa,35.84,45.1,29,0.14,27.62,0.61,0.29,26.74,6.94,0.86,,
Djibouti,2008,DJI,Middle East and North Africa,31.61,45.18,30,0.14,27.45,0.61,0.29,31.96,6.98,0.3,,
Djibouti,2009,DJI,Middle East and North Africa,30.17,45.26,28,0.14,27.4,0.61,0.29,34.99,7.05,1.4,,
Djibouti,2010,DJI,Middle East and North Africa,29.04,45.34,32,0.14,27.19,0.62,0.29,,7.1,1.04,,
Djibouti,2011,DJI,Middle East and North Africa,24.23,45.43,30,0.14,26.97,0.62,0.29,40.86,7.19,0.9,,
Djibouti,2012,DJI,Middle East and North Africa,22.95,45.52,36,0.14,26.87,0.62,0.3,43.86,7.21,,,
Djibouti,2013,DJI,Middle East and North Africa,24.06,45.62,36,0.14,26.71,0.62,0.3,45.25,7.16,1.23,,
Djibouti,2014,DJI,Middle East and North Africa,22.66,45.72,34,0.14,26.51,0.62,0.3,46.17,7.09,1.09,,
Djibouti,2015,DJI,Middle East and North Africa,20.54,45.83,34,0.14,26.34,0.61,0.3,46.76,7.01,1.59,,
Djibouti,2016,DJI,Middle East and North Africa,23.18,45.94,30,0.14,26.2,0.61,0.3,48.11,6.93,1.35,,
Djibouti,2017,DJI,Middle East and North Africa,26.16,46.06,31,0.14,26.06,0.6,0.3,47.85,6.84,1.81,,
Djibouti,2018,DJI,Middle East and North Africa,29.1,46.18,31,0.14,26.15,0.6,0.3,51.46,6.82,1.42,,
Djibouti,2019,DJI,Middle East and North Africa,31.23,46.31,30,0.14,26.32,0.6,0.31,51.97,6.8,1.47,,
Djibouti,2020,DJI,Middle East and North Africa,26.59,46.39,27,0.14,28.05,0.6,,54.27,,1.53,,
Djibouti,2021,DJI,Middle East and North Africa,,,30,0.14,27.95,0.6,,55.21,,1.13,,
Djibouti,2022,DJI,Middle East and North Africa,,,30,0.15,,,,,,1.55,,
Dominica,2000,DMA,Latin America and Caribbean,33.02,65.29,,,,,,111.51,,0.28,,
Dominica,2001,DMA,Latin America and Caribbean,41.14,66.47,,,,,,111.47,,0.52,,
Dominica,2002,DMA,Latin America and Caribbean,41.7,67.64,,,,,,112.63,,0.68,,
Dominica,2003,DMA,Latin America and Caribbean,40.08,68.82,,,,,,114.38,,0.78,,
Dominica,2004,DMA,Latin America and Caribbean,40.67,70,,,,,,107.71,,0.49,,
Dominica,2005,DMA,Latin America and Caribbean,40.02,71.19,,,,,,103.23,,0.82,,
Dominica,2006,DMA,Latin America and Caribbean,39.93,72.38,45,,,,,98.5,,0.72,,
Dominica,2007,DMA,Latin America and Caribbean,42.96,73.57,56,,,,,95.71,,0.87,,
Dominica,2008,DMA,Latin America and Caribbean,44.35,74.76,60,,,,,92.69,,0.4,,
Dominica,2009,DMA,Latin America and Caribbean,42.24,75.96,59,,,,,92.27,,0.54,,
Dominica,2010,DMA,Latin America and Caribbean,38.8,77.15,52,,,,,88.91,,1.19,,
Dominica,2011,DMA,Latin America and Caribbean,36.78,78.36,52,,,,,89.14,,0.59,,
Dominica,2012,DMA,Latin America and Caribbean,35.47,79.56,58,,,,,,,0.7,,
Dominica,2013,DMA,Latin America and Caribbean,35.36,80.77,58,,,,,,,0.72,,
Dominica,2014,DMA,Latin America and Caribbean,35.74,80.77,,,,,,90.72,,0.7,,
Dominica,2015,DMA,Latin America and Caribbean,34.05,80.77,58,,,,,94.25,,0.92,,
Dominica,2016,DMA,Latin America and Caribbean,32.23,80.77,59,,,,,,,1.06,,
Dominica,2017,DMA,Latin America and Caribbean,28.56,80.77,57,,,,,,,0.82,,
Dominica,2018,DMA,Latin America and Caribbean,30.91,,57,,,,,,,0.56,,
Dominica,2019,DMA,Latin America and Caribbean,33.86,,55,,,,,101.06,,0.75,,
Dominica,2020,DMA,Latin America and Caribbean,29.3,,55,,,,,101.58,,1.09,,
Dominica,2021,DMA,Latin America and Caribbean,,,55,,,,,102.55,,0.73,,
Dominica,2022,DMA,Latin America and Caribbean,,,55,,,,,,,0.69,,
Dominican Republic,2000,DOM,Latin America and Caribbean,55.32,74.81,,0.42,6.43,0.67,0.3,60.06,12.69,0.63,,
Dominican Republic,2001,DOM,Latin America and Caribbean,54.5,75.98,31,0.43,7.26,0.67,0.3,,12.69,0.91,,
Dominican Republic,2002,DOM,Latin America and Caribbean,53.45,77.15,35,0.43,6.78,0.67,0.31,68.4,12.39,0.96,,
Dominican Republic,2003,DOM,Latin America and Caribbean,61.65,78.4,33,0.43,6.94,0.67,0.32,,11.25,1.24,,
Dominican Republic,2004,DOM,Latin America and Caribbean,62.25,79.69,29,0.42,6.3,0.67,0.31,69.47,9.97,0.81,,
Dominican Republic,2005,DOM,Latin America and Caribbean,53.88,80.96,30,0.42,6.59,0.67,0.32,71.15,11.21,0.97,,
Dominican Republic,2006,DOM,Latin America and Caribbean,54.75,82.23,28,0.41,5.65,0.67,0.32,,11.73,1,,
Dominican Republic,2007,DOM,Latin America and Caribbean,46.18,83.49,30,0.41,5.16,0.67,0.32,80.12,13.05,1.26,,
Dominican Republic,2008,DOM,Latin America and Caribbean,41.58,84.74,30,0.41,4.76,0.67,0.33,78.95,13.56,0.67,,
Dominican Republic,2009,DOM,Latin America and Caribbean,38.94,85.98,30,0.41,5.47,0.67,0.33,80.9,12.54,0.71,,
Dominican Republic,2010,DOM,Latin America and Caribbean,36.45,87.21,30,0.4,5.21,0.67,0.34,78.15,13.02,1.22,,
Dominican Republic,2011,DOM,Latin America and Caribbean,35.28,88.41,26,0.4,6.09,0.67,0.35,77.47,13.45,0.54,,
Dominican Republic,2012,DOM,Latin America and Caribbean,33.4,89.59,32,0.39,6.72,0.67,0.35,78.02,13.42,0.75,,
Dominican Republic,2013,DOM,Latin America and Caribbean,32.21,90.76,29,0.38,7.35,0.68,0.34,79.2,12.95,1.21,,
Dominican Republic,2014,DOM,Latin America and Caribbean,31.05,91.92,32,0.38,6.72,0.67,0.35,80.14,12.83,1.11,,
Dominican Republic,2015,DOM,Latin America and Caribbean,29.99,93.08,33,0.36,7.61,0.67,0.35,79.98,12.81,1.34,,
Dominican Republic,2016,DOM,Latin America and Caribbean,29.48,94.23,31,0.35,7.28,0.67,0.35,79.88,12.63,1.02,,
Dominican Republic,2017,DOM,Latin America and Caribbean,28.29,94.4,29,0.34,5.83,0.64,0.36,79.74,12.35,1.03,,
Dominican Republic,2018,DOM,Latin America and Caribbean,28.92,94.56,30,0.35,5.86,0.68,0.35,79.94,12.57,1.16,,
Dominican Republic,2019,DOM,Latin America and Caribbean,27.94,94.71,28,0.36,6.18,0.64,0.36,81.59,13.4,1.27,,
Dominican Republic,2020,DOM,Latin America and Caribbean,24.65,94.85,28,0.43,6.13,0.64,,79.77,,1.49,,
Dominican Republic,2021,DOM,Latin America and Caribbean,,,30,0.46,7.7,0.64,,75.45,,1,,
Dominican Republic,2022,DOM,Latin America and Caribbean,,,32,0.46,,,,,,0.98,,
Ecuador,2000,ECU,Latin America and Caribbean,63.58,76.69,26,0.48,4.8,0.68,0.27,57.71,9.55,0.24,,
Ecuador,2001,ECU,Latin America and Caribbean,60.98,77.39,23,0.48,4.25,0.68,0.27,58.03,11.55,0.48,,
Ecuador,2002,ECU,Latin America and Caribbean,62.64,78.04,22,0.48,4.9,0.68,0.28,59.09,12.35,0.78,,
Ecuador,2003,ECU,Latin America and Caribbean,62.05,78.66,22,0.49,5.66,0.68,0.28,58.7,12.21,0.83,,
Ecuador,2004,ECU,Latin America and Caribbean,60.88,79.28,24,0.49,5,0.67,0.28,59.37,12.5,0.84,,
Ecuador,2005,ECU,Latin America and Caribbean,62.83,80.31,25,0.49,3.78,0.65,0.29,62.01,12.52,0.84,,
Ecuador,2006,ECU,Latin America and Caribbean,60.96,81.34,23,0.51,3.55,0.64,0.28,64.27,12.57,0.81,,
Ecuador,2007,ECU,Latin America and Caribbean,55.39,82.38,21,0.49,3.14,0.68,0.28,65.85,13.52,0.82,,
Ecuador,2008,ECU,Latin America and Caribbean,54.8,83.42,20,0.48,3.92,0.63,0.28,,12.14,0.7,,
Ecuador,2009,ECU,Latin America and Caribbean,52.02,84.47,22,0.45,4.61,0.63,0.29,88.64,12.46,0.96,,
Ecuador,2010,ECU,Latin America and Caribbean,47.35,85.52,25,0.43,4.09,0.64,0.29,92.32,13.62,1.09,,
Ecuador,2011,ECU,Latin America and Caribbean,46.45,86.57,27,0.42,3.46,0.6,0.28,96.47,13.33,0.78,,
Ecuador,2012,ECU,Latin America and Caribbean,43.18,87.62,32,0.42,3.23,0.62,0.29,99.54,13.28,0.66,,
Ecuador,2013,ECU,Latin America and Caribbean,38.03,88.68,35,0.37,3.08,0.61,0.28,102.11,13.67,0.49,,
Ecuador,2014,ECU,Latin America and Caribbean,33.16,89.74,33,0.37,3.48,0.59,0.28,104.86,13.61,1.01,,
Ecuador,2015,ECU,Latin America and Caribbean,36.27,90.81,32,0.37,3.62,0.58,0.28,104.03,12.81,1.39,,
Ecuador,2016,ECU,Latin America and Caribbean,33.15,91.88,31,0.37,4.6,0.57,0.29,103.75,12.05,1.55,,
Ecuador,2017,ECU,Latin America and Caribbean,32.43,92.81,32,0.39,3.84,0.59,0.29,102.2,11.72,1.16,,
Ecuador,2018,ECU,Latin America and Caribbean,30.46,93.57,34,0.46,3.53,0.59,0.29,101.44,12.05,0.97,,
Ecuador,2019,ECU,Latin America and Caribbean,30.88,94.33,38,0.43,3.81,0.58,0.29,100.57,11.53,1.28,,
Ecuador,2020,ECU,Latin America and Caribbean,33.83,95.09,39,0.44,6.11,0.63,,100.56,,1.51,,
Ecuador,2021,ECU,Latin America and Caribbean,,,36,0.43,4.5,0.63,,,,1.03,,
Ecuador,2022,ECU,Latin America and Caribbean,,,36,0.46,,,,,,0.74,,
Egypt,2000,EGY,Middle East and North Africa,62.49,90.05,31,0.08,8.98,0.59,0.15,81.99,8.91,0.05,,
Egypt,2001,EGY,Middle East and North Africa,63.83,90.52,36,0.07,9.26,0.59,0.18,83.28,7.89,0.66,,
Egypt,2002,EGY,Middle East and North Africa,63.77,91,34,0.08,10.01,0.59,0.17,82.71,7.89,0.83,,
Egypt,2003,EGY,Middle East and North Africa,65.41,91.48,33,0.08,10.91,0.59,0.15,82.43,8.55,0.73,,
Egypt,2004,EGY,Middle East and North Africa,64.55,91.95,32,0.08,10.32,0.59,0.13,81.86,8.08,0.65,,
Egypt,2005,EGY,Middle East and North Africa,64.58,92.43,34,0.09,11.05,0.59,0.13,,9.08,0.51,,
Egypt,2006,EGY,Middle East and North Africa,60.42,92.91,33,0.08,10.49,0.59,0.14,,9.13,0.73,,
Egypt,2007,EGY,Middle East and North Africa,60.33,93.38,29,0.08,8.8,0.59,0.16,,9.57,0.6,,
Egypt,2008,EGY,Middle East and North Africa,61.82,93.86,28,0.08,8.52,0.59,0.15,,10.19,0.94,,
Egypt,2009,EGY,Middle East and North Africa,60.44,94.33,28,0.08,9.09,0.58,0.15,67.16,10.15,0.92,,
Egypt,2010,EGY,Middle East and North Africa,62.63,94.8,31,0.08,8.76,0.57,0.15,68.91,10.02,2.33,,
Egypt,2011,EGY,Middle East and North Africa,60.5,95.28,29,0.1,11.85,0.57,0.15,77.6,10.25,0.63,,
Egypt,2012,EGY,Middle East and North Africa,60.88,95.75,32,0.12,12.6,0.58,0.16,78.69,10.53,0.94,,
Egypt,2013,EGY,Middle East and North Africa,57.94,96.23,32,0.08,13.15,0.58,0.16,80.32,9.99,1.05,,
Egypt,2014,EGY,Middle East and North Africa,55.12,96.71,37,0.05,13.1,0.59,0.16,80.8,10.5,1.25,,
Egypt,2015,EGY,Middle East and North Africa,59.45,97.19,36,0.06,13.05,0.59,0.15,,10.27,1.21,,
Egypt,2016,EGY,Middle East and North Africa,59,97.67,34,0.06,12.45,0.59,0.18,85.15,10.66,1.4,,
Egypt,2017,EGY,Middle East and North Africa,56.4,98.15,32,0.06,11.77,0.58,0.17,86.71,10.63,0.62,,
Egypt,2018,EGY,Middle East and North Africa,62.61,98.21,35,0.06,9.85,0.58,0.14,87.91,10.25,2.05,,
Egypt,2019,EGY,Middle East and North Africa,62.51,98.27,35,0.07,7.85,0.57,0.15,89.48,9.85,1.04,,
Egypt,2020,EGY,Middle East and North Africa,59.31,98.32,33,0.07,7.94,0.57,,,,1.12,,
Egypt,2021,EGY,Middle East and North Africa,,,33,0.07,7.4,0.57,,,,1.73,,
Egypt,2022,EGY,Middle East and North Africa,,,30,0.09,,,,,,0.66,,
El Salvador,2000,SLV,Latin America and Caribbean,45.36,71.92,41,0.33,6.96,0.67,0.31,58.33,7.5,0.32,,
El Salvador,2001,SLV,Latin America and Caribbean,45.14,72.14,36,0.33,6.96,0.67,0.31,60.02,7.58,0.57,,
El Salvador,2002,SLV,Latin America and Caribbean,44.85,73.36,34,0.34,6.2,0.67,0.31,62.92,7.53,0.69,,
El Salvador,2003,SLV,Latin America and Caribbean,45.69,74.59,37,0.33,6.9,0.65,0.32,65.69,7.46,0.88,,
El Salvador,2004,SLV,Latin America and Caribbean,44.67,75.81,42,0.34,6.8,0.65,0.3,68.72,7.34,0.64,,
El Salvador,2005,SLV,Latin America and Caribbean,44.03,77.02,42,0.33,7.22,0.68,0.31,67.75,7.51,0.51,,
El Salvador,2006,SLV,Latin America and Caribbean,38.75,78.24,40,0.35,6.57,0.65,0.32,67.05,7.76,0.5,,
El Salvador,2007,SLV,Latin America and Caribbean,41.64,79.46,40,0.35,6.41,0.66,0.31,66.75,7.97,0.43,,
El Salvador,2008,SLV,Latin America and Caribbean,42.01,80.79,39,0.35,5.88,0.66,0.32,66.17,7.85,0.2,,
El Salvador,2009,SLV,Latin America and Caribbean,38.43,82.09,34,0.37,7.33,0.65,0.32,67.34,6.93,0.79,,
El Salvador,2010,SLV,Latin America and Caribbean,37.81,83.37,36,0.38,4.89,0.64,0.32,69.14,6.82,0.5,,
El Salvador,2011,SLV,Latin America and Caribbean,38.15,84.64,34,0.39,4.3,0.63,0.32,71.51,7.06,0.51,,
El Salvador,2012,SLV,Latin America and Caribbean,39.04,85.89,38,0.39,3.84,0.62,0.32,73.42,6.89,0.63,,
El Salvador,2013,SLV,Latin America and Caribbean,37.4,87.12,38,0.4,3.69,0.66,0.32,77.17,6.96,0.62,,
El Salvador,2014,SLV,Latin America and Caribbean,36.57,88.33,39,0.42,4.15,0.66,0.33,76.9,6.79,0.65,,
El Salvador,2015,SLV,Latin America and Caribbean,35.22,89.52,39,0.42,4,0.63,0.32,,6.72,1.29,,
El Salvador,2016,SLV,Latin America and Caribbean,34.54,90.69,36,0.42,4.42,0.64,0.32,,6.45,1.26,,
El Salvador,2017,SLV,Latin America and Caribbean,37.28,91.34,33,0.42,4.39,0.62,0.32,,6.01,0.72,,
El Salvador,2018,SLV,Latin America and Caribbean,37.6,91.75,35,0.4,4.01,0.6,0.32,,5.68,0.77,,
El Salvador,2019,SLV,Latin America and Caribbean,36.02,92,34,0.37,4.17,0.6,0.31,,5.84,0.97,,
El Salvador,2020,SLV,Latin America and Caribbean,32.88,92.22,36,0.32,5.02,0.6,,,,1.48,,
El Salvador,2021,SLV,Latin America and Caribbean,,,34,0.26,4.35,0.6,,,,1,,
El Salvador,2022,SLV,Latin America and Caribbean,,,33,0.22,,,,,,0.66,,
Equatorial Guinea,2000,GNQ,Sub-Saharan Africa,78.13,10.35,,0.05,8,0.63,0.3,23.49,,0.36,,
Equatorial Guinea,2001,GNQ,Sub-Saharan Africa,78.09,10.77,,0.05,8.1,0.63,0.29,22.03,,0.38,,
Equatorial Guinea,2002,GNQ,Sub-Saharan Africa,84.18,11.2,,0.05,8.18,0.62,0.28,22.74,,0.63,,
Equatorial Guinea,2003,GNQ,Sub-Saharan Africa,82.55,11.64,,0.05,8.21,0.62,0.28,,,0.85,,
Equatorial Guinea,2004,GNQ,Sub-Saharan Africa,82.29,12.09,,0.05,8.13,0.62,0.27,,,0.74,,
Equatorial Guinea,2005,GNQ,Sub-Saharan Africa,77.64,12.55,19,0.05,8.1,0.62,0.27,26.07,,0.77,,
Equatorial Guinea,2006,GNQ,Sub-Saharan Africa,71.88,13.02,21,0.05,8.04,0.62,0.27,,,0.66,,
Equatorial Guinea,2007,GNQ,Sub-Saharan Africa,70.79,13.49,19,0.04,7.99,0.62,0.27,,,0.82,,
Equatorial Guinea,2008,GNQ,Sub-Saharan Africa,76.73,13.98,17,0.04,7.94,0.61,0.27,,,0.69,,
Equatorial Guinea,2009,GNQ,Sub-Saharan Africa,57.76,14.47,18,0.04,8.06,0.62,0.26,,,0.82,,
Equatorial Guinea,2010,GNQ,Sub-Saharan Africa,66.19,14.96,19,0.04,8.4,0.62,0.27,,,0.98,,
Equatorial Guinea,2011,GNQ,Sub-Saharan Africa,64.34,15.46,19,0.05,8.3,0.62,0.27,,,0.68,,
Equatorial Guinea,2012,GNQ,Sub-Saharan Africa,48.66,15.96,20,0.05,8.19,0.62,0.27,,,0.58,,
Equatorial Guinea,2013,GNQ,Sub-Saharan Africa,71.67,16.28,19,0.05,8.08,0.62,0.28,,,0.77,,
Equatorial Guinea,2014,GNQ,Sub-Saharan Africa,74.48,16.39,,0.05,8.1,0.62,0.28,,,0.86,,
Equatorial Guinea,2015,GNQ,Sub-Saharan Africa,77.15,16.5,,0.05,8.2,0.62,0.28,,,0.85,,
Equatorial Guinea,2016,GNQ,Sub-Saharan Africa,74.36,16.6,,0.05,8.23,0.62,0.28,,,1.46,,
Equatorial Guinea,2017,GNQ,Sub-Saharan Africa,75.43,16.71,17,0.05,8.26,0.63,0.3,,,1.31,,
Equatorial Guinea,2018,GNQ,Sub-Saharan Africa,75.13,,16,0.05,8.2,0.63,0.31,,,0.84,,
Equatorial Guinea,2019,GNQ,Sub-Saharan Africa,75.4,,16,0.05,8.28,0.63,0.31,,,1.6,,
Equatorial Guinea,2020,GNQ,Sub-Saharan Africa,74.17,,16,0.05,9.3,0.63,,,,1.48,,
Equatorial Guinea,2021,GNQ,Sub-Saharan Africa,,,17,0.05,9.15,0.63,,,,1.2,,
Equatorial Guinea,2022,GNQ,Sub-Saharan Africa,,,17,0.05,,,,,,1.25,,
Eritrea,2000,ERI,Sub-Saharan Africa,63.77,26.82,,0.01,5.62,0.52,0.33,34.55,5.68,0.56,,
Eritrea,2001,ERI,Sub-Saharan Africa,55.93,27.32,,0.01,5.67,0.52,0.36,34.51,5.44,0.5,,
Eritrea,2002,ERI,Sub-Saharan Africa,46.02,27.83,,0.01,5.69,0.52,0.37,35.42,5.14,1.08,,
Eritrea,2003,ERI,Sub-Saharan Africa,38.93,28.35,,0.01,5.68,0.53,0.35,36.06,5.21,0.67,,
Eritrea,2004,ERI,Sub-Saharan Africa,35.14,28.88,,0.01,5.59,0.53,0.37,36.67,5.17,1.13,,
Eritrea,2005,ERI,Sub-Saharan Africa,35.24,29.42,,0.01,5.62,0.53,0.38,40.36,5.01,0.8,,
Eritrea,2006,ERI,Sub-Saharan Africa,34.45,29.98,26,0.01,5.64,0.53,0.39,42.51,4.63,0.93,,
Eritrea,2007,ERI,Sub-Saharan Africa,44.09,30.54,26,0.01,5.65,0.54,0.39,41.61,4.78,0.28,,
Eritrea,2008,ERI,Sub-Saharan Africa,33.42,31.12,29,0.01,5.6,0.54,0.39,44.91,4.55,1.1,,
Eritrea,2009,ERI,Sub-Saharan Africa,46.12,31.43,28,0.01,5.64,0.54,0.4,49.03,4.68,1.76,,
Eritrea,2010,ERI,Sub-Saharan Africa,49.41,31.75,26,0.01,5.89,0.55,0.37,51.99,4.54,1.64,,
Eritrea,2011,ERI,Sub-Saharan Africa,37.06,32.07,26,0.01,5.78,0.55,0.38,55.62,4.65,1.48,,
Eritrea,2012,ERI,Sub-Saharan Africa,52.97,32.4,26,0.01,5.69,0.55,0.39,59.33,4.7,1.48,,
Eritrea,2013,ERI,Sub-Saharan Africa,49.12,32.8,25,0.01,5.63,0.55,0.39,59.89,4.77,1.19,,
Eritrea,2014,ERI,Sub-Saharan Africa,52.65,33.2,18,0.01,5.68,0.55,0.41,58.95,4.78,0.99,,
Eritrea,2015,ERI,Sub-Saharan Africa,42.14,33.6,18,0.01,5.8,0.55,0.4,51.82,4.82,1.81,,
Eritrea,2016,ERI,Sub-Saharan Africa,56.46,34.01,18,0.01,5.81,0.55,0.4,,4.83,0.99,,
Eritrea,2017,ERI,Sub-Saharan Africa,40.94,,20,0.01,5.81,0.55,0.39,47.49,4.81,1.31,,
Eritrea,2018,ERI,Sub-Saharan Africa,48.9,,24,0.01,5.7,0.55,0.4,47.7,4.82,0.98,,
Eritrea,2019,ERI,Sub-Saharan Africa,43.19,,23,0.01,5.7,0.55,0.39,46.44,4.93,0.91,,
Eritrea,2020,ERI,Sub-Saharan Africa,45.25,,21,0.01,7.28,0.55,,,,,,
Eritrea,2021,ERI,Sub-Saharan Africa,,,22,0.01,6.8,0.55,,,,1.49,,
Eritrea,2022,ERI,Sub-Saharan Africa,,,22,0.01,,,,,,0.53,,
Estonia,2000,EST,Europe and Central Asia,20.36,93.58,57,0.6,13.36,0.55,0.44,93.83,54.66,2.07,,
Estonia,2001,EST,Europe and Central Asia,19.25,93.76,56,0.6,13.13,0.54,0.43,94.95,54.05,1.84,,
Estonia,2002,EST,Europe and Central Asia,20.56,93.94,56,0.6,10.03,0.55,0.44,97.69,54.25,1.48,,
Estonia,2003,EST,Europe and Central Asia,20.51,94.12,55,0.64,11.29,0.57,0.43,97.67,55.36,0.23,,
Estonia,2004,EST,Europe and Central Asia,22.4,94.3,60,0.64,10.25,0.54,0.41,100.09,54.15,1.18,,
Estonia,2005,EST,Europe and Central Asia,22.64,94.49,64,0.64,8.03,0.56,0.41,102.79,55.47,1.6,,
Estonia,2006,EST,Europe and Central Asia,23.17,94.67,67,0.64,5.91,0.53,0.39,103.11,54.62,1.26,,
Estonia,2007,EST,Europe and Central Asia,22.65,95.21,65,0.63,4.59,0.52,0.4,103.24,52.67,2.27,,
Estonia,2008,EST,Europe and Central Asia,20.72,95.37,66,0.63,5.45,0.5,0.42,102.27,50.4,2.61,,
Estonia,2009,EST,Europe and Central Asia,20.33,95.53,66,0.62,13.55,0.47,0.44,102.74,46.04,1.62,,
Estonia,2010,EST,Europe and Central Asia,21.92,95.7,65,0.63,16.71,0.49,0.43,105.29,46.41,0.55,,
Estonia,2011,EST,Europe and Central Asia,21.56,95.86,64,0.62,12.33,0.5,0.42,107.37,46.41,1.3,,
Estonia,2012,EST,Europe and Central Asia,21.52,96.02,64,0.62,10.02,0.51,0.41,107.81,47.07,1.47,,
Estonia,2013,EST,Europe and Central Asia,22.61,96.19,68,0.61,8.63,0.52,0.42,108.17,46.61,1.18,,
Estonia,2014,EST,Europe and Central Asia,23.55,96.35,69,0.61,7.35,0.52,0.43,108.41,46.11,2.45,,
Estonia,2015,EST,Europe and Central Asia,23.77,96.35,70,0.62,6.41,0.49,0.42,111.04,44.15,2.38,,
Estonia,2016,EST,Europe and Central Asia,23.79,96.15,70,0.64,6.88,0.49,0.44,115.01,43.22,1.94,,
Estonia,2017,EST,Europe and Central Asia,24.89,96.16,71,0.63,5.81,0.48,0.43,116.87,42.19,1.5,,
Estonia,2018,EST,Europe and Central Asia,24.66,96.18,73,0.64,5.41,0.48,0.45,116.65,41.66,2.41,,
Estonia,2019,EST,Europe and Central Asia,24.07,96.2,74,0.63,4.51,0.53,0.45,115.61,40.51,2.22,,
Estonia,2020,EST,Europe and Central Asia,21.59,96.2,75,0.62,6.96,0.52,,114.95,,3.63,,
Estonia,2021,EST,Europe and Central Asia,,,74,0.63,6.18,0.52,,,,2.17,,
Estonia,2022,EST,Europe and Central Asia,,,74,0.62,,,,,,1.96,,
Eswatini,2000,SWZ,Sub-Saharan Africa,18.53,28.01,,0.14,24.27,0.71,0.35,43.84,18.89,-0.06,,
Eswatini,2001,SWZ,Sub-Saharan Africa,17.86,29.01,,0.14,24.87,0.71,0.36,45.41,19.24,0.52,,
Eswatini,2002,SWZ,Sub-Saharan Africa,16.88,30.04,,0.14,25.36,0.7,0.36,47.1,19.32,0.6,,
Eswatini,2003,SWZ,Sub-Saharan Africa,15.06,31.1,,0.13,25.95,0.7,0.36,47.08,19.76,0.72,,
Eswatini,2004,SWZ,Sub-Saharan Africa,14.64,32.17,,0.13,26.53,0.7,0.36,51.09,19.87,0.53,,
Eswatini,2005,SWZ,Sub-Saharan Africa,13.24,33.27,27,0.13,27.04,0.69,0.36,52.83,20.02,1.15,,
Eswatini,2006,SWZ,Sub-Saharan Africa,12.4,34.4,25,0.13,27.62,0.69,0.36,57.22,20.22,0.37,,
Eswatini,2007,SWZ,Sub-Saharan Africa,12.14,35.57,33,0.13,28.24,0.69,0.37,61.38,20.21,1.13,,
Eswatini,2008,SWZ,Sub-Saharan Africa,10.54,36.93,36,0.13,27.72,0.68,0.37,,20.26,0.64,,
Eswatini,2009,SWZ,Sub-Saharan Africa,10.42,38.31,36,0.13,27.07,0.68,0.37,61.41,20.46,0.38,,
Eswatini,2010,SWZ,Sub-Saharan Africa,10.46,39.72,32,0.13,26.39,0.68,0.38,65.47,20.8,1.29,,
Eswatini,2011,SWZ,Sub-Saharan Africa,10.48,41.16,31,0.13,25.81,0.69,0.38,67.91,21.14,0.9,,
Eswatini,2012,SWZ,Sub-Saharan Africa,10.51,42.59,37,0.13,25.11,0.69,0.38,69.58,21.78,0.7,,
Eswatini,2013,SWZ,Sub-Saharan Africa,10.53,44.03,39,0.13,24.52,0.69,0.38,71.02,22.26,0.57,,
Eswatini,2014,SWZ,Sub-Saharan Africa,10.55,45.51,43,0.13,23.97,0.7,0.38,73.84,22.72,0.78,,
Eswatini,2015,SWZ,Sub-Saharan Africa,10.57,47.01,,0.13,23.32,0.7,0.38,76.04,22.92,1.24,,
Eswatini,2016,SWZ,Sub-Saharan Africa,10.59,48.53,,0.13,22.72,0.7,0.38,82.41,23.17,1.22,,
Eswatini,2017,SWZ,Sub-Saharan Africa,10.5,49.25,39,0.13,22.73,0.7,0.38,,23.29,0.69,,
Eswatini,2018,SWZ,Sub-Saharan Africa,10.13,49.96,38,0.12,22.76,0.7,0.37,,23.4,1.06,,
Eswatini,2019,SWZ,Sub-Saharan Africa,10.58,50.68,34,0.12,22.78,0.7,0.37,,23.49,1.62,,
Eswatini,2020,SWZ,Sub-Saharan Africa,11.29,50.79,33,0.12,25.08,0.7,,,,0.77,,
Eswatini,2021,SWZ,Sub-Saharan Africa,,,32,0.11,24.56,0.7,,,,0.67,,
Eswatini,2022,SWZ,Sub-Saharan Africa,,,30,0.08,,,,,,1.37,,
Ethiopia,2000,ETH,Sub-Saharan Africa,35.96,4.98,32,0.1,3.51,0.52,0.31,13.54,0.25,0.57,,
Ethiopia,2001,ETH,Sub-Saharan Africa,34.55,5.38,,0.1,3.3,0.52,0.32,16.44,0.29,0.73,,
Ethiopia,2002,ETH,Sub-Saharan Africa,37.46,5.81,35,0.1,3.15,0.52,0.32,18.74,0.28,1.03,,
Ethiopia,2003,ETH,Sub-Saharan Africa,34.46,6.27,25,0.1,2.97,0.53,0.31,19.71,0.31,1.09,,
Ethiopia,2004,ETH,Sub-Saharan Africa,34.87,6.76,23,0.1,2.68,0.53,0.31,22.2,0.31,0.83,,
Ethiopia,2005,ETH,Sub-Saharan Africa,31.34,7.28,22,0.11,2.5,0.53,0.31,25.1,0.33,1.09,,
Ethiopia,2006,ETH,Sub-Saharan Africa,38.78,7.82,23,0.09,2.47,0.53,0.31,29.23,0.36,1,,
Ethiopia,2007,ETH,Sub-Saharan Africa,37,8.4,23,0.09,2.44,0.54,0.31,32.3,0.36,0.88,,
Ethiopia,2008,ETH,Sub-Saharan Africa,38.48,9.09,26,0.09,2.41,0.54,0.31,33.41,0.41,0.83,,
Ethiopia,2009,ETH,Sub-Saharan Africa,41.54,9.82,27,0.09,2.39,0.54,0.31,33.6,0.44,1.34,,
Ethiopia,2010,ETH,Sub-Saharan Africa,42.29,10.59,27,0.09,2.34,0.55,0.31,34.84,0.39,1.28,,
Ethiopia,2011,ETH,Sub-Saharan Africa,46.54,11.4,27,0.09,2.31,0.55,0.31,36,0.39,1.17,,
Ethiopia,2012,ETH,Sub-Saharan Africa,42.17,12.25,33,0.09,2.29,0.55,0.31,37.58,0.5,1.1,,
Ethiopia,2013,ETH,Sub-Saharan Africa,42.4,13.12,33,0.09,2.25,0.55,0.31,33.62,0.56,1.23,,
Ethiopia,2014,ETH,Sub-Saharan Africa,38.47,14.04,33,0.09,2.41,0.55,0.31,34.15,0.6,1.19,,
Ethiopia,2015,ETH,Sub-Saharan Africa,36.74,15,33,0.09,2.57,0.55,0.32,34.94,0.6,1.44,,
Ethiopia,2016,ETH,Sub-Saharan Africa,35.43,16,34,0.09,2.73,0.55,0.32,,0.63,1.53,,
Ethiopia,2017,ETH,Sub-Saharan Africa,34.4,17.03,35,0.09,2.9,0.55,0.33,,0.66,1.5,,
Ethiopia,2018,ETH,Sub-Saharan Africa,35.49,18.11,34,0.11,3.06,0.55,0.33,,0.66,0.99,,
Ethiopia,2019,ETH,Sub-Saharan Africa,37.93,19.23,37,0.16,3.22,0.55,0.34,,0.65,1.32,,
Ethiopia,2020,ETH,Sub-Saharan Africa,33.08,20.4,38,0.16,4.13,0.55,,,,1.34,,
Ethiopia,2021,ETH,Sub-Saharan Africa,,,39,0.16,3.93,0.55,,,,1.52,,
Ethiopia,2022,ETH,Sub-Saharan Africa,,,38,0.17,,,,,,1.46,,
Fiji,2000,FJI,East Asia and Pacific,10.84,76.04,,0.21,4.91,,0.23,78.35,,0.71,,
Fiji,2001,FJI,East Asia and Pacific,13.18,76.2,,0.17,4.8,,0.23,79.08,,0.73,,
Fiji,2002,FJI,East Asia and Pacific,12.32,76.36,,0.19,4.76,,0.23,82.38,,0.72,,
Fiji,2003,FJI,East Asia and Pacific,12.85,75.9,,0.29,4.83,,0.23,86.1,,0.58,,
Fiji,2004,FJI,East Asia and Pacific,12.96,75.44,40,0.29,4.7,,0.22,90.9,,0.53,,
Fiji,2005,FJI,East Asia and Pacific,12.09,75,,0.29,3.89,,0.22,,,0.7,,
Fiji,2006,FJI,East Asia and Pacific,14.35,74.56,,0.22,3.96,,0.22,90.95,,0.64,,
Fiji,2007,FJI,East Asia and Pacific,15.59,74.13,,0.09,4.12,,0.23,88.98,,1.03,,
Fiji,2008,FJI,East Asia and Pacific,16.51,73.76,,0.09,4.17,,0.23,87.61,,0.58,,
Fiji,2009,FJI,East Asia and Pacific,24.59,73.4,,0.08,4.32,,0.24,86.66,,0.41,,
Fiji,2010,FJI,East Asia and Pacific,22.37,73.05,,0.08,4.31,,0.24,,,0.98,,
Fiji,2011,FJI,East Asia and Pacific,25.32,72.72,,0.08,4.41,,0.24,91.32,,0.9,,
Fiji,2012,FJI,East Asia and Pacific,24.79,72.39,,0.08,4.43,,0.24,89.88,,0.59,,
Fiji,2013,FJI,East Asia and Pacific,22.55,72.07,,0.09,4.32,,0.24,,,0.92,,
Fiji,2014,FJI,East Asia and Pacific,19.9,71.76,,0.11,4.28,,0.23,97.6,,0.65,,
Fiji,2015,FJI,East Asia and Pacific,21.03,71.46,,0.2,4.29,,0.23,97.38,,0.52,,
Fiji,2016,FJI,East Asia and Pacific,20.64,71.17,,0.2,4.32,,0.22,97.4,,0.97,,
Fiji,2017,FJI,East Asia and Pacific,15.59,70.89,,0.21,4.26,,0.22,,,1.13,,
Fiji,2018,FJI,East Asia and Pacific,13.9,70.62,,0.2,4.32,,0.22,97.15,,0.95,,
Fiji,2019,FJI,East Asia and Pacific,13.19,70.35,,0.19,4.44,,0.22,79.61,,1.07,,
Fiji,2020,FJI,East Asia and Pacific,13.66,70.63,,0.2,4.79,,,95.14,,1.24,,
Fiji,2021,FJI,East Asia and Pacific,,,55,0.2,4.93,,,96.44,,1.08,,
Fiji,2022,FJI,East Asia and Pacific,,,53,0.22,,,,,,1.35,,
Finland,2000,FIN,Europe and Central Asia,21.63,99.55,100,0.64,11.13,0.44,0.41,124.58,50,2.02,,
Finland,2001,FIN,Europe and Central Asia,21.22,99.56,99,0.63,10.29,0.43,0.41,127.12,50.36,1.37,,
Finland,2002,FIN,Europe and Central Asia,20.74,99.56,97,0.63,10.42,0.43,0.42,128.8,49.62,1.17,,
Finland,2003,FIN,Europe and Central Asia,20.34,99.57,97,0.63,10.47,0.42,0.42,131.54,54.08,0.71,,
Finland,2004,FIN,Europe and Central Asia,19.86,99.57,97,0.63,10.36,0.43,0.42,110.73,55.81,1.23,,
Finland,2005,FIN,Europe and Central Asia,19.58,99.57,96,0.63,8.38,0.42,0.42,111.79,51.1,2.2,,
Finland,2006,FIN,Europe and Central Asia,18.82,99.58,96,0.63,7.72,0.43,0.41,111.46,58.34,1.2,,
Finland,2007,FIN,Europe and Central Asia,19,99.58,94,0.63,6.85,0.43,0.41,110.11,58.47,1.95,,
Finland,2008,FIN,Europe and Central Asia,18.57,99.58,90,0.63,6.37,0.45,0.41,108.61,53.32,2.13,,
Finland,2009,FIN,Europe and Central Asia,18.32,99.59,89,0.63,8.25,0.44,0.43,107.48,44.17,1.7,,
Finland,2010,FIN,Europe and Central Asia,18.8,99.59,92,0.63,8.39,0.44,0.43,107.59,49.25,0.24,,
Finland,2011,FIN,Europe and Central Asia,18.15,99.61,94,0.63,7.78,0.44,0.43,108.1,45.72,1.35,,
Finland,2012,FIN,Europe and Central Asia,17.46,99.62,90,0.63,7.69,0.43,0.43,108.24,43.96,1.54,,
Finland,2013,FIN,Europe and Central Asia,17.79,99.63,89,0.62,8.19,0.43,0.44,144.29,42.44,1.42,,
Finland,2014,FIN,Europe and Central Asia,17.64,99.63,89,0.62,8.66,0.43,0.44,146.43,41.84,2.59,,
Finland,2015,FIN,Europe and Central Asia,18.63,99.63,90,0.61,9.38,0.44,0.44,150.02,40.62,2.61,,
Finland,2016,FIN,Europe and Central Asia,19.27,99.63,89,0.61,8.82,0.44,0.44,152.16,40.79,2.15,,
Finland,2017,FIN,Europe and Central Asia,19.05,99.63,85,0.61,8.64,0.44,0.43,153.96,39.99,1.49,,
Finland,2018,FIN,Europe and Central Asia,18.43,99.63,85,0.62,7.36,0.44,0.43,154.82,42.19,2.16,,
Finland,2019,FIN,Europe and Central Asia,17.42,99.64,86,0.62,6.69,0.44,0.44,145.32,38.16,1.45,,
Finland,2020,FIN,Europe and Central Asia,16.41,99.64,85,0.62,7.76,0.45,,144.23,,3.32,,
Finland,2021,FIN,Europe and Central Asia,,,88,0.61,7.61,0.45,,,,1.94,,
Finland,2022,FIN,Europe and Central Asia,,,87,0.61,,,,,,2.06,,
France,2000,FRA,Europe and Central Asia,7.27,99.9,67,0.65,10.22,0.45,,105.59,33.17,1.18,,
France,2001,FRA,Europe and Central Asia,7.34,99.91,67,0.65,8.61,0.45,,104.57,32.2,1.39,,
France,2002,FRA,Europe and Central Asia,7.14,99.91,63,0.66,8.7,0.44,,103.19,31.39,1.05,,
France,2003,FRA,Europe and Central Asia,7.38,99.92,69,0.66,8.31,0.45,,102.77,31.18,1.8,,
France,2004,FRA,Europe and Central Asia,7.25,99.93,71,0.66,8.91,0.45,,102.22,32.02,0.97,,
France,2005,FRA,Europe and Central Asia,7.37,99.94,75,0.66,8.49,0.45,,106.78,31.4,1.02,,
France,2006,FRA,Europe and Central Asia,9.36,99.95,74,0.66,8.45,0.44,,106.93,30.94,1.31,,
France,2007,FRA,Europe and Central Asia,9.53,99.95,73,0.66,7.66,0.45,,106.69,31.94,1.41,,
France,2008,FRA,Europe and Central Asia,10.03,99.96,69,0.66,7.06,0.45,,106.43,31.08,0.99,,
France,2009,FRA,Europe and Central Asia,10.17,99.97,69,0.66,8.74,0.43,,106.24,28.59,1.21,,
France,2010,FRA,Europe and Central Asia,10.24,99.98,68,0.66,8.87,0.44,,106.42,28.75,0.4,,
France,2011,FRA,Europe and Central Asia,10.24,99.98,70,0.66,8.81,0.44,,106.61,29.36,1.53,,
France,2012,FRA,Europe and Central Asia,10.12,99.99,71,0.66,9.4,0.44,,105.81,26.99,1.22,,
France,2013,FRA,Europe and Central Asia,10.1,100,71,0.65,9.92,0.43,,104.38,26.66,0.71,,
France,2014,FRA,Europe and Central Asia,10.04,100,69,0.65,10.29,0.44,,103.43,25.83,2.05,,
France,2015,FRA,Europe and Central Asia,9.82,100,70,0.64,10.35,0.43,0.41,103.4,25.46,1.61,,
France,2016,FRA,Europe and Central Asia,9.72,100,69,0.63,10.05,0.43,0.41,103.31,25.06,1.79,,
France,2017,FRA,Europe and Central Asia,9.76,100,70,0.63,9.41,0.42,0.41,103.76,25.59,1.8,,
France,2018,FRA,Europe and Central Asia,9.51,100,72,0.61,9.02,0.42,0.41,103.77,25.3,2.06,,
France,2019,FRA,Europe and Central Asia,9.46,100,69,0.62,8.41,0.43,0.41,104.29,24.67,2.02,,
France,2020,FRA,Europe and Central Asia,8.94,100,69,0.61,8.01,0.41,,104.63,,2.55,,
France,2021,FRA,Europe and Central Asia,,,71,0.61,7.86,0.42,,,,1.34,,
France,2022,FRA,Europe and Central Asia,,,72,0.6,,,,,,2.93,,
Gabon,2000,GAB,Sub-Saharan Africa,53.19,41.55,,0.24,17.39,0.61,0.27,,35.19,0.31,,
Gabon,2001,GAB,Sub-Saharan Africa,50.86,43.41,,0.24,17.23,0.61,0.27,52.33,33.95,0.29,,
Gabon,2002,GAB,Sub-Saharan Africa,54.16,45.28,,0.24,17.2,0.61,0.27,53.09,32.64,0.66,,
Gabon,2003,GAB,Sub-Saharan Africa,50.15,47.17,,0.24,17.08,0.61,0.27,,31.22,0.89,,
Gabon,2004,GAB,Sub-Saharan Africa,49.96,49.07,33,0.24,17.03,0.61,0.28,,30.21,0.83,,
Gabon,2005,GAB,Sub-Saharan Africa,52.17,50.98,29,0.24,16.91,0.61,0.28,,29.05,0.81,,
Gabon,2006,GAB,Sub-Saharan Africa,51.18,52.91,30,0.24,17.74,0.61,0.28,,28.01,0.74,,
Gabon,2007,GAB,Sub-Saharan Africa,50.53,54.85,33,0.25,18.27,0.6,0.28,,26.63,0.93,,
Gabon,2008,GAB,Sub-Saharan Africa,52.05,56.8,31,0.24,19.19,0.6,0.28,,25.25,0.78,,
Gabon,2009,GAB,Sub-Saharan Africa,50.69,58.75,29,0.24,19.83,0.6,0.28,,23.59,0.82,,
Gabon,2010,GAB,Sub-Saharan Africa,25.51,60.72,28,0.26,20.39,0.59,0.28,,22.5,1.08,,
Gabon,2011,GAB,Sub-Saharan Africa,27.73,62.69,30,0.26,20.42,0.59,0.29,,20.85,0.66,,
Gabon,2012,GAB,Sub-Saharan Africa,28,64.68,35,0.26,20.49,0.58,0.29,,19.67,0.62,,
Gabon,2013,GAB,Sub-Saharan Africa,28.59,66.67,34,0.27,20.51,0.58,0.29,,18.54,0.79,,
Gabon,2014,GAB,Sub-Saharan Africa,28.13,68.66,37,0.26,20.57,0.57,0.29,,17.55,0.81,,
Gabon,2015,GAB,Sub-Saharan Africa,25.9,69.04,34,0.26,20.6,0.57,0.29,,16.26,1.02,,
Gabon,2016,GAB,Sub-Saharan Africa,22.55,69.4,35,0.27,20.67,0.56,0.29,,15.31,1.51,,
Gabon,2017,GAB,Sub-Saharan Africa,25.16,69.75,32,0.28,20.73,0.56,0.29,,14.45,1.35,,
Gabon,2018,GAB,Sub-Saharan Africa,23.11,70.08,31,0.27,20.75,0.56,0.29,,13.74,1.03,,
Gabon,2019,GAB,Sub-Saharan Africa,23.09,70.4,31,0.27,20.69,0.56,0.29,73.06,13.07,1.53,,
Gabon,2020,GAB,Sub-Saharan Africa,20.13,70.61,30,0.26,21.73,0.56,,,,1.38,,
Gabon,2021,GAB,Sub-Saharan Africa,,,31,0.26,21.84,0.56,,,,1.06,,
Gabon,2022,GAB,Sub-Saharan Africa,,,29,0.25,,,,,,0.99,,
Gambia,2000,GMB,Sub-Saharan Africa,13.01,23.5,,0.15,8.47,0.66,0.18,,4.31,0.96,,
Gambia,2001,GMB,Sub-Saharan Africa,12.72,24.5,,0.15,8.53,0.66,0.19,,4.21,1.32,,
Gambia,2002,GMB,Sub-Saharan Africa,13.05,25.52,,0.16,8.78,0.66,0.19,,3.92,1.38,,
Gambia,2003,GMB,Sub-Saharan Africa,11.66,26.55,25,0.16,8.66,0.65,0.2,,3.93,1.1,,
Gambia,2004,GMB,Sub-Saharan Africa,9.85,27.53,28,0.15,8.73,0.65,0.2,,4.06,1.19,,
Gambia,2005,GMB,Sub-Saharan Africa,11.51,28.53,27,0.15,8.99,0.65,0.21,,4,1.5,,
Gambia,2006,GMB,Sub-Saharan Africa,13.04,29.54,25,0.15,9.03,0.65,0.21,,4.04,1.22,,
Gambia,2007,GMB,Sub-Saharan Africa,15.07,30.57,23,0.15,9.04,0.64,0.21,,3.95,1.09,,
Gambia,2008,GMB,Sub-Saharan Africa,16.44,31.61,19,0.15,9.06,0.64,0.21,50.11,4,1.38,,
Gambia,2009,GMB,Sub-Saharan Africa,17,32.67,29,0.14,9.13,0.64,0.22,51.03,4.22,0.69,,
Gambia,2010,GMB,Sub-Saharan Africa,18.03,33.75,32,0.14,9.23,0.63,0.22,50.13,4.28,1.32,,
Gambia,2011,GMB,Sub-Saharan Africa,19.23,34.83,35,0.14,9.61,0.62,0.22,,3.93,1.06,,
Gambia,2012,GMB,Sub-Saharan Africa,19.45,35.94,34,0.14,9.42,0.61,0.23,,3.75,0.89,,
Gambia,2013,GMB,Sub-Saharan Africa,20.9,37.05,28,0.14,8.59,0.59,0.23,,3.59,1,,
Gambia,2014,GMB,Sub-Saharan Africa,26.83,38.18,29,0.14,7.79,0.58,0.23,,3.57,1.19,,
Gambia,2015,GMB,Sub-Saharan Africa,23.42,39.32,28,0.14,6.81,0.56,0.23,,3.45,1.2,,
Gambia,2016,GMB,Sub-Saharan Africa,30.5,40.47,26,0.14,5.96,0.56,0.24,,3.41,1.64,,
Gambia,2017,GMB,Sub-Saharan Africa,26.67,41.63,30,0.31,5.04,0.56,0.24,,3.4,1.74,,
Gambia,2018,GMB,Sub-Saharan Africa,22.44,42.8,37,0.35,4.13,0.56,0.24,,3.41,1.03,,
Gambia,2019,GMB,Sub-Saharan Africa,20.21,43.98,37,0.34,4.18,0.56,0.24,,3.5,1.35,,
Gambia,2020,GMB,Sub-Saharan Africa,23.52,45.17,37,0.32,5.1,0.56,,,,1.77,,
Gambia,2021,GMB,Sub-Saharan Africa,,,37,0.33,4.98,0.56,,114.71,,1.68,,
Gambia,2022,GMB,Sub-Saharan Africa,,,34,0.4,,,,,,1.32,,
Georgia,2000,GEO,Europe and Central Asia,80.98,86.59,,0.13,10.82,0.59,0.36,87.21,9.6,0.97,,
Georgia,2001,GEO,Europe and Central Asia,76.44,86.63,,0.13,11.16,0.59,0.37,89.27,9.28,1.29,,
Georgia,2002,GEO,Europe and Central Asia,77.13,86.74,24,0.12,12.59,0.57,0.38,92.67,9.11,1.06,,
Georgia,2003,GEO,Europe and Central Asia,79.21,86.93,18,0.15,11.51,0.56,0.37,95.47,9.98,-0.24,,
Georgia,2004,GEO,Europe and Central Asia,79.44,87.7,20,0.33,12.62,0.56,0.38,91.53,10.62,0.92,,
Georgia,2005,GEO,Europe and Central Asia,79.59,88.46,23,0.33,13.81,0.57,0.37,94.39,11.75,0.54,,
Georgia,2006,GEO,Europe and Central Asia,77.26,89.22,28,0.33,13.57,0.57,0.37,95.3,13.31,1.28,,
Georgia,2007,GEO,Europe and Central Asia,75.67,89.97,34,0.32,13.28,0.59,0.36,100.62,13.59,0.91,,
Georgia,2008,GEO,Europe and Central Asia,66.55,90.71,39,0.31,17.87,0.58,0.35,99.32,12.61,0.7,,
Georgia,2009,GEO,Europe and Central Asia,68.91,91.45,41,0.31,20.71,0.56,0.36,95.13,10.66,0.71,,
Georgia,2010,GEO,Europe and Central Asia,72.73,92.18,38,0.32,20.2,0.57,0.38,,10.94,2.49,,
Georgia,2011,GEO,Europe and Central Asia,75.61,92.91,41,0.33,19.63,0.61,0.37,,12.61,0.43,,
Georgia,2012,GEO,Europe and Central Asia,73.44,93.63,52,0.34,19.65,0.58,0.36,,14.37,1.22,,
Georgia,2013,GEO,Europe and Central Asia,69.08,94.34,49,0.4,19.42,0.61,0.35,97.44,14.49,1.4,,
Georgia,2014,GEO,Europe and Central Asia,65.98,95.05,52,0.44,17.44,0.58,0.37,97.45,14.73,1.28,,
Georgia,2015,GEO,Europe and Central Asia,57.32,95.75,52,0.45,16.51,0.58,0.38,99.35,14.78,1.78,,
Georgia,2016,GEO,Europe and Central Asia,55.52,96.45,57,0.46,16.6,0.59,0.39,100.91,14.86,1.37,,
Georgia,2017,GEO,Europe and Central Asia,54.76,96.97,56,0.45,13.94,0.6,0.38,103.38,14.64,0.81,,
Georgia,2018,GEO,Europe and Central Asia,47.67,97.1,58,0.45,12.67,0.59,0.39,105.98,14.94,2.51,,
Georgia,2019,GEO,Europe and Central Asia,46.77,97.22,56,0.41,11.57,0.59,0.4,106.3,15.75,1.75,,
Georgia,2020,GEO,Europe and Central Asia,46.84,97.35,56,0.4,11.73,0.59,,102.55,,2.01,,
Georgia,2021,GEO,Europe and Central Asia,,,55,0.41,12.21,0.59,,101.33,,1.65,,
Georgia,2022,GEO,Europe and Central Asia,,,56,0.41,,,,,,1.51,,
Germany,2000,DEU,Europe and Central Asia,12.29,100,76,0.66,7.92,0.44,0.31,99.93,44.85,1.76,,
Germany,2001,DEU,Europe and Central Asia,12.28,100,74,0.66,7.77,0.44,0.31,100.5,43.74,1.29,,
Germany,2002,DEU,Europe and Central Asia,12.58,100,73,0.66,8.48,0.44,0.31,101.47,42.22,1.49,,
Germany,2003,DEU,Europe and Central Asia,12.84,100,77,0.65,9.78,0.43,0.32,101.82,41.76,1.26,,
Germany,2004,DEU,Europe and Central Asia,14.02,100,82,0.65,10.73,0.44,0.33,102.14,42.5,1,,
Germany,2005,DEU,Europe and Central Asia,14.12,100,82,0.65,11.17,0.47,0.32,102.28,42.57,1.03,,
Germany,2006,DEU,Europe and Central Asia,14.51,100,80,0.66,10.25,0.47,0.32,103.06,44.22,1.25,,
Germany,2007,DEU,Europe and Central Asia,14.41,100,78,0.66,8.66,0.48,0.33,102.24,43.51,2.09,,
Germany,2008,DEU,Europe and Central Asia,14.12,100,79,0.66,7.52,0.48,0.33,103.31,43.36,1.54,,
Germany,2009,DEU,Europe and Central Asia,13.9,100,80,0.66,7.74,0.48,0.34,103.16,39.56,1.28,,
Germany,2010,DEU,Europe and Central Asia,13.96,100,79,0.66,6.97,0.48,0.34,103.97,40.65,0.2,,
Germany,2011,DEU,Europe and Central Asia,14.01,100,80,0.66,5.82,0.48,0.34,103.76,40.94,1.12,,
Germany,2012,DEU,Europe and Central Asia,14.17,100,79,0.66,5.38,0.48,0.35,102.17,39.09,1.35,,
Germany,2013,DEU,Europe and Central Asia,13.32,100,78,0.65,5.23,0.5,0.35,100.81,39.73,0.58,,
Germany,2014,DEU,Europe and Central Asia,13.01,100,79,0.64,4.98,0.5,0.36,99.71,39.15,2.52,,
Germany,2015,DEU,Europe and Central Asia,13.09,100,81,0.64,4.62,0.5,0.36,98.82,38.34,1.67,,
Germany,2016,DEU,Europe and Central Asia,12.97,100,81,0.64,4.12,0.5,0.36,98.81,38.02,1.99,,
Germany,2017,DEU,Europe and Central Asia,12.93,100,81,0.64,3.75,0.49,0.36,98.41,37.6,1.65,,
Germany,2018,DEU,Europe and Central Asia,13.19,100,80,0.64,3.38,0.49,0.36,97.59,36.99,2.39,,
Germany,2019,DEU,Europe and Central Asia,13.48,100,80,0.64,3.14,0.49,0.36,97.54,34.09,2.33,,
Germany,2020,DEU,Europe and Central Asia,12.54,100,80,0.63,3.86,0.49,,97.11,,2.52,,
Germany,2021,DEU,Europe and Central Asia,,,80,0.63,3.57,0.49,,,,1.33,,
Germany,2022,DEU,Europe and Central Asia,,,79,0.62,,,,,,2.6,,
Ghana,2000,GHA,Sub-Saharan Africa,52.61,13.28,35,0.36,10.46,0.59,0.28,35.13,2.83,0.43,,
Ghana,2001,GHA,Sub-Saharan Africa,46.82,13.56,34,0.39,9.49,0.59,0.28,33.3,3.02,0.57,,
Ghana,2002,GHA,Sub-Saharan Africa,54.18,14.52,39,0.4,8.52,0.6,0.28,34.56,3.05,0.83,,
Ghana,2003,GHA,Sub-Saharan Africa,51.08,15.77,33,0.4,7.54,0.6,0.28,35.76,3.2,0.99,,
Ghana,2004,GHA,Sub-Saharan Africa,48,17.06,36,0.4,6.57,0.61,0.28,38.18,3.46,0.74,,
Ghana,2005,GHA,Sub-Saharan Africa,37.13,18.38,35,0.4,5.61,0.61,0.28,40.03,3.49,0.97,,
Ghana,2006,GHA,Sub-Saharan Africa,38.8,19.72,33,0.4,4.64,0.61,0.28,41.58,3.75,0.99,,
Ghana,2007,GHA,Sub-Saharan Africa,38.47,21.09,37,0.39,4.86,0.61,0.28,45.33,3.84,0.95,,
Ghana,2008,GHA,Sub-Saharan Africa,37.02,22.5,39,0.39,4.97,0.61,0.28,47.35,3.77,0.7,,
Ghana,2009,GHA,Sub-Saharan Africa,31.04,23.93,39,0.4,5.24,0.61,0.28,48.8,3.35,0.88,,
Ghana,2010,GHA,Sub-Saharan Africa,27.59,25.39,41,0.41,5.38,0.6,0.27,,3.65,1.28,,
Ghana,2011,GHA,Sub-Saharan Africa,36.05,26.87,39,0.4,4.22,0.6,0.28,55.57,4.33,0.88,,
Ghana,2012,GHA,Sub-Saharan Africa,38.31,28.39,45,0.41,3.22,0.6,0.28,56.44,4.65,0.61,,
Ghana,2013,GHA,Sub-Saharan Africa,38.88,29.93,46,0.38,2.17,0.6,0.28,67.76,4.4,0.84,,
Ghana,2014,GHA,Sub-Saharan Africa,45.05,31.49,48,0.38,4.49,0.61,0.28,64.06,4.36,0.89,,
Ghana,2015,GHA,Sub-Saharan Africa,35.8,33.09,47,0.38,6.81,0.61,0.28,67.91,4.3,1.13,,
Ghana,2016,GHA,Sub-Saharan Africa,37.82,34.7,43,0.37,5.11,0.61,0.28,68.9,4.17,1.22,,
Ghana,2017,GHA,Sub-Saharan Africa,41.4,36.34,40,0.39,3.37,0.61,0.28,69.01,3.69,1.29,,
Ghana,2018,GHA,Sub-Saharan Africa,37.39,38.01,41,0.39,3.43,0.61,0.29,71.32,3.73,1.08,,
Ghana,2019,GHA,Sub-Saharan Africa,35.78,39.7,41,0.35,3.46,0.61,0.29,74.68,3.77,1.32,,
Ghana,2020,GHA,Sub-Saharan Africa,30.77,41.41,43,0.36,3.77,0.61,,77.67,,1.28,,
Ghana,2021,GHA,Sub-Saharan Africa,,,43,0.33,3.92,0.61,,,,1.49,,
Ghana,2022,GHA,Sub-Saharan Africa,,,43,0.32,,,,,,1,,
Greece,2000,GRC,Europe and Central Asia,36.27,99.12,49,0.59,11.24,0.54,0.28,87.81,36.84,0.68,,
Greece,2001,GRC,Europe and Central Asia,34.78,99.19,42,0.6,10.46,0.54,0.29,92.36,36.75,1.31,,
Greece,2002,GRC,Europe and Central Asia,37.38,99.26,42,0.6,9.98,0.52,0.29,97.82,36.33,0.44,,
Greece,2003,GRC,Europe and Central Asia,37.9,99.34,43,0.6,9.41,0.5,0.3,95.55,32.95,0.39,,
Greece,2004,GRC,Europe and Central Asia,38.96,99.41,43,0.59,10.31,0.5,0.31,95.87,32.52,0.34,,
Greece,2005,GRC,Europe and Central Asia,36.88,99.47,43,0.59,9.99,0.51,0.31,100.82,33.03,0.21,,
Greece,2006,GRC,Europe and Central Asia,36.05,99.54,44,0.59,9.01,0.49,0.32,100.77,32.75,0.25,,
Greece,2007,GRC,Europe and Central Asia,34.22,99.6,46,0.6,8.4,0.48,0.33,98.2,32.2,1.08,,
Greece,2008,GRC,Europe and Central Asia,32.21,99.67,47,0.61,7.76,0.46,0.34,,31.61,0.88,,
Greece,2009,GRC,Europe and Central Asia,29.5,99.73,38,0.6,9.62,0.45,0.36,,32.83,0.77,,
Greece,2010,GRC,Europe and Central Asia,28.26,99.79,35,0.61,12.71,0.46,0.34,106.32,29.92,1.58,,
Greece,2011,GRC,Europe and Central Asia,31.16,99.85,34,0.61,17.86,0.45,0.33,103.18,26.48,0.39,,
Greece,2012,GRC,Europe and Central Asia,30.45,99.91,36,0.61,24.44,0.46,0.34,104.56,25.44,1.24,,
Greece,2013,GRC,Europe and Central Asia,33.74,99.97,40,0.6,27.47,0.46,0.35,105.77,23.84,1.32,,
Greece,2014,GRC,Europe and Central Asia,37.2,100,43,0.6,26.49,0.49,0.36,102.29,23.47,1.06,,
Greece,2015,GRC,Europe and Central Asia,36.03,100,46,0.62,24.9,0.48,0.36,102.2,22.8,0.9,,
Greece,2016,GRC,Europe and Central Asia,34.31,100,44,0.62,23.54,0.47,0.36,102.96,22.21,1.56,,
Greece,2017,GRC,Europe and Central Asia,35,100,48,0.61,21.49,0.46,0.36,104.5,22.67,0.64,,
Greece,2018,GRC,Europe and Central Asia,36.08,100,45,0.61,19.29,0.45,0.37,104.88,21.35,1.91,,
Greece,2019,GRC,Europe and Central Asia,33.64,100,48,0.61,17.31,0.45,0.37,108.08,20.04,1.38,,
Greece,2020,GRC,Europe and Central Asia,33.44,100,50,0.58,16.31,0.44,,105.55,,1.31,,
Greece,2021,GRC,Europe and Central Asia,,,49,0.54,14.71,0.44,,,,1.66,,
Greece,2022,GRC,Europe and Central Asia,,,52,0.54,,,,,,1.04,,
Grenada,2000,GRD,Latin America and Caribbean,59.3,78.72,,,,,,,,0.46,,
Grenada,2001,GRD,Latin America and Caribbean,56.12,79.61,,,,,,,,0.69,,
Grenada,2002,GRD,Latin America and Caribbean,50.99,80.5,,,,,,114.45,,0.63,,
Grenada,2003,GRD,Latin America and Caribbean,53.71,81.4,,,,,,120.63,,0.91,,
Grenada,2004,GRD,Latin America and Caribbean,47.23,82.3,,,,,,114.87,,0.43,,
Grenada,2005,GRD,Latin America and Caribbean,48.58,83.21,,,,,,109.95,,1,,
Grenada,2006,GRD,Latin America and Caribbean,52.81,84.12,35,,,,,,,0.74,,
Grenada,2007,GRD,Latin America and Caribbean,55.37,85.03,34,,,,,123.03,,0.68,,
Grenada,2008,GRD,Latin America and Caribbean,55.2,85.95,,,,,,120.78,,0.5,,
Grenada,2009,GRD,Latin America and Caribbean,54.58,86.86,,,,,,109.49,,0.51,,
Grenada,2010,GRD,Latin America and Caribbean,56.57,87.79,,,,,,116.73,,1.2,,
Grenada,2011,GRD,Latin America and Caribbean,54.28,88.71,,,,,,,,0.68,,
Grenada,2012,GRD,Latin America and Caribbean,54.76,89.53,,,,,,,,0.58,,
Grenada,2013,GRD,Latin America and Caribbean,55.12,89.92,,,,,,111.54,,0.78,,
Grenada,2014,GRD,Latin America and Caribbean,51.89,89.92,,,,,,112.11,,0.64,,
Grenada,2015,GRD,Latin America and Caribbean,53.98,89.92,,,,,,111.75,,0.84,,
Grenada,2016,GRD,Latin America and Caribbean,55.74,89.92,56,,,,,115.19,,0.95,,
Grenada,2017,GRD,Latin America and Caribbean,55.11,89.92,52,,,,,114.46,,0.92,,
Grenada,2018,GRD,Latin America and Caribbean,54.91,,52,,,,,120.12,,0.54,,
Grenada,2019,GRD,Latin America and Caribbean,54.42,,53,,,,,,,1.17,,
Grenada,2020,GRD,Latin America and Caribbean,55.81,,53,,,,,113.47,,1.24,,
Grenada,2021,GRD,Latin America and Caribbean,,,53,,,,,,,0.77,,
Grenada,2022,GRD,Latin America and Caribbean,,,52,,,,,,,0.7,,
Guatemala,2000,GTM,Latin America and Caribbean,58.99,72.55,,0.35,2.75,0.68,0.28,30.39,6.2,0.31,,
Guatemala,2001,GTM,Latin America and Caribbean,62.32,73.36,29,0.35,2.79,0.69,0.28,32.67,6.56,0.34,,
Guatemala,2002,GTM,Latin America and Caribbean,62.11,74.16,25,0.35,2.77,0.69,0.27,35.81,6.92,0.56,,
Guatemala,2003,GTM,Latin America and Caribbean,61.62,74.96,24,0.35,2.81,0.68,0.27,,6.42,0.99,,
Guatemala,2004,GTM,Latin America and Caribbean,60.04,75.75,22,0.35,2.97,0.68,0.28,39.48,6.44,0.61,,
Guatemala,2005,GTM,Latin America and Caribbean,62.48,76.54,25,0.35,3.05,0.67,0.28,41.51,6.82,0.8,,
Guatemala,2006,GTM,Latin America and Caribbean,61.52,77.34,26,0.35,3.08,0.67,0.27,43.34,6.95,0.61,,
Guatemala,2007,GTM,Latin America and Caribbean,61.62,78.13,28,0.35,3.14,0.68,0.27,44.99,6.99,0.6,,
Guatemala,2008,GTM,Latin America and Caribbean,59.05,78.93,31,0.36,3.31,0.67,0.27,45.74,6.63,0.21,,
Guatemala,2009,GTM,Latin America and Caribbean,56.92,79.72,34,0.36,3.49,0.66,0.27,47.51,6.34,0.69,,
Guatemala,2010,GTM,Latin America and Caribbean,58.95,80.51,32,0.35,3.5,0.66,0.27,52.33,6.47,0.69,,
Guatemala,2011,GTM,Latin America and Caribbean,58.88,81.31,27,0.35,3.1,0.65,0.27,52.82,6.76,0.43,,
Guatemala,2012,GTM,Latin America and Caribbean,58.32,82.11,33,0.34,2.76,0.65,0.27,53.12,6.65,0.52,,
Guatemala,2013,GTM,Latin America and Caribbean,54.62,82.9,29,0.34,3.02,0.65,0.27,53.2,6.72,0.62,,
Guatemala,2014,GTM,Latin America and Caribbean,55.56,83.7,32,0.35,2.72,0.65,0.28,52.61,6.72,0.64,,
Guatemala,2015,GTM,Latin America and Caribbean,55.72,84.5,28,0.36,2.51,0.65,0.26,54.2,6.87,1.14,,
Guatemala,2016,GTM,Latin America and Caribbean,56.06,85.31,28,0.38,2.58,0.65,0.27,53.44,6.87,1.43,,
Guatemala,2017,GTM,Latin America and Caribbean,54.13,86.11,28,0.37,2.46,0.65,0.26,52.84,7.01,1.07,,
Guatemala,2018,GTM,Latin America and Caribbean,57.5,86.49,27,0.35,2.28,0.65,0.26,52.72,7.52,0.88,,
Guatemala,2019,GTM,Latin America and Caribbean,55.99,86.87,26,0.34,2.19,0.64,0.26,51.15,7.76,1.42,,
Guatemala,2020,GTM,Latin America and Caribbean,56.29,87.24,25,0.34,3.36,0.66,,50.44,,1.73,,
Guatemala,2021,GTM,Latin America and Caribbean,,,25,0.3,2.94,0.66,,47.12,,1.41,,
Guatemala,2022,GTM,Latin America and Caribbean,,,24,0.26,,,,,,0.92,,
Guinea,2000,GIN,Sub-Saharan Africa,65.27,17.82,,0.15,4.59,0.63,0.2,,4.26,0.65,,
Guinea,2001,GIN,Sub-Saharan Africa,63.32,18.13,,0.16,4.57,0.63,0.19,18.35,4.41,0.79,,
Guinea,2002,GIN,Sub-Saharan Africa,59.32,18.43,,0.16,4.55,0.62,0.2,20.95,4.79,1.13,,
Guinea,2003,GIN,Sub-Saharan Africa,62.43,18.74,,0.16,4.65,0.62,0.2,22.53,4.5,0.98,,
Guinea,2004,GIN,Sub-Saharan Africa,69.39,19.05,,0.16,4.66,0.61,0.2,24.63,4.34,1.04,,
Guinea,2005,GIN,Sub-Saharan Africa,69.97,19.37,,0.2,4.68,0.6,0.2,29.06,4.36,1.19,,
Guinea,2006,GIN,Sub-Saharan Africa,70.81,19.68,19,0.2,4.74,0.59,0.2,32.29,3.94,1.12,,
Guinea,2007,GIN,Sub-Saharan Africa,71.74,19.99,19,0.2,4.66,0.58,0.19,,4.24,0.97,,
Guinea,2008,GIN,Sub-Saharan Africa,70.95,20.31,16,0.2,4.74,0.57,0.2,33.88,4.21,1.11,,
Guinea,2009,GIN,Sub-Saharan Africa,72.5,20.63,18,0.16,4.87,0.56,0.19,,4.39,0.93,,
Guinea,2010,GIN,Sub-Saharan Africa,69.29,20.95,20,0.19,4.78,0.56,0.19,,4.45,1.32,,
Guinea,2011,GIN,Sub-Saharan Africa,59.99,22.84,21,0.22,4.8,0.55,0.18,37.6,4.41,1.1,,
Guinea,2012,GIN,Sub-Saharan Africa,62.4,24.77,24,0.22,4.82,0.54,0.18,37.81,4.56,0.56,,
Guinea,2013,GIN,Sub-Saharan Africa,61.9,26.75,24,0.22,4.88,0.53,0.18,38.88,4.62,1.07,,
Guinea,2014,GIN,Sub-Saharan Africa,58.36,28.79,25,0.24,4.92,0.52,0.18,39.33,4.55,0.86,,
Guinea,2015,GIN,Sub-Saharan Africa,49.35,30.87,25,0.25,4.94,0.52,0.17,35.77,4.48,1.16,,
Guinea,2016,GIN,Sub-Saharan Africa,49.76,33.01,27,0.24,4.83,0.51,0.17,36.57,4.88,1.17,,
Guinea,2017,GIN,Sub-Saharan Africa,64.6,35.21,27,0.23,4.87,0.5,0.17,,4.99,1.52,,
Guinea,2018,GIN,Sub-Saharan Africa,67.12,37.46,28,0.23,4.98,0.49,0.17,36.68,5.1,1.19,,
Guinea,2019,GIN,Sub-Saharan Africa,59.22,39.77,29,0.23,5.02,0.49,0.18,36.81,5.16,1.41,,
Guinea,2020,GIN,Sub-Saharan Africa,47.31,42.14,28,0.21,5.95,0.49,,,,1.26,,
Guinea,2021,GIN,Sub-Saharan Africa,,,25,0.2,5.82,0.49,,,,1.56,,
Guinea,2022,GIN,Sub-Saharan Africa,,,25,0.17,,,,,,1.2,,
Guinea-Bissau,2000,GNB,Sub-Saharan Africa,37.71,17.59,,0.17,3.02,0.57,0.42,18.09,,1,,
Guinea-Bissau,2001,GNB,Sub-Saharan Africa,39.06,17.92,,0.17,3.04,0.57,0.43,,,1.24,,
Guinea-Bissau,2002,GNB,Sub-Saharan Africa,38.17,18.26,,0.18,3.07,0.56,0.43,,,1.28,,
Guinea-Bissau,2003,GNB,Sub-Saharan Africa,34.27,18.59,,0.16,3.07,0.57,0.42,,,1.04,,
Guinea-Bissau,2004,GNB,Sub-Saharan Africa,30.77,18.92,,0.16,3.06,0.59,0.42,,,1.17,,
Guinea-Bissau,2005,GNB,Sub-Saharan Africa,33.15,19.26,,0.19,3.06,0.61,0.42,32.01,,1.4,,
Guinea-Bissau,2006,GNB,Sub-Saharan Africa,35.79,19.6,,0.19,3.08,0.62,0.42,34.16,,1.19,,
Guinea-Bissau,2007,GNB,Sub-Saharan Africa,32.46,19.93,22,0.19,3.09,0.64,0.42,,,1.03,,
Guinea-Bissau,2008,GNB,Sub-Saharan Africa,36.21,20.27,19,0.18,3.1,0.65,0.42,,,1.36,,
Guinea-Bissau,2009,GNB,Sub-Saharan Africa,35.18,20.61,19,0.2,3.1,0.67,0.42,,,0.81,,
Guinea-Bissau,2010,GNB,Sub-Saharan Africa,37.38,20.94,21,0.2,3.1,0.69,0.42,,,1.33,,
Guinea-Bissau,2011,GNB,Sub-Saharan Africa,35.82,21.28,22,0.2,3.09,0.67,0.42,,,1.09,,
Guinea-Bissau,2012,GNB,Sub-Saharan Africa,58.73,21.62,25,0.16,3.16,0.65,0.42,,,0.8,,
Guinea-Bissau,2013,GNB,Sub-Saharan Africa,64.34,21.96,19,0.14,3.14,0.64,0.42,,,1.06,,
Guinea-Bissau,2014,GNB,Sub-Saharan Africa,55.39,22.3,19,0.2,3.16,0.62,0.4,,,1.17,,
Guinea-Bissau,2015,GNB,Sub-Saharan Africa,66.92,22.64,17,0.22,3.14,0.6,0.41,,,1.19,,
Guinea-Bissau,2016,GNB,Sub-Saharan Africa,64.58,22.98,16,0.22,3.15,0.59,0.41,,,1.57,,
Guinea-Bissau,2017,GNB,Sub-Saharan Africa,68.41,23.32,17,0.22,3.16,0.57,0.41,,,1.67,,
Guinea-Bissau,2018,GNB,Sub-Saharan Africa,63.92,23.65,16,0.23,3.2,0.55,0.41,,,1.13,,
Guinea-Bissau,2019,GNB,Sub-Saharan Africa,65.15,23.99,18,0.23,3.17,0.55,0.41,,,1.42,,
Guinea-Bissau,2020,GNB,Sub-Saharan Africa,64.4,24.33,19,0.23,3.61,0.55,,,,1.66,,
Guinea-Bissau,2021,GNB,Sub-Saharan Africa,,,21,0.24,3.69,0.55,,,,1.66,,
Guinea-Bissau,2022,GNB,Sub-Saharan Africa,,,21,0.17,,,,,,1.3,,
Guyana,2000,GUY,Latin America and Caribbean,40.25,75.25,,0.32,11.89,0.68,0.22,,15.38,0.66,,
Guyana,2001,GUY,Latin America and Caribbean,42.26,76.46,,0.34,11.81,0.69,0.22,101.67,17.36,0.83,,
Guyana,2002,GUY,Latin America and Caribbean,40.3,77.67,,0.34,11.81,0.69,0.22,,14.11,1.07,,
Guyana,2003,GUY,Latin America and Caribbean,38.46,78.88,,0.35,11.58,0.68,0.22,90.09,15.28,0.95,,
Guyana,2004,GUY,Latin America and Caribbean,37.15,80.09,,0.35,11.28,0.68,0.23,,14.58,0.94,,
Guyana,2005,GUY,Latin America and Caribbean,35.12,81.32,25,0.35,11.03,0.67,0.24,89.21,13.18,1.32,,
Guyana,2006,GUY,Latin America and Caribbean,35.29,82.54,25,0.35,10.7,0.67,0.25,,12.61,1,,
Guyana,2007,GUY,Latin America and Caribbean,32.99,83.78,26,0.35,10.94,0.68,0.25,83.78,13.97,1.03,,
Guyana,2008,GUY,Latin America and Caribbean,35.33,85.01,26,0.35,11.3,0.67,0.26,84.17,14.06,0.56,,
Guyana,2009,GUY,Latin America and Caribbean,32.85,86.26,26,0.35,11.54,0.66,0.27,87.09,13.94,1.16,,
Guyana,2010,GUY,Latin America and Caribbean,34.75,87.51,27,0.35,11.81,0.66,0.27,90.14,14.72,1.12,,
Guyana,2011,GUY,Latin America and Caribbean,34.81,88.76,25,0.35,12.06,0.65,0.28,97.3,15.07,0.97,,
Guyana,2012,GUY,Latin America and Caribbean,38.9,90.04,28,0.36,12.33,0.65,0.28,97.73,17.28,0.96,,
Guyana,2013,GUY,Latin America and Caribbean,37.96,91.33,27,0.38,12.64,0.65,0.29,,17.77,0.89,,
Guyana,2014,GUY,Latin America and Caribbean,35.95,92.59,30,0.38,12.95,0.65,0.29,,18.37,1.07,,
Guyana,2015,GUY,Latin America and Caribbean,33.71,93.51,29,0.4,13.25,0.65,0.3,,18.84,1.35,,
Guyana,2016,GUY,Latin America and Caribbean,29.94,94.38,34,0.41,13.48,0.65,0.3,,18.17,1.51,,
Guyana,2017,GUY,Latin America and Caribbean,28.84,94.39,38,0.42,13.76,0.65,0.31,,18.98,1.15,,
Guyana,2018,GUY,Latin America and Caribbean,33.73,94.39,37,0.41,14.02,0.65,0.31,,18.84,1.14,,
Guyana,2019,GUY,Latin America and Caribbean,34.83,94.4,40,0.39,13.52,0.64,0.32,,19.73,1.18,,
Guyana,2020,GUY,Latin America and Caribbean,23.48,94.41,41,0.34,15.59,0.66,,,,1.4,,
Guyana,2021,GUY,Latin America and Caribbean,,,39,0.33,14.9,0.66,,,,0.88,,
Guyana,2022,GUY,Latin America and Caribbean,,,40,0.31,,,,,,1.07,,
Haiti,2000,HTI,Latin America and Caribbean,44.37,18.94,,0.25,8.41,0.68,0.24,,2.74,0.86,,
Haiti,2001,HTI,Latin America and Caribbean,45.21,18.78,,0.24,9.64,0.69,0.24,,2.88,0.76,,
Haiti,2002,HTI,Latin America and Caribbean,48.18,18.58,22,0.24,10.83,0.69,0.25,,2.87,0.95,,
Haiti,2003,HTI,Latin America and Caribbean,48.06,18.34,15,0.24,12,0.68,0.25,,2.78,1.24,,
Haiti,2004,HTI,Latin America and Caribbean,46.49,17.92,15,0.17,13.31,0.68,0.25,,2.85,0.89,,
Haiti,2005,HTI,Latin America and Caribbean,46.02,17.45,18,0.16,14.42,0.67,0.26,,3.37,1.04,,
Haiti,2006,HTI,Latin America and Caribbean,43.06,16.95,18,0.21,15.66,0.67,0.26,,3.42,0.94,,
Haiti,2007,HTI,Latin America and Caribbean,40.12,16.43,16,0.25,16.8,0.68,0.26,,3.58,1.15,,
Haiti,2008,HTI,Latin America and Caribbean,38.58,15.87,14,0.25,16.3,0.67,0.26,,3.61,0.62,,
Haiti,2009,HTI,Latin America and Caribbean,39.27,15.29,18,0.25,15.66,0.66,0.26,,3.55,0.81,,
Haiti,2010,HTI,Latin America and Caribbean,33.31,14.68,22,0.25,15.38,0.66,0.26,,3.6,1.21,,
Haiti,2011,HTI,Latin America and Caribbean,26.09,14.04,18,0.24,14.56,0.65,0.26,,3.64,0.49,,
Haiti,2012,HTI,Latin America and Caribbean,28.44,13.37,19,0.25,14.1,0.65,0.27,,3.59,0.76,,
Haiti,2013,HTI,Latin America and Caribbean,36.24,12.67,19,0.24,13.96,0.65,0.27,,3.66,1.13,,
Haiti,2014,HTI,Latin America and Caribbean,31.02,11.94,19,0.24,13.96,0.65,0.27,,3.84,1.31,,
Haiti,2015,HTI,Latin America and Caribbean,33.96,11.17,17,0.24,13.89,0.65,0.27,,3.86,1.38,,
Haiti,2016,HTI,Latin America and Caribbean,35.29,10.38,20,0.23,13.85,0.65,0.28,,4.11,1.16,,
Haiti,2017,HTI,Latin America and Caribbean,38.24,9.56,22,0.24,13.79,0.65,0.28,,4.1,1.06,,
Haiti,2018,HTI,Latin America and Caribbean,41.46,8.71,20,0.25,13.76,0.65,0.28,,4.15,1.28,,
Haiti,2019,HTI,Latin America and Caribbean,40.11,7.83,18,0.23,13.78,0.64,0.28,,4.13,1.51,,
Haiti,2020,HTI,Latin America and Caribbean,51.37,7.83,18,0.16,15.09,0.66,,,,1.54,,
Haiti,2021,HTI,Latin America and Caribbean,,,20,0.21,15.02,0.66,,,,0.88,,
Haiti,2022,HTI,Latin America and Caribbean,,,17,0.11,,,,,,1.1,,
Honduras,2000,HND,Latin America and Caribbean,45.95,81.91,,0.33,3.86,0.68,0.27,,6.72,0.13,,
Honduras,2001,HND,Latin America and Caribbean,52.52,82.46,27,0.33,4,0.69,0.27,,6.94,0.4,,
Honduras,2002,HND,Latin America and Caribbean,51.85,83.03,27,0.33,4.02,0.69,0.26,,7.39,0.78,,
Honduras,2003,HND,Latin America and Caribbean,48.32,83.36,23,0.34,5.3,0.68,0.26,,7.35,0.67,,
Honduras,2004,HND,Latin America and Caribbean,50.06,83.69,23,0.34,5.99,0.68,0.26,,7.07,0.49,,
Honduras,2005,HND,Latin America and Caribbean,49.06,84.02,26,0.34,4.91,0.67,0.27,,7.41,0.96,,
Honduras,2006,HND,Latin America and Caribbean,49.86,84.34,25,0.31,3.57,0.67,0.26,58.29,7.01,0.62,,
Honduras,2007,HND,Latin America and Caribbean,49.8,84.66,25,0.31,3.21,0.68,0.26,60.15,7.79,0.77,,
Honduras,2008,HND,Latin America and Caribbean,51.42,84.97,26,0.31,3.16,0.67,0.27,60.02,7.61,0.57,,
Honduras,2009,HND,Latin America and Caribbean,44.91,85.28,25,0.28,3.29,0.66,0.26,,7,0.81,,
Honduras,2010,HND,Latin America and Caribbean,46.26,85.59,24,0.26,4.12,0.66,0.27,65.83,6.93,0.81,,
Honduras,2011,HND,Latin America and Caribbean,45.8,85.89,26,0.27,4.47,0.65,0.27,65.24,6.98,0.73,,
Honduras,2012,HND,Latin America and Caribbean,49.86,86.19,28,0.27,3.75,0.65,0.27,63.88,7.42,0.64,,
Honduras,2013,HND,Latin America and Caribbean,49.26,86.49,26,0.27,5.65,0.65,0.27,,7.32,0.92,,
Honduras,2014,HND,Latin America and Caribbean,48.69,86.78,29,0.28,7.08,0.65,0.27,,7.2,0.67,,
Honduras,2015,HND,Latin America and Caribbean,50.66,87.07,31,0.28,6.15,0.65,0.27,,7.2,1.13,,
Honduras,2016,HND,Latin America and Caribbean,49.77,87.36,30,0.28,6.73,0.65,0.27,,6.71,1.37,,
Honduras,2017,HND,Latin America and Caribbean,49.7,87.64,29,0.27,5.53,0.65,0.26,,6.71,1.03,,
Honduras,2018,HND,Latin America and Caribbean,52.14,87.92,29,0.25,5.62,0.65,0.27,,6.97,0.8,,
Honduras,2019,HND,Latin America and Caribbean,52.47,88.2,26,0.25,5.55,0.64,0.29,,7.12,1.23,,
Honduras,2020,HND,Latin America and Caribbean,50.04,88.69,24,0.25,10.68,0.66,,,,1.81,,
Honduras,2021,HND,Latin America and Caribbean,,,23,0.26,7.95,0.66,,,,1.1,,
Honduras,2022,HND,Latin America and Caribbean,,,23,0.35,,,,,,0.72,,
Hong Kong,2000,HKG,East Asia and Pacific,,98.12,77,0.15,4.92,0.55,0.31,,91.59,0.3,,
Hong Kong,2001,HKG,East Asia and Pacific,,98.25,79,0.15,5.09,0.56,0.32,80.19,92.26,0.85,,
Hong Kong,2002,HKG,East Asia and Pacific,,98.37,82,0.15,7.28,0.57,0.34,79.9,87.34,0.96,,
Hong Kong,2003,HKG,East Asia and Pacific,,98.5,80,0.15,7.86,0.58,0.34,79.92,87.43,0.99,,
Hong Kong,2004,HKG,East Asia and Pacific,,98.62,80,0.15,6.74,0.59,0.34,81.18,87.87,0.7,,
Hong Kong,2005,HKG,East Asia and Pacific,,98.74,83,0.15,5.58,0.6,0.34,82.32,96.2,0.73,,
Hong Kong,2006,HKG,East Asia and Pacific,,98.87,83,0.15,4.77,0.61,0.35,82.75,104.09,0.9,,
Hong Kong,2007,HKG,East Asia and Pacific,,98.99,83,0.15,4.01,0.61,0.35,84.67,97.26,1.01,,
Hong Kong,2008,HKG,East Asia and Pacific,,99.11,81,0.15,3.56,0.61,0.35,86.02,99.76,0.42,,
Hong Kong,2009,HKG,East Asia and Pacific,,99.24,82,0.15,5.26,0.61,0.36,86.9,89.04,0.91,,
Hong Kong,2010,HKG,East Asia and Pacific,,99.36,84,0.15,4.33,0.61,0.36,88.04,96.63,0.37,,
Hong Kong,2011,HKG,East Asia and Pacific,,99.49,84,0.14,3.42,0.61,0.36,86.59,92.84,0.33,,
Hong Kong,2012,HKG,East Asia and Pacific,,99.61,77,0.14,3.29,0.61,0.36,107.13,109.73,0.53,,
Hong Kong,2013,HKG,East Asia and Pacific,,99.74,75,0.14,3.4,0.6,0.37,101.41,110.7,0.76,,
Hong Kong,2014,HKG,East Asia and Pacific,,99.86,74,0.14,3.3,0.6,0.37,101.4,109.63,0.7,,
Hong Kong,2015,HKG,East Asia and Pacific,,99.98,75,0.13,3.31,0.6,0.37,102.24,103.72,1.18,,
Hong Kong,2016,HKG,East Asia and Pacific,,100,77,0.13,3.39,0.59,0.37,103.56,96.78,0.77,,
Hong Kong,2017,HKG,East Asia and Pacific,,100,77,0.12,3.12,0.59,0.37,105.35,98.4,1.34,,
Hong Kong,2018,HKG,East Asia and Pacific,,100,76,0.12,2.81,0.59,0.37,107.49,99.36,1.18,,
Hong Kong,2019,HKG,East Asia and Pacific,,100,76,0.12,2.92,0.59,0.37,107.74,96.25,1.78,,
Hong Kong,2020,HKG,East Asia and Pacific,,100,77,0.1,5.81,0.59,,108.37,,1.88,,
Hong Kong,2021,HKG,East Asia and Pacific,,,76,0.07,5.17,0.59,,106.43,,2.02,,
Hong Kong,2022,HKG,East Asia and Pacific,,,76,0.06,,,,,,1.43,,
Hungary,2000,HUN,Europe and Central Asia,27.36,93.96,52,0.64,6.56,0.37,0.42,96.13,23.02,1.73,,
Hungary,2001,HUN,Europe and Central Asia,28.87,94.35,53,0.64,5.67,0.39,0.42,98.45,23.8,1.39,,
Hungary,2002,HUN,Europe and Central Asia,27.56,94.76,49,0.64,5.61,0.41,0.42,100.09,25.58,1.42,,
Hungary,2003,HUN,Europe and Central Asia,26.39,95.16,48,0.63,5.79,0.41,0.42,102.22,27.06,0.71,,
Hungary,2004,HUN,Europe and Central Asia,25.87,95.56,48,0.65,5.83,0.4,0.42,95.95,26.31,0.54,,
Hungary,2005,HUN,Europe and Central Asia,25.8,95.96,50,0.64,7.19,0.41,0.42,96.26,26.75,0.24,,
Hungary,2006,HUN,Europe and Central Asia,25.05,96.35,52,0.63,7.49,0.43,0.44,96.09,28.47,0.7,,
Hungary,2007,HUN,Europe and Central Asia,27.01,96.75,53,0.64,7.41,0.44,0.43,96.17,28.38,2.14,,
Hungary,2008,HUN,Europe and Central Asia,26.95,97.14,51,0.64,7.82,0.43,0.43,96.04,28.28,1.5,,
Hungary,2009,HUN,Europe and Central Asia,26.27,97.52,51,0.64,10.03,0.42,0.43,96.25,23.12,1.61,,
Hungary,2010,HUN,Europe and Central Asia,27.45,97.91,47,0.58,11.17,0.43,0.43,97.08,23.77,0.81,,
Hungary,2011,HUN,Europe and Central Asia,28.24,98.29,46,0.57,11.03,0.42,0.43,96.8,23.7,0.89,,
Hungary,2012,HUN,Europe and Central Asia,29.4,98.66,55,0.56,11,0.41,0.42,98.06,22.21,1.73,,
Hungary,2013,HUN,Europe and Central Asia,28.38,99.03,54,0.51,10.18,0.43,0.43,104.72,22.31,1.16,,
Hungary,2014,HUN,Europe and Central Asia,28.36,99.4,54,0.44,7.73,0.42,0.43,104.19,22.32,2.23,,
Hungary,2015,HUN,Europe and Central Asia,27.49,99.77,51,0.41,6.81,0.43,0.42,103.03,23.3,2.07,,
Hungary,2016,HUN,Europe and Central Asia,27.69,99.97,48,0.42,5.11,0.42,0.43,102.71,23.78,1.89,,
Hungary,2017,HUN,Europe and Central Asia,27.27,100,45,0.39,4.16,0.42,0.43,103.49,25.43,1.34,,
Hungary,2018,HUN,Europe and Central Asia,26.8,100,46,0.33,3.71,0.43,0.42,103.92,26.17,2.52,,
Hungary,2019,HUN,Europe and Central Asia,27.8,100,44,0.32,3.42,0.43,0.42,103.26,26,2.35,,
Hungary,2020,HUN,Europe and Central Asia,25.52,100,44,0.32,4.25,0.43,,103.05,,1.99,,
Hungary,2021,HUN,Europe and Central Asia,,,43,0.31,4.05,0.43,,,,1.43,,
Hungary,2022,HUN,Europe and Central Asia,,,42,0.29,,,,,,2.14,,
Iceland,2000,ISL,Europe and Central Asia,18.02,100,91,0.62,1.94,0.42,0.37,106.46,48.6,0.27,,
Iceland,2001,ISL,Europe and Central Asia,18.08,100,92,0.62,1.87,0.44,0.37,106.86,49.52,0.58,,
Iceland,2002,ISL,Europe and Central Asia,17.3,100,94,0.62,2.99,0.44,0.38,111.96,49.76,0.78,,
Iceland,2003,ISL,Europe and Central Asia,17.39,100,96,0.62,4,0.44,0.37,116.38,49.39,1.78,,
Iceland,2004,ISL,Europe and Central Asia,17.7,100,95,0.62,4.03,0.42,0.37,110.09,49.53,1.24,,
Iceland,2005,ISL,Europe and Central Asia,17.59,100,97,0.62,2.55,0.42,0.37,111.25,50.29,0.45,,
Iceland,2006,ISL,Europe and Central Asia,16.95,100,96,0.62,2.83,0.43,0.37,111.01,52.23,1.03,,
Iceland,2007,ISL,Europe and Central Asia,16.47,100,92,0.63,2.25,0.45,0.37,109.5,53.55,1.1,,
Iceland,2008,ISL,Europe and Central Asia,16.27,100,89,0.64,2.95,0.4,0.37,108.58,50,0.75,,
Iceland,2009,ISL,Europe and Central Asia,16.87,100,87,0.64,7.22,0.38,0.39,106.51,46.2,0.91,,
Iceland,2010,ISL,Europe and Central Asia,18.66,100,85,0.66,7.56,0.38,0.39,107.31,45.61,1.15,,
Iceland,2011,ISL,Europe and Central Asia,18.5,100,83,0.66,7.03,0.38,0.39,106.65,46.5,0.96,,
Iceland,2012,ISL,Europe and Central Asia,18.57,100,82,0.66,6,0.38,0.38,110.01,47.12,0.67,,
Iceland,2013,ISL,Europe and Central Asia,18.26,100,78,0.65,5.38,0.4,0.39,118.24,48.28,0.69,,
Iceland,2014,ISL,Europe and Central Asia,17.98,100,79,0.64,4.9,0.4,0.38,118.62,48.72,1.66,,
Iceland,2015,ISL,Europe and Central Asia,17.64,100,79,0.65,3.98,0.4,0.4,119.08,49.01,0.42,,
Iceland,2016,ISL,Europe and Central Asia,16.87,100,78,0.65,2.98,0.4,0.4,117.63,48.97,1.41,,
Iceland,2017,ISL,Europe and Central Asia,16.45,100,77,0.64,2.74,0.39,0.4,117.52,48.88,1.69,,
Iceland,2018,ISL,Europe and Central Asia,15.94,100,76,0.66,2.7,0.38,0.4,117.98,49,0.82,,
Iceland,2019,ISL,Europe and Central Asia,15.55,100,78,0.64,3.51,0.37,0.4,115.44,49.12,1.34,,
Iceland,2020,ISL,Europe and Central Asia,15.02,100,75,0.63,5.48,0.37,,114.36,,0.79,,
Iceland,2021,ISL,Europe and Central Asia,,,74,0.61,6.02,0.38,,,,0.92,,
Iceland,2022,ISL,Europe and Central Asia,,,74,0.6,,,,,,1.2,,
India,2000,IND,South Asia,71.7,40,28,0.48,7.77,0.51,0.11,44.87,4.05,0.35,,
India,2001,IND,South Asia,74.11,41.18,27,0.48,7.96,0.52,0.12,45.15,4.12,0.47,,
India,2002,IND,South Asia,73.37,42.4,27,0.49,8.1,0.53,0.12,47.07,4.13,0.83,,
India,2003,IND,South Asia,73.42,43.63,28,0.49,8.36,0.54,0.13,49.63,4.35,0.67,,
India,2004,IND,South Asia,72.48,44.86,28,0.48,8.53,0.55,0.13,51.37,4.56,0.55,,
India,2005,IND,South Asia,73.15,46.1,29,0.48,8.7,0.56,0.14,53.97,4.69,0.57,,
India,2006,IND,South Asia,72.26,47.36,33,0.48,8.63,0.57,0.14,54.88,4.99,0.64,,
India,2007,IND,South Asia,70.82,48.62,35,0.48,8.54,0.58,0.14,57.28,5.56,0.61,,
India,2008,IND,South Asia,69.15,49.88,34,0.48,8.35,0.59,0.15,60.36,5.94,0.26,,
India,2009,IND,South Asia,66.76,51.16,34,0.46,8.38,0.6,0.15,59.61,6.26,1.13,,
India,2010,IND,South Asia,65.18,52.44,33,0.45,8.32,0.61,0.15,63.12,6.53,1.13,,
India,2011,IND,South Asia,62.22,53.73,31,0.45,8.17,0.62,0.16,66.25,6.9,0.37,,
India,2012,IND,South Asia,63,55.03,36,0.45,8.1,0.63,0.16,69.01,7.29,0.52,,
India,2013,IND,South Asia,69.07,56.34,36,0.44,8.04,0.63,0.17,68.76,7.21,0.45,,
India,2014,IND,South Asia,67.01,57.65,38,0.39,7.98,0.63,0.17,74.14,7.78,0.53,,
India,2015,IND,South Asia,64.66,58.98,38,0.34,7.91,0.63,0.17,73.87,8,0.71,,
India,2016,IND,South Asia,63.21,60.31,40,0.32,7.84,0.63,0.17,75.09,8.33,1.09,,
India,2017,IND,South Asia,55.11,61.65,40,0.3,7.73,0.63,0.18,73.48,8.52,0.97,,
India,2018,IND,South Asia,53.23,62.99,41,0.3,7.65,0.63,0.18,74.13,8.84,0.87,,
India,2019,IND,South Asia,53.38,64.34,41,0.27,6.51,0.63,0.18,73.79,8.81,0.8,,
India,2020,IND,South Asia,50.59,65.7,40,0.26,10.19,0.63,,75.48,,0.52,,
India,2021,IND,South Asia,,,40,0.27,7.71,0.63,,77.98,,0.73,,
India,2022,IND,South Asia,,,40,0.26,,,,,,0.79,,
Indonesia,2000,IDN,East Asia and Pacific,45.2,58.04,17,0.39,6.08,0.5,0.23,55.08,5.46,0.28,,
Indonesia,2001,IDN,East Asia and Pacific,40.49,58.83,19,0.43,6.08,0.51,0.22,55.54,5.82,0.53,,
Indonesia,2002,IDN,East Asia and Pacific,46.38,59.37,19,0.43,6.6,0.52,0.22,57.16,6.26,0.61,,
Indonesia,2003,IDN,East Asia and Pacific,46.02,59.89,19,0.43,6.66,0.52,0.22,60.14,6.5,0.59,,
Indonesia,2004,IDN,East Asia and Pacific,45.91,60.4,20,0.44,7.3,0.53,0.21,61.87,6.72,0.54,,
Indonesia,2005,IDN,East Asia and Pacific,55.33,60.89,22,0.45,7.94,0.54,0.22,60.15,6.86,0.71,,
Indonesia,2006,IDN,East Asia and Pacific,53.38,61.36,24,0.45,7.55,0.53,0.22,62.64,6.98,0.42,,
Indonesia,2007,IDN,East Asia and Pacific,49.55,61.82,23,0.46,8.06,0.54,0.22,70.54,7.43,0.46,,
Indonesia,2008,IDN,East Asia and Pacific,49.37,62.27,26,0.46,7.21,0.59,0.23,69.66,8.5,0.22,,
Indonesia,2009,IDN,East Asia and Pacific,49.22,62.69,28,0.45,6.11,0.6,0.23,74.63,9.06,0.56,,
Indonesia,2010,IDN,East Asia and Pacific,60.58,63.1,28,0.45,5.61,0.56,0.24,76.43,8.73,0.77,,
Indonesia,2011,IDN,East Asia and Pacific,56.22,63.47,30,0.45,5.15,0.57,0.23,79.11,9.98,0.31,,
Indonesia,2012,IDN,East Asia and Pacific,53.62,63.82,32,0.45,4.47,0.56,0.24,80.45,10.51,0.46,,
Indonesia,2013,IDN,East Asia and Pacific,50.9,64.16,32,0.46,4.34,0.56,0.24,82.64,8.99,0.8,,
Indonesia,2014,IDN,East Asia and Pacific,45.25,64.48,34,0.45,4.05,0.55,0.23,82.68,8.99,0.81,,
Indonesia,2015,IDN,East Asia and Pacific,43.05,64.79,36,0.44,4.51,0.57,0.24,86.12,10.2,0.84,,
Indonesia,2016,IDN,East Asia and Pacific,38.52,65.08,37,0.44,4.3,0.55,0.24,84.95,10.99,1.49,,
Indonesia,2017,IDN,East Asia and Pacific,36.6,65.36,37,0.43,3.78,0.54,0.24,87.06,10.12,1.06,,
Indonesia,2018,IDN,East Asia and Pacific,35.64,65.62,38,0.41,4.39,0.6,0.25,88.91,11.19,0.97,,
Indonesia,2019,IDN,East Asia and Pacific,34.76,65.86,40,0.4,3.59,0.6,0.25,,11.85,1.12,,
Indonesia,2020,IDN,East Asia and Pacific,31.79,66.43,37,0.39,4.25,0.6,,,,1.32,,
Indonesia,2021,IDN,East Asia and Pacific,,,38,0.37,3.83,0.6,,,,1.11,,
Indonesia,2022,IDN,East Asia and Pacific,,,34,0.39,,,,,,1.09,,
Iran,2000,IRN,Middle East and North Africa,59.6,90.32,,0.07,11.58,0.63,0.13,77.51,25.34,1.22,,
Iran,2001,IRN,Middle East and North Africa,59.25,90.55,,0.07,12.3,0.63,0.14,76.85,26.69,1.53,,
Iran,2002,IRN,Middle East and North Africa,54.75,90.78,,0.07,12.8,0.63,0.14,77.54,26.1,1.72,,
Iran,2003,IRN,Middle East and North Africa,54.07,91,30,0.07,11.5,0.63,0.14,77.4,30.21,0.94,,
Iran,2004,IRN,Middle East and North Africa,56.56,91.22,29,0.06,10.3,0.63,0.13,77.48,31.89,1.53,,
Iran,2005,IRN,Middle East and North Africa,56.09,91.43,29,0.05,11.81,0.63,0.13,77.23,32.12,0.83,,
Iran,2006,IRN,Middle East and North Africa,51.69,91.64,27,0.05,11.52,0.64,0.13,78.49,34.19,1.85,,
Iran,2007,IRN,Middle East and North Africa,53.21,91.84,25,0.05,10.77,0.63,0.13,78.1,35.44,0.87,,
Iran,2008,IRN,Middle East and North Africa,55.48,92.03,23,0.05,10.63,0.62,0.13,81.01,35.66,1.14,,
Iran,2009,IRN,Middle East and North Africa,56.03,92.21,18,0.05,12.11,0.61,0.13,82.16,35.71,1.18,,
Iran,2010,IRN,Middle East and North Africa,59.4,92.4,22,0.05,13.68,0.61,0.13,80.59,37.54,2.21,,
Iran,2011,IRN,Middle East and North Africa,57.52,92.57,27,0.05,12.49,0.6,0.13,82.99,37.16,1.35,,
Iran,2012,IRN,Middle East and North Africa,54.96,92.75,28,0.05,12.27,0.59,0.14,84.98,36.33,1.09,,
Iran,2013,IRN,Middle East and North Africa,51.07,92.91,25,0.06,10.6,0.58,0.14,83.83,35.15,1.64,,
Iran,2014,IRN,Middle East and North Africa,42.19,93.08,27,0.06,10.68,0.59,0.14,85.28,37,1.08,,
Iran,2015,IRN,Middle East and North Africa,42.08,93.24,27,0.06,11.17,0.59,0.14,85.87,37.23,1.86,,
Iran,2016,IRN,Middle East and North Africa,42.29,93.39,29,0.06,12.62,0.59,0.15,86.87,36.51,1.67,,
Iran,2017,IRN,Middle East and North Africa,41.71,93.55,30,0.06,12.23,0.6,0.15,86.31,39.6,1.74,,
Iran,2018,IRN,Middle East and North Africa,35.83,93.7,28,0.06,12.19,0.61,0.14,,41.63,2.04,,
Iran,2019,IRN,Middle East and North Africa,39.49,93.84,26,0.05,10.74,0.61,0.15,,42.39,1.6,,
Iran,2020,IRN,Middle East and North Africa,37.06,93.98,25,0.05,9.69,0.61,,89.38,,1.35,,
Iran,2021,IRN,Middle East and North Africa,,,25,0.05,10.82,0.61,,,,2.18,,
Iran,2022,IRN,Middle East and North Africa,,,25,0.05,,,,,,2.37,,
Iraq,2000,IRQ,Middle East and North Africa,,72.81,,0.05,8.75,0.64,0.05,37.79,9.43,1,,
Iraq,2001,IRQ,Middle East and North Africa,,73.7,,0.05,8.84,0.64,0.06,37.88,11.99,1.29,,
Iraq,2002,IRQ,Middle East and North Africa,,74.6,,0.06,8.89,0.64,0.06,,11.66,1.17,,
Iraq,2003,IRQ,Middle East and North Africa,54.64,75.53,22,0.1,8.85,0.64,0.07,42.4,11.57,0.96,,
Iraq,2004,IRQ,Middle East and North Africa,29.05,76.48,21,0.14,8.6,0.64,0.07,47.8,15.26,1.08,,
Iraq,2005,IRQ,Middle East and North Africa,30.24,77.45,22,0.18,8.72,0.64,0.07,,15.24,0.53,,
Iraq,2006,IRQ,Middle East and North Africa,33.55,78.44,19,0.26,8.65,0.64,0.08,,14.34,1.62,,
Iraq,2007,IRQ,Middle East and North Africa,30.58,79.45,15,0.27,8.65,0.64,0.08,53.92,11.37,0.94,,
Iraq,2008,IRQ,Middle East and North Africa,21.53,80.49,13,0.28,8.48,0.63,0.08,,15.08,1.16,,
Iraq,2009,IRQ,Middle East and North Africa,22.39,81.54,15,0.28,8.4,0.63,0.07,,17.95,0.88,,
Iraq,2010,IRQ,Middle East and North Africa,26.1,82.64,15,0.26,8.25,0.62,0.07,,18.43,2.71,,
Iraq,2011,IRQ,Middle East and North Africa,25.14,83.77,18,0.26,8.13,0.62,0.07,,19.72,0.91,,
Iraq,2012,IRQ,Middle East and North Africa,61.74,84.91,18,0.26,7.96,0.61,0.06,,20.69,1.29,,
Iraq,2013,IRQ,Middle East and North Africa,58.35,86.06,16,0.27,9.26,0.61,0.07,,21.33,1.26,,
Iraq,2014,IRQ,Middle East and North Africa,61.84,87.23,16,0.26,10.59,0.61,0.07,,20.92,1.18,,
Iraq,2015,IRQ,Middle East and North Africa,76.47,88.4,16,0.25,10.73,0.61,0.08,,20.36,1.94,,
Iraq,2016,IRQ,Middle East and North Africa,77.79,89.6,17,0.25,10.82,0.61,0.09,,21.3,1.67,,
Iraq,2017,IRQ,Middle East and North Africa,58.04,90.8,18,0.23,13.02,0.61,0.06,,20.85,1.57,,
Iraq,2018,IRQ,Middle East and North Africa,51.35,92.02,18,0.26,14.06,0.61,0.06,,20.98,2.41,,
Iraq,2019,IRQ,Middle East and North Africa,50.1,93.24,20,0.25,15.11,0.61,0.06,,21.56,1.63,,
Iraq,2020,IRQ,Middle East and North Africa,44.8,94.2,21,0.23,16.23,0.61,,,,1.86,,
Iraq,2021,IRQ,Middle East and North Africa,,,23,0.2,16.17,0.61,,,,2.64,,
Iraq,2022,IRQ,Middle East and North Africa,,,23,0.2,,,,,,2.15,,
Ireland,2000,IRL,Europe and Central Asia,12.12,97.14,72,0.64,4.32,0.46,0.32,105.12,67.52,0.58,,
Ireland,2001,IRL,Europe and Central Asia,10.65,97.15,75,0.64,3.68,0.46,0.33,105.22,65.57,0.55,,
Ireland,2002,IRL,Europe and Central Asia,10.47,97.17,69,0.65,4.22,0.45,0.34,106.36,65.48,0.83,,
Ireland,2003,IRL,Europe and Central Asia,13.15,97.18,75,0.65,4.48,0.46,0.33,107.85,70.41,1.02,,
Ireland,2004,IRL,Europe and Central Asia,12.22,97.19,75,0.65,4.49,0.47,0.35,109.41,71.84,0.9,,
Ireland,2005,IRL,Europe and Central Asia,13.55,97.2,74,0.65,4.34,0.47,0.35,109.78,74.03,1.18,,
Ireland,2006,IRL,Europe and Central Asia,13.93,97.21,74,0.65,4.41,0.48,0.35,109.6,73.93,1.16,,
Ireland,2007,IRL,Europe and Central Asia,11.57,97.22,75,0.65,4.98,0.48,0.36,111.23,70.95,1.35,,
Ireland,2008,IRL,Europe and Central Asia,11.86,97.23,77,0.65,6.77,0.45,0.37,111.29,60.59,0.84,,
Ireland,2009,IRL,Europe and Central Asia,12.7,97.24,80,0.65,12.61,0.44,0.39,114.39,47.91,0.8,,
Ireland,2010,IRL,Europe and Central Asia,13.8,97.25,80,0.65,14.53,0.44,0.41,118.1,43.86,-0.1,,
Ireland,2011,IRL,Europe and Central Asia,13.89,97.26,75,0.65,15.35,0.44,0.42,115.83,41.99,0.56,,
Ireland,2012,IRL,Europe and Central Asia,13.9,97.27,69,0.65,15.45,0.44,0.41,117.75,41.66,0.71,,
Ireland,2013,IRL,Europe and Central Asia,14.29,97.28,72,0.65,13.73,0.45,0.4,,42.11,0.57,,
Ireland,2014,IRL,Europe and Central Asia,14.31,97.29,74,0.65,11.86,0.46,0.39,116.74,41.64,1.36,,
Ireland,2015,IRL,Europe and Central Asia,13.21,97.3,75,0.65,9.91,0.48,0.39,116.99,40.41,0.45,,
Ireland,2016,IRL,Europe and Central Asia,12.79,97.31,73,0.65,8.37,0.48,0.39,117.03,40.13,1.04,,
Ireland,2017,IRL,Europe and Central Asia,12.61,97.32,74,0.65,6.71,0.47,0.38,125.31,38.83,1.26,,
Ireland,2018,IRL,Europe and Central Asia,12.02,97.33,73,0.64,5.74,0.47,0.39,154.91,37.4,0.78,,
Ireland,2019,IRL,Europe and Central Asia,11.83,97.33,74,0.64,4.95,0.48,0.39,138.09,35.19,1.2,,
Ireland,2020,IRL,Europe and Central Asia,10.5,97.33,72,0.65,5.62,0.47,,135.22,,1.08,,
Ireland,2021,IRL,Europe and Central Asia,,,74,0.64,6.19,0.47,,,,1.02,,
Ireland,2022,IRL,Europe and Central Asia,,,77,0.63,,,,,,1.76,,
Israel,2000,ISR,Middle East and North Africa,29.49,100,66,0.51,11.1,0.61,0.33,104.16,45.48,0.25,,
Israel,2001,ISR,Middle East and North Africa,30.33,100,76,0.5,11.81,0.61,0.33,105.13,46.66,0.86,,
Israel,2002,ISR,Middle East and North Africa,27.84,100,73,0.49,12.89,0.61,0.34,107.25,44.14,0.73,,
Israel,2003,ISR,Middle East and North Africa,28.63,100,70,0.49,13.51,0.62,0.34,106.65,48.11,0.56,,
Israel,2004,ISR,Middle East and North Africa,28.73,100,64,0.49,13.03,0.62,0.36,105.73,46.54,0.56,,
Israel,2005,ISR,Middle East and North Africa,30.24,100,63,0.49,11.34,0.62,0.35,105.96,45.05,0.2,,
Israel,2006,ISR,Middle East and North Africa,25.72,100,59,0.49,10.71,0.62,0.35,106.12,46.95,0.59,,
Israel,2007,ISR,Middle East and North Africa,26.66,100,61,0.49,9.38,0.62,0.35,105.49,47.28,0.52,,
Israel,2008,ISR,Middle East and North Africa,25.35,100,60,0.49,7.7,0.62,0.34,104.08,49.41,0.72,,
Israel,2009,ISR,Middle East and North Africa,25.42,100,6.1,0.49,9.53,0.63,0.36,103.18,44.34,0.82,,
Israel,2010,ISR,Middle East and North Africa,23.81,100,61,0.49,8.48,0.63,0.36,103.23,47.36,2.32,,
Israel,2011,ISR,Middle East and North Africa,23.76,100,58,0.49,7.14,0.62,0.37,102.86,47.83,0.58,,
Israel,2012,ISR,Middle East and North Africa,23.41,100,60,0.49,6.86,0.62,0.37,102.22,49.55,1.04,,
Israel,2013,ISR,Middle East and North Africa,22.65,100,61,0.47,6.21,0.61,0.37,102.69,44.56,1.11,,
Israel,2014,ISR,Middle East and North Africa,23.01,100,60,0.47,5.89,0.6,0.37,103.02,42.95,0.87,,
Israel,2015,ISR,Middle East and North Africa,22.5,100,61,0.47,5.25,0.6,0.38,103.66,42.03,1.33,,
Israel,2016,ISR,Middle East and North Africa,22.82,100,64,0.47,4.8,0.59,0.36,105.23,40.41,1.61,,
Israel,2017,ISR,Middle East and North Africa,22.43,100,62,0.46,4.22,0.59,0.38,105.08,39.88,0.74,,
Israel,2018,ISR,Middle East and North Africa,21.84,100,61,0.45,4,0.59,0.38,105.56,39.67,2,,
Israel,2019,ISR,Middle East and North Africa,21.04,100,60,0.46,3.8,0.59,0.38,104.97,40.28,1.21,,
Israel,2020,ISR,Middle East and North Africa,17.14,100,60,0.47,4.33,0.59,,104.94,,1.45,,
Israel,2021,ISR,Middle East and North Africa,,,59,0.49,4.32,0.59,,,,1.79,,
Israel,2022,ISR,Middle East and North Africa,,,63,0.47,,,,,,1.08,,
Italy,2000,ITA,Europe and Central Asia,26.46,94.77,46,0.65,10.83,0.51,0.32,93.05,29.9,1.24,,
Italy,2001,ITA,Europe and Central Asia,24.48,94.99,55,0.66,9.6,0.51,0.33,96.1,30.87,1.53,,
Italy,2002,ITA,Europe and Central Asia,24.13,95.21,52,0.67,9.21,0.5,0.33,98.15,33,0.91,,
Italy,2003,ITA,Europe and Central Asia,23.72,95.42,53,0.67,8.87,0.5,0.33,99.13,33.13,1.53,,
Italy,2004,ITA,Europe and Central Asia,22.83,95.64,48,0.67,7.87,0.5,0.33,99.02,34.3,0.75,,
Italy,2005,ITA,Europe and Central Asia,21.61,95.86,50,0.67,7.73,0.49,0.34,99.29,33.3,0.56,,
Italy,2006,ITA,Europe and Central Asia,21.32,96.08,49,0.68,6.78,0.5,0.34,100.05,33.56,0.84,,
Italy,2007,ITA,Europe and Central Asia,21.52,96.3,52,0.69,6.08,0.5,0.35,100.47,33,1.55,,
Italy,2008,ITA,Europe and Central Asia,21.34,96.52,48,0.68,6.72,0.48,0.35,101.1,32.3,1.13,,
Italy,2009,ITA,Europe and Central Asia,20.66,96.74,43,0.68,7.75,0.48,0.36,101.42,28.48,1.23,,
Italy,2010,ITA,Europe and Central Asia,20.55,96.96,39,0.68,8.36,0.49,0.37,102.9,29.99,0.76,,
Italy,2011,ITA,Europe and Central Asia,22.03,97.18,39,0.68,8.36,0.5,0.36,103.33,29.72,1.25,,
Italy,2012,ITA,Europe and Central Asia,22.08,97.4,42,0.69,10.65,0.5,0.36,102.03,27.44,1.54,,
Italy,2013,ITA,Europe and Central Asia,22.23,97.62,43,0.68,12.15,0.51,0.36,102.41,25.26,1.01,,
Italy,2014,ITA,Europe and Central Asia,22.54,97.84,43,0.68,12.68,0.5,0.36,102.28,24.78,1.64,,
Italy,2015,ITA,Europe and Central Asia,23.47,97.84,44,0.68,11.9,0.5,0.36,102.26,24.06,1.7,,
Italy,2016,ITA,Europe and Central Asia,23.32,97.84,47,0.69,11.69,0.51,0.36,101.66,23.73,1.72,,
Italy,2017,ITA,Europe and Central Asia,23.81,97.84,50,0.69,11.21,0.51,0.36,101.27,24.13,1.61,,
Italy,2018,ITA,Europe and Central Asia,23.55,97.84,52,0.68,10.61,0.52,0.36,101.35,24.62,1.83,,
Italy,2019,ITA,Europe and Central Asia,23.46,97.84,53,0.68,9.95,0.51,0.36,101.19,23.81,1.7,,
Italy,2020,ITA,Europe and Central Asia,21.28,97.84,53,0.68,9.16,0.51,,100.91,,1.9,,
Italy,2021,ITA,Europe and Central Asia,,,56,0.67,9.5,0.51,,,,1.57,,
Italy,2022,ITA,Europe and Central Asia,,,56,0.67,,,,,,2.14,,
Jamaica,2000,JAM,Latin America and Caribbean,29.63,83.61,,0.44,6.96,0.68,0.36,85.29,12.94,0.41,,
Jamaica,2001,JAM,Latin America and Caribbean,38.42,83.77,,0.44,6.91,0.69,0.37,84.54,16.6,0.66,,
Jamaica,2002,JAM,Latin America and Caribbean,26.94,83.92,40,0.45,6.87,0.69,0.37,84.58,13.87,0.94,,
Jamaica,2003,JAM,Latin America and Caribbean,34.57,84.07,38,0.48,6.8,0.68,0.37,84.67,16.94,1.12,,
Jamaica,2004,JAM,Latin America and Caribbean,27.56,83.98,33,0.48,6.8,0.68,0.37,89.93,17.45,0.95,,
Jamaica,2005,JAM,Latin America and Caribbean,29.14,83.89,36,0.5,6.77,0.67,0.37,89.65,18.72,1.04,,
Jamaica,2006,JAM,Latin America and Caribbean,28.94,83.81,37,0.5,6.7,0.67,0.38,,21.23,1.03,,
Jamaica,2007,JAM,Latin America and Caribbean,31.16,83.72,33,0.51,6.68,0.68,0.38,92.33,21.29,0.94,,
Jamaica,2008,JAM,Latin America and Caribbean,30.18,83.63,31,0.51,6.67,0.67,0.39,,20.56,0.55,,
Jamaica,2009,JAM,Latin America and Caribbean,22.97,83.54,30,0.51,7.31,0.66,0.39,,13.56,0.82,,
Jamaica,2010,JAM,Latin America and Caribbean,23.49,83.45,33,0.51,7.63,0.66,0.39,,14.12,1.18,,
Jamaica,2011,JAM,Latin America and Caribbean,22.05,83.36,33,0.52,8.03,0.65,0.39,,15.84,0.58,,
Jamaica,2012,JAM,Latin America and Caribbean,21.75,83.27,38,0.52,8.69,0.65,0.4,,14.93,0.72,,
Jamaica,2013,JAM,Latin America and Caribbean,19.48,83.19,38,0.54,9.7,0.65,0.39,,15.41,0.99,,
Jamaica,2014,JAM,Latin America and Caribbean,21.41,83.34,38,0.54,9.05,0.65,0.39,,14.27,1.21,,
Jamaica,2015,JAM,Latin America and Caribbean,18.97,83.49,41,0.54,8.84,0.65,0.39,,13.54,1.4,,
Jamaica,2016,JAM,Latin America and Caribbean,17.93,83.65,39,0.55,8.63,0.65,0.4,,12.57,1.4,,
Jamaica,2017,JAM,Latin America and Caribbean,16.75,83.81,44,0.56,7.4,0.65,0.4,,12.09,1.08,,
Jamaica,2018,JAM,Latin America and Caribbean,16.78,83.97,44,0.56,5.47,0.65,0.4,,11.86,1.25,,
Jamaica,2019,JAM,Latin America and Caribbean,16.44,84.14,43,0.55,4.99,0.64,0.41,,11.78,1.52,,
Jamaica,2020,JAM,Latin America and Caribbean,15.07,84.2,44,0.54,6.5,0.66,,,,1.62,,
Jamaica,2021,JAM,Latin America and Caribbean,,,44,0.53,6.01,0.66,,,,1.27,,
Jamaica,2022,JAM,Latin America and Caribbean,,,44,0.53,,,,,,1.14,,
Japan,2000,JPN,East Asia and Pacific,15.92,97.85,64,0.56,4.75,0.52,0.22,,45.97,0.64,,
Japan,2001,JPN,East Asia and Pacific,15.79,97.85,71,0.56,5.02,0.53,0.23,,44.67,0.42,,
Japan,2002,JPN,East Asia and Pacific,15.98,97.85,71,0.56,5.39,0.54,0.23,,44.96,0.63,,
Japan,2003,JPN,East Asia and Pacific,16.89,97.85,70,0.56,5.25,0.54,0.23,,45.1,0.33,,
Japan,2004,JPN,East Asia and Pacific,16.59,97.85,69,0.56,4.73,0.55,0.23,,45.53,1.12,,
Japan,2005,JPN,East Asia and Pacific,15.67,97.9,73,0.56,4.45,0.55,0.23,,45.86,0.74,,
Japan,2006,JPN,East Asia and Pacific,16.42,97.95,76,0.56,4.19,0.55,0.23,,45.3,0.39,,
Japan,2007,JPN,East Asia and Pacific,15.52,98,75,0.56,3.89,0.56,0.23,,45.38,1,,
Japan,2008,JPN,East Asia and Pacific,15.24,98.04,73,0.56,4,0.55,0.23,,44.4,0.67,,
Japan,2009,JPN,East Asia and Pacific,15.16,98.09,77,0.57,5.07,0.53,0.24,,39.62,0.8,,
Japan,2010,JPN,East Asia and Pacific,14.57,98.14,78,0.57,5.1,0.54,0.25,,41.26,0.92,,
Japan,2011,JPN,East Asia and Pacific,13.12,98.19,80,0.57,4.55,0.54,0.26,,43.59,0.6,,
Japan,2012,JPN,East Asia and Pacific,12.97,98.23,74,0.57,4.36,0.54,0.26,,44.91,0.4,,
Japan,2013,JPN,East Asia and Pacific,12.7,98.28,74,0.55,4.04,0.54,0.27,101.56,43.29,0.63,,
Japan,2014,JPN,East Asia and Pacific,12.87,98.33,76,0.55,3.59,0.54,0.27,101.42,42.16,0.56,,
Japan,2015,JPN,East Asia and Pacific,12.95,98.38,75,0.54,3.39,0.54,0.27,102.17,40.7,0.83,,
Japan,2016,JPN,East Asia and Pacific,12.85,98.42,72,0.54,3.13,0.54,0.27,102.37,40.12,1.32,,
Japan,2017,JPN,East Asia and Pacific,12.65,98.47,73,0.55,2.82,0.54,0.28,102.49,39.69,0.8,,
Japan,2018,JPN,East Asia and Pacific,12.99,98.52,73,0.55,2.47,0.54,0.28,101.95,38.84,0.93,,
Japan,2019,JPN,East Asia and Pacific,12.93,98.57,73,0.55,2.35,0.54,0.28,100.87,37.95,1.27,,
Japan,2020,JPN,East Asia and Pacific,12.57,98.57,74,0.54,2.8,0.54,,,,1.44,,
Japan,2021,JPN,East Asia and Pacific,,,73,0.54,2.8,0.54,,,,1.27,,
Japan,2022,JPN,East Asia and Pacific,,,73,0.54,,,,,,1.34,,
Jordan,2000,JOR,Middle East and North Africa,39.1,98.56,46,0.08,13.7,0.58,0.08,82.23,12.21,0.38,,
Jordan,2001,JOR,Middle East and North Africa,38.47,98.55,49,0.08,14.7,0.59,0.08,,13.88,0.98,,
Jordan,2002,JOR,Middle East and North Africa,39.48,98.53,45,0.08,15.3,0.6,0.08,84.83,15.05,0.67,,
Jordan,2003,JOR,Middle East and North Africa,42.03,98.52,46,0.08,14.5,0.6,0.08,85.26,14.61,0.5,,
Jordan,2004,JOR,Middle East and North Africa,40.68,98.5,53,0.08,14.58,0.6,0.07,84.63,16.09,0.62,,
Jordan,2005,JOR,Middle East and North Africa,40.08,98.5,57,0.09,14.8,0.61,0.07,84.4,17.08,0.1,,
Jordan,2006,JOR,Middle East and North Africa,39.19,98.51,53,0.09,14,0.61,0.08,85.34,16.25,0.75,,
Jordan,2007,JOR,Middle East and North Africa,36.05,98.52,47,0.09,13.1,0.61,0.09,85.39,15.89,0.52,,
Jordan,2008,JOR,Middle East and North Africa,31.94,98.52,51,0.1,12.7,0.61,0.09,85.9,16.17,0.73,,
Jordan,2009,JOR,Middle East and North Africa,22.71,98.53,50,0.1,12.9,0.61,0.1,,16.12,0.55,,
Jordan,2010,JOR,Middle East and North Africa,21.86,98.53,47,0.1,12.5,0.61,0.1,80.08,14.48,2.63,,
Jordan,2011,JOR,Middle East and North Africa,20.9,98.53,45,0.1,12.9,0.6,0.11,77.61,14.25,0.51,,
Jordan,2012,JOR,Middle East and North Africa,21.58,98.53,48,0.11,12.2,0.6,0.11,74.19,13.13,1.07,,
Jordan,2013,JOR,Middle East and North Africa,22.13,98.53,45,0.11,12.6,0.59,0.1,71.06,14.51,1,,
Jordan,2014,JOR,Middle East and North Africa,20.89,98.52,49,0.11,11.9,0.59,0.1,69.13,14.33,0.79,,
Jordan,2015,JOR,Middle East and North Africa,29.37,98.51,53,0.12,13.08,0.59,0.1,,13.42,1.43,,
Jordan,2016,JOR,Middle East and North Africa,30.62,98.5,48,0.11,15.28,0.59,0.1,,12.41,1.64,,
Jordan,2017,JOR,Middle East and North Africa,30.43,98.48,48,0.12,18.12,0.59,0.1,62.63,12.9,0.92,,
Jordan,2018,JOR,Middle East and North Africa,30.94,98.47,49,0.12,18.26,0.59,0.11,63.12,12.8,1.97,,
Jordan,2019,JOR,Middle East and North Africa,30.34,98.46,48,0.13,16.8,0.59,0.11,65.19,13.21,1.28,,
Jordan,2020,JOR,Middle East and North Africa,30.22,98.44,49,0.12,19.21,0.59,,67.82,,1.62,,
Jordan,2021,JOR,Middle East and North Africa,,,49,0.12,18.44,0.59,,71.96,,1.92,,
Jordan,2022,JOR,Middle East and North Africa,,,47,0.12,,,,,,1.36,,
Kazakhstan,2000,KAZ,Europe and Central Asia,48.51,63.1,30,0.1,12.75,0.56,0.34,93.7,36.03,1.5,,
Kazakhstan,2001,KAZ,Europe and Central Asia,42.71,63.37,27,0.1,10.43,0.56,0.34,,34.07,1.66,,
Kazakhstan,2002,KAZ,Europe and Central Asia,45.9,64.93,30,0.09,9.33,0.57,0.34,,36.11,2.26,,
Kazakhstan,2003,KAZ,Europe and Central Asia,44.55,66.5,24,0.09,8.78,0.56,0.35,,38.19,0.13,,
Kazakhstan,2004,KAZ,Europe and Central Asia,41.04,68.09,22,0.09,8.4,0.51,0.35,,37.61,2.15,,
Kazakhstan,2005,KAZ,Europe and Central Asia,34.41,69.69,26,0.09,8.13,0.54,0.35,,42.39,1.55,,
Kazakhstan,2006,KAZ,Europe and Central Asia,31.08,71.3,26,0.09,7.79,0.54,0.36,99.95,50.73,1.44,,
Kazakhstan,2007,KAZ,Europe and Central Asia,32.77,72.93,21,0.09,7.26,0.52,0.36,,52.77,2.2,,
Kazakhstan,2008,KAZ,Europe and Central Asia,24.47,74.57,22,0.09,6.63,0.53,0.36,,49.01,1.55,,
Kazakhstan,2009,KAZ,Europe and Central Asia,22.91,76.22,27,0.09,6.55,0.54,0.36,,45.24,1.2,,
Kazakhstan,2010,KAZ,Europe and Central Asia,27.3,77.88,29,0.08,5.77,0.54,0.36,98.48,43.6,1.31,,
Kazakhstan,2011,KAZ,Europe and Central Asia,24.6,79.56,27,0.08,5.39,0.51,0.36,99.91,40,0.75,,
Kazakhstan,2012,KAZ,Europe and Central Asia,27.82,81.25,28,0.08,5.29,0.52,0.36,102.21,44.71,1.15,,
Kazakhstan,2013,KAZ,Europe and Central Asia,25.96,82.91,26,0.08,5.2,0.52,0.37,102.87,48.32,1.62,,
Kazakhstan,2014,KAZ,Europe and Central Asia,23.8,84.49,29,0.08,5.06,0.5,0.37,106.59,49.45,0.67,,
Kazakhstan,2015,KAZ,Europe and Central Asia,32.1,86.08,28,0.08,4.93,0.48,0.37,110.3,54.5,1.61,,
Kazakhstan,2016,KAZ,Europe and Central Asia,35.67,87.69,29,0.08,4.96,0.53,0.37,113.25,52.89,2.24,,
Kazakhstan,2017,KAZ,Europe and Central Asia,33.14,89.3,31,0.07,4.9,0.53,0.36,114.2,53.59,1.76,,
Kazakhstan,2018,KAZ,Europe and Central Asia,33.47,89.31,31,0.08,4.85,0.53,0.36,114.24,52.64,0.64,,
Kazakhstan,2019,KAZ,Europe and Central Asia,33.86,89.32,34,0.08,4.8,0.53,0.36,113.23,50.99,1.49,,
Kazakhstan,2020,KAZ,Europe and Central Asia,27.48,89.33,38,0.08,4.89,0.53,,103.75,,2.85,,
Kazakhstan,2021,KAZ,Europe and Central Asia,,,37,0.09,5.16,0.53,,,,1.47,,
Kazakhstan,2022,KAZ,Europe and Central Asia,,,36,0.11,,,,,,2.71,,
Kenya,2000,KEN,Sub-Saharan Africa,46.79,23.37,21,0.22,3.13,0.65,0.28,38.78,4.34,0.52,,
Kenya,2001,KEN,Sub-Saharan Africa,46.08,23.84,20,0.22,3.07,0.65,0.28,39.89,4.35,0.6,,
Kenya,2002,KEN,Sub-Saharan Africa,44.33,24.31,19,0.24,3.09,0.65,0.28,40.51,3.99,0.73,,
Kenya,2003,KEN,Sub-Saharan Africa,45.01,24.79,19,0.28,3.04,0.65,0.29,42.54,4.34,0.88,,
Kenya,2004,KEN,Sub-Saharan Africa,44.21,25.27,21,0.28,3,0.65,0.29,46.43,4.29,0.65,,
Kenya,2005,KEN,Sub-Saharan Africa,44.96,25.75,21,0.3,2.97,0.65,0.29,46.99,4.34,0.76,,
Kenya,2006,KEN,Sub-Saharan Africa,38.43,26.23,22,0.28,2.94,0.65,0.29,48.77,4.17,0.89,,
Kenya,2007,KEN,Sub-Saharan Africa,35.77,26.71,21,0.28,2.92,0.64,0.3,50.77,5.17,0.63,,
Kenya,2008,KEN,Sub-Saharan Africa,33.46,27.19,21,0.24,2.98,0.64,0.31,56.59,4.84,0.82,,
Kenya,2009,KEN,Sub-Saharan Africa,31.51,27.68,22,0.24,2.92,0.63,0.32,56.76,4.84,1.29,,
Kenya,2010,KEN,Sub-Saharan Africa,30.18,28.16,21,0.29,2.85,0.63,0.32,,4.52,1.11,,
Kenya,2011,KEN,Sub-Saharan Africa,30.97,28.65,22,0.29,2.86,0.62,0.33,,4.56,1.14,,
Kenya,2012,KEN,Sub-Saharan Africa,31.6,29.14,27,0.29,2.84,0.61,0.33,,4.8,1.03,,
Kenya,2013,KEN,Sub-Saharan Africa,32.13,29.64,27,0.35,2.83,0.61,0.34,,4.76,0.93,,
Kenya,2014,KEN,Sub-Saharan Africa,29.22,30.13,25,0.36,2.8,0.6,0.35,,4.7,1.02,,
Kenya,2015,KEN,Sub-Saharan Africa,26.9,30.63,25,0.36,2.77,0.6,0.35,,4.62,1.16,,
Kenya,2016,KEN,Sub-Saharan Africa,25,31.13,26,0.36,2.76,0.6,0.36,,4.62,1.24,,
Kenya,2017,KEN,Sub-Saharan Africa,23.28,31.63,28,0.34,3.52,0.6,0.36,,4.51,1.5,,
Kenya,2018,KEN,Sub-Saharan Africa,23.37,32.13,27,0.33,4.24,0.6,0.36,,4.6,0.68,,
Kenya,2019,KEN,Sub-Saharan Africa,24.3,32.55,28,0.32,5.01,0.6,0.37,,4.55,1.62,,
Kenya,2020,KEN,Sub-Saharan Africa,24.06,32.98,31,0.33,5.62,0.6,,,,1.34,,
Kenya,2021,KEN,Sub-Saharan Africa,,,30,0.33,5.64,0.6,,,,1.42,,
Kenya,2022,KEN,Sub-Saharan Africa,,,32,0.36,,,,,,1.28,,
Kiribati,2000,KIR,East Asia and Pacific,0.15,53.56,,,,,,63.53,,0.13,,
Kiribati,2001,KIR,East Asia and Pacific,0.1,54.5,,,,,,77.53,,0.41,,
Kiribati,2002,KIR,East Asia and Pacific,0.11,55.28,,,,,,82.52,,0.51,,
Kiribati,2003,KIR,East Asia and Pacific,0.12,56.06,,,,,,88.43,,0.59,,
Kiribati,2004,KIR,East Asia and Pacific,0.1,56.84,,,,,,88.98,,,,
Kiribati,2005,KIR,East Asia and Pacific,0.12,57.62,,,,,,89.03,,,,
Kiribati,2006,KIR,East Asia and Pacific,0.1,58.57,,,,,,87.91,,0.57,,
Kiribati,2007,KIR,East Asia and Pacific,0.1,59.66,33,,,,,87.99,,0.55,,
Kiribati,2008,KIR,East Asia and Pacific,0.08,59.56,31,,,,,86.97,,0.25,,
Kiribati,2009,KIR,East Asia and Pacific,0.09,59.43,28,,,,,,,0.6,,
Kiribati,2010,KIR,East Asia and Pacific,0.12,59.27,32,,,,,,,0.31,,
Kiribati,2011,KIR,East Asia and Pacific,0.13,59.09,31,,,,,,,0.33,,
Kiribati,2012,KIR,East Asia and Pacific,0.14,58.87,,,,,,,,0.43,,
Kiribati,2013,KIR,East Asia and Pacific,0.12,58.62,,,,,,,,0.63,,
Kiribati,2014,KIR,East Asia and Pacific,0.12,58.33,,,,,,,,0.77,,
Kiribati,2015,KIR,East Asia and Pacific,0.15,58.02,,,,,,,,0.9,,
Kiribati,2016,KIR,East Asia and Pacific,0.14,57.67,,,,,,,,1.23,,
Kiribati,2017,KIR,East Asia and Pacific,0.11,57.27,,,,,,,,1.04,,
Kiribati,2018,KIR,East Asia and Pacific,0.09,56.84,,,,,,,,0.95,,
Kiribati,2019,KIR,East Asia and Pacific,0.1,56.37,,,,,,,,0.95,,
Kiribati,2020,KIR,East Asia and Pacific,0.1,55.86,,,,,,,,1.43,,
Kiribati,2021,KIR,East Asia and Pacific,,,,,,,,,,,,
Kiribati,2022,KIR,East Asia and Pacific,,,,,,,,,,,,
Kosovo,2000,KOS,Europe and Central Asia,,,,0.16,,0.48,,,,,,
Kosovo,2001,KOS,Europe and Central Asia,,,,0.16,,0.48,,,,,,
Kosovo,2002,KOS,Europe and Central Asia,,,,0.26,,0.48,,,,,,
Kosovo,2003,KOS,Europe and Central Asia,,,,0.28,,0.48,,,,,,
Kosovo,2004,KOS,Europe and Central Asia,,,,0.27,,0.49,,,,,,
Kosovo,2005,KOS,Europe and Central Asia,,,,0.27,,0.49,,,,,,
Kosovo,2006,KOS,Europe and Central Asia,,,,0.27,,0.48,,,,,,
Kosovo,2007,KOS,Europe and Central Asia,,,,0.28,,0.48,,,,,,
Kosovo,2008,KOS,Europe and Central Asia,,,,0.28,,0.5,,,,,,
Kosovo,2009,KOS,Europe and Central Asia,,,,0.28,,0.49,,,,,,
Kosovo,2010,KOS,Europe and Central Asia,,,28,0.28,,0.5,,,,,,
Kosovo,2011,KOS,Europe and Central Asia,,,29,0.27,,0.48,,,,,,
Kosovo,2012,KOS,Europe and Central Asia,,,34,0.26,,0.48,,,,,,
Kosovo,2013,KOS,Europe and Central Asia,,,33,0.27,,0.47,,,,,,
Kosovo,2014,KOS,Europe and Central Asia,,,33,0.3,,0.48,,,,,,
Kosovo,2015,KOS,Europe and Central Asia,,,33,0.33,,0.47,,,,,,
Kosovo,2016,KOS,Europe and Central Asia,,,36,0.34,,0.47,,,,,,
Kosovo,2017,KOS,Europe and Central Asia,,,39,0.31,,0.48,,,,,,
Kosovo,2018,KOS,Europe and Central Asia,,,37,0.36,,0.48,,,,,,
Kosovo,2019,KOS,Europe and Central Asia,,,36,0.37,,0.48,,,,,,
Kosovo,2020,KOS,Europe and Central Asia,,,36,0.36,,0.48,,,,,,
Kosovo,2021,KOS,Europe and Central Asia,,,39,0.36,,0.48,,,,,,
Kosovo,2022,KOS,Europe and Central Asia,,,41,0.36,,,,,,,,
Kuwait,2000,KWT,Middle East and North Africa,25.49,100,,0.09,0.8,0.64,0.16,91.09,67.64,1.28,,
Kuwait,2001,KWT,Middle East and North Africa,19.65,100,,0.09,0.8,0.64,0.16,91.45,80.35,1.27,,
Kuwait,2002,KWT,Middle East and North Africa,21.54,100,,0.09,1.1,0.64,0.16,,84.88,1.6,,
Kuwait,2003,KWT,Middle East and North Africa,20.82,100,53,0.1,1.3,0.64,0.15,98.21,103.16,1.56,,
Kuwait,2004,KWT,Middle East and North Africa,21.56,100,46,0.09,1.7,0.64,0.15,102.36,107.57,1.52,,
Kuwait,2005,KWT,Middle East and North Africa,21.47,100,47,0.11,1.49,0.64,0.15,109.6,114.4,0.72,,
Kuwait,2006,KWT,Middle East and North Africa,21.24,100,48,0.11,1.3,0.64,0.16,104.99,116.53,1.91,,
Kuwait,2007,KWT,Middle East and North Africa,21.35,100,43,0.11,1.5,0.64,0.16,102.99,124.08,1.09,,
Kuwait,2008,KWT,Middle East and North Africa,19.81,100,43,0.11,1.75,0.64,0.16,99.25,124.21,1.43,,
Kuwait,2009,KWT,Middle East and North Africa,16.72,100,41,0.11,1.64,0.64,0.17,97.72,111.03,1.32,,
Kuwait,2010,KWT,Middle East and North Africa,14.33,100,45,0.11,1.82,0.64,0.18,97.87,107.28,2.6,,
Kuwait,2011,KWT,Middle East and North Africa,14.01,100,46,0.11,2.03,0.64,0.18,97.05,98.57,1.37,,
Kuwait,2012,KWT,Middle East and North Africa,14.96,100,44,0.11,2.32,0.64,0.18,96.44,101.42,1.56,,
Kuwait,2013,KWT,Middle East and North Africa,14.49,100,43,0.11,2.62,0.64,0.18,95.07,102.78,1.35,,
Kuwait,2014,KWT,Middle East and North Africa,13.93,100,44,0.11,2.9,0.64,0.18,93.89,99.01,1.45,,
Kuwait,2015,KWT,Middle East and North Africa,13.7,100,49,0.11,2.2,0.64,0.17,97.83,105.96,2.1,,
Kuwait,2016,KWT,Middle East and North Africa,13.28,100,41,0.11,2.16,0.64,0.17,,109.68,1.7,,
Kuwait,2017,KWT,Middle East and North Africa,12.93,100,39,0.1,2.2,0.64,0.17,,109.1,1.96,,
Kuwait,2018,KWT,Middle East and North Africa,10.65,100,41,0.1,2.16,0.64,0.16,,104.52,2.36,,
Kuwait,2019,KWT,Middle East and North Africa,10.72,100,40,0.11,2.16,0.64,0.16,,105.85,1.9,,
Kuwait,2020,KWT,Middle East and North Africa,9.13,100,42,0.11,3.33,0.64,,,,1.98,,
Kuwait,2021,KWT,Middle East and North Africa,,,43,0.09,2.82,0.64,,,,2.68,,
Kuwait,2022,KWT,Middle East and North Africa,,,42,0.1,,,,,,2.28,,
Kyrgyzstan,2000,KGZ,Europe and Central Asia,51.65,46.04,,0.15,1.98,0.49,0.33,84.75,5.04,1.13,,
Kyrgyzstan,2001,KGZ,Europe and Central Asia,53.16,46.04,,0.14,2.08,0.5,0.33,85.71,4.77,1.5,,
Kyrgyzstan,2002,KGZ,Europe and Central Asia,51.66,46.32,,0.14,2.11,0.5,0.33,84.8,5.33,1.48,,
Kyrgyzstan,2003,KGZ,Europe and Central Asia,51.08,46.61,21,0.14,2.28,0.49,0.32,89.81,6.11,0.49,,
Kyrgyzstan,2004,KGZ,Europe and Central Asia,46.6,46.9,22,0.14,2.38,0.55,0.32,88.28,7,1.57,,
Kyrgyzstan,2005,KGZ,Europe and Central Asia,42.57,48.6,23,0.19,2.38,0.54,0.32,86.58,7.73,1.21,,
Kyrgyzstan,2006,KGZ,Europe and Central Asia,39.18,50.33,22,0.2,2.51,0.57,0.31,86.49,9.6,1.68,,
Kyrgyzstan,2007,KGZ,Europe and Central Asia,42.91,52.09,21,0.19,2.68,0.53,0.32,86.22,7.43,1.74,,
Kyrgyzstan,2008,KGZ,Europe and Central Asia,48.68,53.87,18,0.19,2.77,0.52,0.32,,7.88,1.04,,
Kyrgyzstan,2009,KGZ,Europe and Central Asia,38.59,55.68,19,0.18,2.79,0.52,0.33,86.84,10.18,1.03,,
Kyrgyzstan,2010,KGZ,Europe and Central Asia,43.09,57.52,20,0.24,2.83,0.51,0.32,87.58,9.35,1.4,,
Kyrgyzstan,2011,KGZ,Europe and Central Asia,43.54,59.4,21,0.3,3.02,0.49,0.32,87.5,9.9,1.27,,
Kyrgyzstan,2012,KGZ,Europe and Central Asia,43.24,61.32,24,0.3,3.03,0.49,0.32,88.37,11.2,0.35,,
Kyrgyzstan,2013,KGZ,Europe and Central Asia,46.42,63.28,24,0.28,3.3,0.49,0.31,89.03,11.37,1.43,,
Kyrgyzstan,2014,KGZ,Europe and Central Asia,56.32,65.27,27,0.27,3.28,0.47,0.32,90.85,11.34,0.54,,
Kyrgyzstan,2015,KGZ,Europe and Central Asia,54.54,67.29,28,0.28,3.38,0.5,0.32,91.07,11.28,1.55,,
Kyrgyzstan,2016,KGZ,Europe and Central Asia,57.21,69.33,28,0.27,3.48,0.49,0.31,93.83,10.18,1.9,,
Kyrgyzstan,2017,KGZ,Europe and Central Asia,56.38,69.75,29,0.27,3.59,0.5,0.3,93.89,10.23,1.48,,
Kyrgyzstan,2018,KGZ,Europe and Central Asia,46.62,70.18,29,0.27,3.67,0.51,0.3,95.05,11.08,1.28,,
Kyrgyzstan,2019,KGZ,Europe and Central Asia,46.18,70.62,30,0.25,4.25,0.54,0.3,96.37,12.56,1.68,,
Kyrgyzstan,2020,KGZ,Europe and Central Asia,45.91,71.47,31,0.22,4.63,0.54,,98.08,,1.43,,
Kyrgyzstan,2021,KGZ,Europe and Central Asia,,,27,0.22,4.77,0.54,,100.32,,1.42,,
Kyrgyzstan,2022,KGZ,Europe and Central Asia,,,27,0.2,,,,,,2.62,,
Laos,2000,LAO,East Asia and Pacific,44.78,7.44,,0.09,2.04,0.58,0.23,34.14,4.39,0.09,,
Laos,2001,LAO,East Asia and Pacific,43.97,10.04,,0.09,1.91,0.58,0.23,35.97,4.24,0.77,,
Laos,2002,LAO,East Asia and Pacific,49.67,12.86,,0.09,1.78,0.58,0.24,38.69,4.3,0.66,,
Laos,2003,LAO,East Asia and Pacific,54.76,15.91,,0.09,1.64,0.58,0.24,41.42,4.37,1.04,,
Laos,2004,LAO,East Asia and Pacific,47.26,19.19,,0.09,1.5,0.58,0.24,43.23,4.43,0.48,,
Laos,2005,LAO,East Asia and Pacific,43.72,22.6,33,0.09,1.35,0.58,0.25,43.64,4.39,0.96,,
Laos,2006,LAO,East Asia and Pacific,41.08,26.08,26,0.09,1.19,0.58,0.25,42.81,4.66,0.93,,
Laos,2007,LAO,East Asia and Pacific,34.91,29.74,19,0.09,1.09,0.58,0.26,43.38,4.88,0.65,,
Laos,2008,LAO,East Asia and Pacific,31.38,33.6,20,0.09,0.96,0.58,0.26,44.16,5.07,0.33,,
Laos,2009,LAO,East Asia and Pacific,26.88,37.66,20,0.1,0.85,0.58,0.26,45.44,5.58,0.7,,
Laos,2010,LAO,East Asia and Pacific,35.96,41.89,21,0.1,0.71,0.58,0.26,46.96,5.69,1.43,,
Laos,2011,LAO,East Asia and Pacific,52.6,46.32,22,0.1,1.07,0.58,0.27,45.78,6.02,0.21,,
Laos,2012,LAO,East Asia and Pacific,48.63,50.93,21,0.1,1.42,0.58,0.27,49.03,6.49,1.05,,
Laos,2013,LAO,East Asia and Pacific,48.7,55.71,26,0.1,1.77,0.58,0.26,53.21,7.22,1.22,,
Laos,2014,LAO,East Asia and Pacific,50.88,60.67,25,0.1,2.15,0.59,0.26,58.92,7.3,0.84,,
Laos,2015,LAO,East Asia and Pacific,45.37,65.81,25,0.1,2.52,0.59,0.26,63.43,8.93,1.5,,
Laos,2016,LAO,East Asia and Pacific,46.44,70.91,30,0.1,2.9,0.6,0.27,66.31,11.92,1.52,,
Laos,2017,LAO,East Asia and Pacific,46.24,75.2,29,0.11,3.27,0.6,0.27,67.51,13.88,1.24,,
Laos,2018,LAO,East Asia and Pacific,48.55,79.59,29,0.11,3.27,0.6,0.27,67.36,22.23,0.96,,
Laos,2019,LAO,East Asia and Pacific,41.83,84.06,29,0.11,3.27,0.6,0.27,65.77,22.27,2.2,,
Laos,2020,LAO,East Asia and Pacific,41.76,84.19,29,0.11,3.58,0.6,,62.76,,1.72,,
Laos,2021,LAO,East Asia and Pacific,,,30,0.13,3.64,0.6,,59.8,,1.29,,
Laos,2022,LAO,East Asia and Pacific,,,31,0.12,,,,,,1.11,,
Latvia,2000,LVA,Europe and Central Asia,47.66,92.55,34,0.56,14.21,0.5,0.42,90.07,21.56,2.02,,
Latvia,2001,LVA,Europe and Central Asia,48.85,92.53,34,0.56,13.82,0.49,0.43,92.86,22.19,1.83,,
Latvia,2002,LVA,Europe and Central Asia,47.58,92.55,37,0.56,13.83,0.51,0.43,95.29,21.42,1.73,,
Latvia,2003,LVA,Europe and Central Asia,48.56,92.59,38,0.58,12.06,0.51,0.43,96.54,26.16,0.25,,
Latvia,2004,LVA,Europe and Central Asia,40.63,92.65,40,0.59,11.71,0.51,0.42,99.3,26.34,1.03,,
Latvia,2005,LVA,Europe and Central Asia,41.69,92.71,42,0.58,10.03,0.53,0.42,102.69,25.75,1.36,,
Latvia,2006,LVA,Europe and Central Asia,35.6,92.78,47,0.57,7.03,0.5,0.43,103.97,29.13,1.09,,
Latvia,2007,LVA,Europe and Central Asia,36.83,93.02,48,0.55,6.05,0.53,0.43,103.92,33.57,2.21,,
Latvia,2008,LVA,Europe and Central Asia,37.31,93.25,50,0.58,7.74,0.52,0.46,104.9,32.36,2.4,,
Latvia,2009,LVA,Europe and Central Asia,38.78,93.5,45,0.59,17.51,0.5,0.48,99.42,26,1.52,,
Latvia,2010,LVA,Europe and Central Asia,37.19,93.75,43,0.59,19.48,0.48,0.47,102.82,25.76,0.7,,
Latvia,2011,LVA,Europe and Central Asia,34.3,94,42,0.64,16.21,0.49,0.47,105.57,27.07,1.15,,
Latvia,2012,LVA,Europe and Central Asia,37.82,94.25,49,0.64,15.05,0.5,0.46,106.34,27.94,1.41,,
Latvia,2013,LVA,Europe and Central Asia,38.47,94.51,53,0.66,11.87,0.5,0.46,114.78,27.4,1.08,,
Latvia,2014,LVA,Europe and Central Asia,39.11,94.76,55,0.65,10.85,0.49,0.45,113.71,27.19,2.33,,
Latvia,2015,LVA,Europe and Central Asia,40.54,95.01,56,0.65,9.87,0.49,0.45,112.36,26.84,2.17,,
Latvia,2016,LVA,Europe and Central Asia,43.44,95.26,57,0.63,9.64,0.48,0.45,111.3,26.03,1.95,,
Latvia,2017,LVA,Europe and Central Asia,42.01,95.52,58,0.61,8.72,0.5,0.44,110.72,27.04,1.5,,
Latvia,2018,LVA,Europe and Central Asia,39.34,95.78,58,0.58,7.41,0.49,0.44,109.16,29.23,2.36,,
Latvia,2019,LVA,Europe and Central Asia,35.23,96.03,56,0.58,6.31,0.49,0.44,107.6,30.92,2.46,,
Latvia,2020,LVA,Europe and Central Asia,32.09,96.29,57,0.59,8.1,0.47,,105.96,,3.55,,
Latvia,2021,LVA,Europe and Central Asia,,,59,0.59,7.51,0.47,,,,1.99,,
Latvia,2022,LVA,Europe and Central Asia,,,59,0.58,,,,,,1.95,,
Lebanon,2000,LBN,Middle East and North Africa,57.79,83.1,,0.13,8.32,0.62,0.21,,20.61,0.54,,
Lebanon,2001,LBN,Middle East and North Africa,54.84,83.44,,0.14,8.19,0.62,0.2,,21.25,1.15,,
Lebanon,2002,LBN,Middle East and North Africa,54.12,83.79,,0.14,8.09,0.62,0.2,,19.99,0.83,,
Lebanon,2003,LBN,Middle East and North Africa,52.48,84.13,30,0.14,7.99,0.62,0.19,,21.14,0.63,,
Lebanon,2004,LBN,Middle East and North Africa,48.88,84.48,27,0.14,7.85,0.62,0.19,,20.16,0.65,,
Lebanon,2005,LBN,Middle East and North Africa,47.32,84.82,31,0.23,8.29,0.62,0.19,,19,0.28,,
Lebanon,2006,LBN,Middle East and North Africa,44.69,85.16,36,0.25,8.7,0.61,0.19,,18.03,0.72,,
Lebanon,2007,LBN,Middle East and North Africa,44.08,85.51,30,0.25,8.98,0.65,0.2,,18.14,0.73,,
Lebanon,2008,LBN,Middle East and North Africa,44.86,85.85,30,0.25,7.67,0.65,0.2,,21.84,0.99,,
Lebanon,2009,LBN,Middle East and North Africa,44.57,86.2,25,0.26,6.35,0.64,0.2,,24.53,0.84,,
Lebanon,2010,LBN,Middle East and North Africa,43.59,86.54,25,0.27,6.84,0.65,0.2,,24.46,2.35,,
Lebanon,2011,LBN,Middle East and North Africa,40.19,86.89,25,0.27,7.38,0.65,0.2,,24.41,0.66,,
Lebanon,2012,LBN,Middle East and North Africa,37.34,87.23,30,0.27,7.83,0.66,0.2,,23.97,1.05,,
Lebanon,2013,LBN,Middle East and North Africa,36.95,87.58,28,0.28,8.28,0.65,0.21,,22.13,1.26,,
Lebanon,2014,LBN,Middle East and North Africa,35.57,87.92,27,0.28,8.77,0.65,0.21,,22.16,1.05,,
Lebanon,2015,LBN,Middle East and North Africa,32.7,88.27,28,0.28,9.26,0.65,0.21,,17.95,1.38,,
Lebanon,2016,LBN,Middle East and North Africa,31.97,88.61,28,0.28,9.72,0.65,0.21,,17.63,1.63,,
Lebanon,2017,LBN,Middle East and North Africa,33.07,88.96,28,0.28,10.21,0.65,0.21,,17.59,1.02,,
Lebanon,2018,LBN,Middle East and North Africa,35.28,89.3,28,0.26,10.73,0.65,0.21,,17.25,2.15,,
Lebanon,2019,LBN,Middle East and North Africa,36.26,89.6,28,0.25,11.3,0.65,0.22,,17.1,1.41,,
Lebanon,2020,LBN,Middle East and North Africa,44.2,89.6,25,0.25,12.97,0.65,,,,1.62,,
Lebanon,2021,LBN,Middle East and North Africa,,,24,0.25,12.5,0.65,,,,2.04,,
Lebanon,2022,LBN,Middle East and North Africa,,,24,0.25,,,,,,1.29,,
Lesotho,2000,LSO,Sub-Saharan Africa,39.73,8.85,,0.17,17,0.69,0.31,28.28,7.2,0.33,,
Lesotho,2001,LSO,Sub-Saharan Africa,28.39,9.72,,0.17,17,0.68,0.32,30.33,7.08,0.59,,
Lesotho,2002,LSO,Sub-Saharan Africa,29.22,10.61,,0.25,17.06,0.67,0.32,31.85,6.62,0.62,,
Lesotho,2003,LSO,Sub-Saharan Africa,32.47,11.53,,0.3,16.95,0.67,0.32,33.15,7.18,0.78,,
Lesotho,2004,LSO,Sub-Saharan Africa,31.5,12.46,,0.3,17.02,0.66,0.32,35.97,7.4,0.83,,
Lesotho,2005,LSO,Sub-Saharan Africa,34.39,13.42,34,0.37,16.97,0.66,0.32,38.52,7.8,0.89,,
Lesotho,2006,LSO,Sub-Saharan Africa,30.02,14.41,32,0.37,16.94,0.66,0.32,40.06,7.84,0.36,,
Lesotho,2007,LSO,Sub-Saharan Africa,24.66,15.37,33,0.35,16.93,0.65,0.32,43.27,8.14,0.66,,
Lesotho,2008,LSO,Sub-Saharan Africa,22.37,16.35,32,0.34,16.88,0.65,0.32,46.44,8.3,0.36,,
Lesotho,2009,LSO,Sub-Saharan Africa,20.12,17.35,33,0.34,17.05,0.65,0.32,50.93,9.28,0.42,,
Lesotho,2010,LSO,Sub-Saharan Africa,20.56,18.37,35,0.34,16.87,0.64,0.32,56.26,10.78,1.03,,
Lesotho,2011,LSO,Sub-Saharan Africa,17.6,19.42,35,0.34,16.87,0.64,0.32,59.76,11.64,0.33,,
Lesotho,2012,LSO,Sub-Saharan Africa,18.07,20.41,45,0.35,16.81,0.64,0.32,62.18,11.2,0.66,,
Lesotho,2013,LSO,Sub-Saharan Africa,15.87,21.42,49,0.38,16.92,0.63,0.32,60.41,10.44,0.87,,
Lesotho,2014,LSO,Sub-Saharan Africa,15.3,22.45,49,0.38,16.9,0.63,0.32,60.22,10.2,1.09,,
Lesotho,2015,LSO,Sub-Saharan Africa,15.84,23.5,44,0.37,16.85,0.63,0.33,60.68,9.83,1.53,,
Lesotho,2016,LSO,Sub-Saharan Africa,16.51,24.56,39,0.36,16.83,0.62,0.33,58.52,9.5,2.02,,
Lesotho,2017,LSO,Sub-Saharan Africa,16.49,25.64,42,0.33,16.99,0.62,0.33,62.01,9.86,1.22,,
Lesotho,2018,LSO,Sub-Saharan Africa,14.28,26.74,41,0.38,16.92,0.62,0.33,65.39,9.54,1.1,,
Lesotho,2019,LSO,Sub-Saharan Africa,14.03,27.87,40,0.39,16.88,0.62,0.33,64.08,9.66,1.67,,
Lesotho,2020,LSO,Sub-Saharan Africa,14.55,29.02,41,0.4,18.46,0.62,,,,0.79,,
Lesotho,2021,LSO,Sub-Saharan Africa,,,38,0.39,18.29,0.62,,,,1.2,,
Lesotho,2022,LSO,Sub-Saharan Africa,,,37,0.4,,,,,,1.37,,
Liberia,2000,LBR,Sub-Saharan Africa,70.1,7.38,,0.17,2.12,0.56,0.24,35.94,1.61,0.56,,
Liberia,2001,LBR,Sub-Saharan Africa,59.23,7.49,,0.17,2.2,0.56,0.25,,1.53,0.51,,
Liberia,2002,LBR,Sub-Saharan Africa,63.97,7.6,,0.17,2.21,0.56,0.25,,1.49,0.88,,
Liberia,2003,LBR,Sub-Saharan Africa,66.06,7.72,,0.16,2.26,0.56,0.23,,1.46,0.94,,
Liberia,2004,LBR,Sub-Saharan Africa,78.38,7.83,,0.16,2.23,0.56,0.22,,1.43,0.91,,
Liberia,2005,LBR,Sub-Saharan Africa,73.69,7.94,22,0.17,2.23,0.56,0.22,,1.4,1.11,,
Liberia,2006,LBR,Sub-Saharan Africa,70.02,8.35,,0.35,2.23,0.56,0.22,,1.38,1.12,,
Liberia,2007,LBR,Sub-Saharan Africa,69.34,8.77,21,0.36,2.23,0.56,0.22,,1.34,1.04,,
Liberia,2008,LBR,Sub-Saharan Africa,63.32,9.21,24,0.36,2.25,0.55,0.21,,1.29,1.13,,
Liberia,2009,LBR,Sub-Saharan Africa,49.34,9.65,31,0.36,2.26,0.55,0.21,,1.24,1.37,,
Liberia,2010,LBR,Sub-Saharan Africa,50.87,10.11,33,0.37,2.27,0.55,0.21,,1.2,1.42,,
Liberia,2011,LBR,Sub-Saharan Africa,48.2,10.57,32,0.37,2.21,0.54,0.21,46.36,1.17,1.1,,
Liberia,2012,LBR,Sub-Saharan Africa,45.27,11.05,41,0.36,2.16,0.54,0.21,,1.15,0.87,,
Liberia,2013,LBR,Sub-Saharan Africa,48.11,11.55,38,0.35,2.11,0.54,0.2,,1.13,0.98,,
Liberia,2014,LBR,Sub-Saharan Africa,51.15,12.05,37,0.35,2.08,0.53,0.2,38.57,1.1,0.93,,
Liberia,2015,LBR,Sub-Saharan Africa,46.69,12.57,37,0.35,2.58,0.54,0.2,37.9,1.09,1.29,,
Liberia,2016,LBR,Sub-Saharan Africa,46.88,13.11,37,0.35,3.08,0.55,0.2,,1.08,1.41,,
Liberia,2017,LBR,Sub-Saharan Africa,44.01,13.66,31,0.35,3.04,0.55,0.2,,1.06,1.54,,
Liberia,2018,LBR,Sub-Saharan Africa,43.41,14.23,32,0.34,3.03,0.55,0.2,,1.04,1.31,,
Liberia,2019,LBR,Sub-Saharan Africa,54.36,14.44,28,0.34,3.02,0.55,0.19,,1.03,1.49,,
Liberia,2020,LBR,Sub-Saharan Africa,46.92,14.53,28,0.35,3.84,0.55,,39.7,,1.59,,
Liberia,2021,LBR,Sub-Saharan Africa,,,29,0.35,3.67,0.55,,,,1.47,,
Liberia,2022,LBR,Sub-Saharan Africa,,,26,0.35,,,,,,1.56,,
Libya,2000,LBY,Middle East and North Africa,51.29,75.49,,0.04,19.81,0.56,0.21,,26.41,0.31,,
Libya,2001,LBY,Middle East and North Africa,45.53,76.27,,0.04,19.81,0.56,0.21,,23.98,1.29,,
Libya,2002,LBY,Middle East and North Africa,33.09,77.05,,0.04,19.75,0.56,0.22,107.59,21.57,0.91,,
Libya,2003,LBY,Middle East and North Africa,33.76,77.83,21,0.04,19.57,0.56,0.22,103.88,17.15,0.95,,
Libya,2004,LBY,Middle East and North Africa,34.21,78.61,25,0.04,19.61,0.55,0.22,,15.07,0.75,,
Libya,2005,LBY,Middle East and North Africa,35.35,79.39,25,0.04,19.49,0.55,0.23,92.45,15.52,0.72,,
Libya,2006,LBY,Middle East and North Africa,34.63,80.17,27,0.04,19.49,0.55,0.23,97.9,17.06,0.81,,
Libya,2007,LBY,Middle East and North Africa,33.44,80.95,25,0.04,19.44,0.55,0.23,,15.1,0.86,,
Libya,2008,LBY,Middle East and North Africa,32.27,81.73,26,0.04,19.43,0.55,0.23,,17.29,0.88,,
Libya,2009,LBY,Middle East and North Africa,31.1,82.51,25,0.04,19.41,0.54,0.23,,16.85,0.76,,
Libya,2010,LBY,Middle East and North Africa,29.97,83.29,22,0.04,19.31,0.54,0.23,,17.88,2.07,,
Libya,2011,LBY,Middle East and North Africa,36.67,84.07,20,0.1,19.45,0.54,0.24,,11.01,0.82,,
Libya,2012,LBY,Middle East and North Africa,,84.85,21,0.22,19.03,0.53,0.24,,17,0.77,,
Libya,2013,LBY,Middle East and North Africa,,85.63,15,0.32,19.46,0.54,0.24,,17.16,1.24,,
Libya,2014,LBY,Middle East and North Africa,,86.41,18,0.18,19.61,0.54,0.25,,16.07,1.24,,
Libya,2015,LBY,Middle East and North Africa,,87.18,16,0.18,19.52,0.55,0.25,,14.95,0.71,,
Libya,2016,LBY,Middle East and North Africa,,87.96,14,0.18,19.52,0.55,0.25,,15.1,1.59,,
Libya,2017,LBY,Middle East and North Africa,,88.74,17,0.17,19.29,0.54,0.25,,15.74,0.53,,
Libya,2018,LBY,Middle East and North Africa,,89.52,17,0.17,19.45,0.54,0.25,,13.73,1.74,,
Libya,2019,LBY,Middle East and North Africa,,89.52,18,0.17,19.61,0.54,0.25,,13.1,0.92,,
Libya,2020,LBY,Middle East and North Africa,,89.52,17,0.17,20.34,0.54,,,,1.17,,
Libya,2021,LBY,Middle East and North Africa,,,17,0.18,20.61,0.54,,,,1.92,,
Libya,2022,LBY,Middle East and North Africa,,,17,0.16,,,,,,0.56,,
Lithuania,2000,LTU,Europe and Central Asia,27.15,78.74,41,0.61,15.93,0.46,0.46,96.92,18.72,2.03,,
Lithuania,2001,LTU,Europe and Central Asia,27.59,79.66,48,0.61,16.84,0.47,0.47,99.62,18.41,1.8,,
Lithuania,2002,LTU,Europe and Central Asia,25.6,80.58,48,0.6,13.01,0.46,0.45,102.29,21.27,1.92,,
Lithuania,2003,LTU,Europe and Central Asia,24.18,81.52,47,0.61,12.87,0.46,0.45,105.02,21.53,0.18,,
Lithuania,2004,LTU,Europe and Central Asia,32.92,82.48,46,0.61,10.68,0.49,0.45,103.01,22.4,0.88,,
Lithuania,2005,LTU,Europe and Central Asia,32.78,83.47,48,0.6,8.32,0.49,0.44,104.5,23.25,1.21,,
Lithuania,2006,LTU,Europe and Central Asia,31.86,84.5,48,0.59,5.78,0.47,0.43,107,25.54,0.92,,
Lithuania,2007,LTU,Europe and Central Asia,28.4,85.55,48,0.59,4.25,0.49,0.42,106.93,28.58,2.2,,
Lithuania,2008,LTU,Europe and Central Asia,28.17,86.6,46,0.6,5.83,0.5,0.43,106.11,27.94,2.22,,
Lithuania,2009,LTU,Europe and Central Asia,26.82,87.64,49,0.62,13.79,0.5,0.49,104.76,22.51,1.4,,
Lithuania,2010,LTU,Europe and Central Asia,27.59,88.68,50,0.62,17.81,0.47,0.5,105.07,22.54,0.77,,
Lithuania,2011,LTU,Europe and Central Asia,28.22,89.75,48,0.62,15.39,0.47,0.48,106.01,26,0.96,,
Lithuania,2012,LTU,Europe and Central Asia,31.8,90.86,54,0.61,13.36,0.49,0.45,106.17,25.47,1.37,,
Lithuania,2013,LTU,Europe and Central Asia,32.82,91.97,57,0.6,11.77,0.5,0.44,108.99,25.69,0.97,,
Lithuania,2014,LTU,Europe and Central Asia,31.49,93.09,58,0.63,10.7,0.53,0.44,108.18,27.31,2.24,,
Lithuania,2015,LTU,Europe and Central Asia,31.84,93.54,59,0.63,9.12,0.5,0.44,107.67,26.76,2.1,,
Lithuania,2016,LTU,Europe and Central Asia,32.32,93.99,59,0.62,7.86,0.5,0.45,107.43,26.55,1.94,,
Lithuania,2017,LTU,Europe and Central Asia,32.59,94.44,59,0.61,7.07,0.51,0.44,108.4,27.55,1.54,,
Lithuania,2018,LTU,Europe and Central Asia,31.52,94.87,59,0.61,6.15,0.5,0.43,108.24,29.06,2.43,,
Lithuania,2019,LTU,Europe and Central Asia,32.27,94.9,60,0.63,6.26,0.63,0.43,108.45,29.15,2.64,,
Lithuania,2020,LTU,Europe and Central Asia,28.69,94.92,60,0.61,8.49,0.63,,108.73,,3.45,,
Lithuania,2021,LTU,Europe and Central Asia,,,61,0.59,7.11,0.63,,,,1.79,,
Lithuania,2022,LTU,Europe and Central Asia,,,62,0.59,,,,,,1.96,,
Luxembourg,2000,LUX,Europe and Central Asia,14.25,100,86,0.6,2.35,0.5,0.29,97.06,137.01,1.65,,
Luxembourg,2001,LUX,Europe and Central Asia,13.66,100,87,0.6,1.81,0.5,0.29,97.24,140.58,1.43,,
Luxembourg,2002,LUX,Europe and Central Asia,13.86,100,90,0.6,2.62,0.48,0.29,96.26,139.85,1.39,,
Luxembourg,2003,LUX,Europe and Central Asia,13.26,100,87,0.6,3.68,0.48,0.29,96.11,141.31,1.69,,
Luxembourg,2004,LUX,Europe and Central Asia,12.78,100,84,0.6,5.11,0.52,0.29,95.46,146.05,1.01,,
Luxembourg,2005,LUX,Europe and Central Asia,12.93,100,85,0.64,4.49,0.52,0.31,95.36,147.66,1.13,,
Luxembourg,2006,LUX,Europe and Central Asia,13.38,100,86,0.64,4.73,0.49,0.31,95.91,145.65,1.36,,
Luxembourg,2007,LUX,Europe and Central Asia,10.31,100,84,0.64,4.07,0.52,0.31,96.72,152.04,1.94,,
Luxembourg,2008,LUX,Europe and Central Asia,10.06,100,83,0.64,5.06,0.51,0.32,97.48,149.95,1.28,,
Luxembourg,2009,LUX,Europe and Central Asia,9.9,100,82,0.65,5.12,0.48,0.34,,142.58,1.19,,
Luxembourg,2010,LUX,Europe and Central Asia,10.23,100,85,0.65,4.36,0.47,0.35,101.29,145.06,0.33,,
Luxembourg,2011,LUX,Europe and Central Asia,10.88,100,85,0.65,4.9,0.47,0.35,101.02,145.57,1.34,,
Luxembourg,2012,LUX,Europe and Central Asia,11.49,99.95,80,0.64,5.14,0.5,0.36,100.36,145.59,1.26,,1.585217391
Luxembourg,2013,LUX,Europe and Central Asia,11.22,99.9,80,0.64,5.85,0.48,0.38,102.74,144.44,0.57,,
Luxembourg,2014,LUX,Europe and Central Asia,11.11,99.85,82,0.64,5.85,0.48,0.4,102.71,145.23,2.48,,
Luxembourg,2015,LUX,Europe and Central Asia,10.75,99.81,85,0.64,6.67,0.45,0.38,102.32,141.57,1.53,,
Luxembourg,2016,LUX,Europe and Central Asia,10.77,99.77,81,0.64,6.29,0.47,0.37,103.67,138.2,1.88,,
Luxembourg,2017,LUX,Europe and Central Asia,10.69,99.72,82,0.64,5.52,0.49,0.37,103.66,136.57,1.65,,
Luxembourg,2018,LUX,Europe and Central Asia,10.47,99.69,81,0.64,5.59,0.48,0.39,104.3,132.97,2.47,,
Luxembourg,2019,LUX,Europe and Central Asia,9.62,99.69,80,0.64,5.59,0.46,0.39,104.7,132.3,2.16,,
Luxembourg,2020,LUX,Europe and Central Asia,8.45,99.7,80,0.63,6.77,0.48,,107.18,,2.63,,
Luxembourg,2021,LUX,Europe and Central Asia,,,81,0.63,5.25,0.48,,,,1.16,,
Luxembourg,2022,LUX,Europe and Central Asia,,,77,0.58,,,,,,2.93,,
Macao,2000,MAC,East Asia and Pacific,,100,,,6.87,0.5,,83.09,40.72,0.3,,
Macao,2001,MAC,East Asia and Pacific,,100,,,6.39,0.51,,85.85,41.28,0.85,,
Macao,2002,MAC,East Asia and Pacific,,100,,,6.27,0.53,,85.59,43.11,0.96,,
Macao,2003,MAC,East Asia and Pacific,,100,,,6,0.54,,85.76,43.88,0.99,,
Macao,2004,MAC,East Asia and Pacific,,100,,,4.9,0.55,,87.01,44.87,0.7,,
Macao,2005,MAC,East Asia and Pacific,,100,,,4.16,0.56,,86.25,45.9,0.73,,
Macao,2006,MAC,East Asia and Pacific,,100,,,3.82,0.56,,87.13,47.14,0.9,,
Macao,2007,MAC,East Asia and Pacific,,100,,,3.27,0.56,,87.9,48.31,1.01,,
Macao,2008,MAC,East Asia and Pacific,,100,54,,3,0.56,,83.79,48.36,0.42,,
Macao,2009,MAC,East Asia and Pacific,,100,53,,3.58,0.56,,84.64,47.53,0.91,,
Macao,2010,MAC,East Asia and Pacific,,100,66,,2.84,0.57,,87.78,48.01,0.37,,
Macao,2011,MAC,East Asia and Pacific,,100,57,,2.56,0.56,,91.33,48.54,0.33,,
Macao,2012,MAC,East Asia and Pacific,,100,50,,1.97,0.55,,92.07,47.73,0.53,,
Macao,2013,MAC,East Asia and Pacific,,100,51,,1.82,0.56,,92.38,48.34,0.76,,
Macao,2014,MAC,East Asia and Pacific,,100,,,1.67,0.55,,93.21,49.31,0.7,,
Macao,2015,MAC,East Asia and Pacific,,100,,,1.81,0.56,,94.54,48.25,1.18,,
Macao,2016,MAC,East Asia and Pacific,,100,,,1.94,0.56,,98.56,48.55,0.77,,
Macao,2017,MAC,East Asia and Pacific,,100,,,1.99,0.56,,99.99,49.08,1.34,,
Macao,2018,MAC,East Asia and Pacific,,100,,,1.83,0.56,,101.04,49.58,1.18,,
Macao,2019,MAC,East Asia and Pacific,,100,,,1.75,0.56,,101.04,50.04,1.78,,
Macao,2020,MAC,East Asia and Pacific,,100,,,2.57,0.43,,102.58,,1.88,,
Macao,2021,MAC,East Asia and Pacific,,,,,2.25,0.43,,104.93,,2.02,,
Macao,2022,MAC,East Asia and Pacific,,,,,,,,,,1.43,,
Madagascar,2000,MDG,Sub-Saharan Africa,38.68,6.7,,0.33,5.8,0.61,0.35,,4.33,0.45,,
Madagascar,2001,MDG,Sub-Saharan Africa,33.54,7.28,,0.32,5.35,0.65,0.35,,4.48,0.64,,
Madagascar,2002,MDG,Sub-Saharan Africa,37.26,7.89,17,0.28,5.5,0.64,0.34,,4.12,0.58,,
Madagascar,2003,MDG,Sub-Saharan Africa,36.39,8.5,26,0.31,5.01,0.63,0.34,,4.16,0.68,,
Madagascar,2004,MDG,Sub-Saharan Africa,30.56,9.14,31,0.31,3.85,0.62,0.33,,3.45,0.51,,
Madagascar,2005,MDG,Sub-Saharan Africa,33.11,9.86,28,0.31,2.62,0.61,0.33,21.47,3.72,0.6,,
Madagascar,2006,MDG,Sub-Saharan Africa,31.63,10.6,31,0.3,2.93,0.61,0.33,24.26,3.84,0.84,,
Madagascar,2007,MDG,Sub-Saharan Africa,33.49,11.36,32,0.32,3.25,0.61,0.32,26.83,4.03,0.74,,
Madagascar,2008,MDG,Sub-Saharan Africa,36.96,12.14,34,0.32,3.56,0.62,0.33,29.36,4.23,0.56,,
Madagascar,2009,MDG,Sub-Saharan Africa,37.38,12.95,30,0.17,4,0.62,0.32,30.65,4.27,0.9,,
Madagascar,2010,MDG,Sub-Saharan Africa,36.51,13.77,26,0.15,4.28,0.62,0.31,,4.08,1.19,,
Madagascar,2011,MDG,Sub-Saharan Africa,28.5,14.62,30,0.15,2.44,0.62,0.32,36.75,3.91,1.13,,
Madagascar,2012,MDG,Sub-Saharan Africa,33.24,15.49,32,0.15,0.6,0.61,0.32,38.11,3.99,0.88,,
Madagascar,2013,MDG,Sub-Saharan Africa,35.71,16.38,28,0.18,1,0.61,0.32,,3.9,0.75,,
Madagascar,2014,MDG,Sub-Saharan Africa,28.38,17.28,28,0.3,1.39,0.61,0.32,38.35,3.84,0.78,,
Madagascar,2015,MDG,Sub-Saharan Africa,25.35,18.21,28,0.31,1.79,0.61,0.33,38.51,3.79,1.13,,
Madagascar,2016,MDG,Sub-Saharan Africa,23.39,19.16,26,0.31,1.8,0.61,0.33,38.31,3.53,1.15,,
Madagascar,2017,MDG,Sub-Saharan Africa,25.41,20.13,24,0.31,1.82,0.61,0.34,36.9,3.71,1.38,,
Madagascar,2018,MDG,Sub-Saharan Africa,28.99,21.12,25,0.31,1.83,0.61,0.36,36.53,3.88,0.98,,
Madagascar,2019,MDG,Sub-Saharan Africa,32.27,22.13,24,0.3,1.84,0.61,0.36,34.6,3.62,1.44,,
Madagascar,2020,MDG,Sub-Saharan Africa,34.04,23.15,25,0.3,2.36,0.61,,,,1.14,,
Madagascar,2021,MDG,Sub-Saharan Africa,,,26,0.3,2.31,0.61,,,,1.19,,
Madagascar,2022,MDG,Sub-Saharan Africa,,,26,0.29,,,,,,0.86,,
Malawi,2000,MWI,Sub-Saharan Africa,10.92,6.35,41,0.29,4.92,0.61,0.42,31.29,2.13,0.8,,
Malawi,2001,MWI,Sub-Saharan Africa,12.48,6.79,32,0.29,4.99,0.61,0.41,31.97,2.04,0.59,,
Malawi,2002,MWI,Sub-Saharan Africa,14.81,7.25,29,0.29,4.93,0.61,0.41,30.77,2.18,0.96,,
Malawi,2003,MWI,Sub-Saharan Africa,12.07,7.71,28,0.29,4.9,0.61,0.4,,2.03,0.98,,
Malawi,2004,MWI,Sub-Saharan Africa,9.7,8.19,28,0.22,4.91,0.61,0.4,28.19,1.91,0.88,,
Malawi,2005,MWI,Sub-Saharan Africa,9.1,8.68,28,0.22,4.94,0.62,0.39,28.04,1.97,1.37,,
Malawi,2006,MWI,Sub-Saharan Africa,8.92,9.18,27,0.23,4.93,0.62,0.39,30.02,2.01,1,,
Malawi,2007,MWI,Sub-Saharan Africa,11.72,9.7,27,0.23,4.89,0.63,0.39,29.75,2.04,0.9,,
Malawi,2008,MWI,Sub-Saharan Africa,10.37,10.22,28,0.23,4.92,0.64,0.38,32.13,2.28,0.51,,
Malawi,2009,MWI,Sub-Saharan Africa,11.24,10.77,33,0.25,4.92,0.64,0.37,32.73,2.39,0.65,,
Malawi,2010,MWI,Sub-Saharan Africa,10.93,11.33,34,0.26,4.94,0.65,0.37,33.98,2.49,1.03,,
Malawi,2011,MWI,Sub-Saharan Africa,8.96,11.9,30,0.26,4.97,0.65,0.37,35.09,2.36,0.77,,
Malawi,2012,MWI,Sub-Saharan Africa,10.24,12.5,37,0.27,5,0.66,0.36,35.32,2.25,0.93,,
Malawi,2013,MWI,Sub-Saharan Africa,6.71,13.11,37,0.28,4.98,0.66,0.36,38.44,2.4,0.68,,
Malawi,2014,MWI,Sub-Saharan Africa,8.18,13.74,33,0.34,4.97,0.66,0.36,40.21,2.41,1.13,,
Malawi,2015,MWI,Sub-Saharan Africa,10.98,14.39,31,0.34,4.99,0.67,0.36,40.77,2.33,1.14,,
Malawi,2016,MWI,Sub-Saharan Africa,12.41,15.06,31,0.34,4.98,0.67,0.36,39.18,2.35,1.36,,
Malawi,2017,MWI,Sub-Saharan Africa,12.7,15.75,31,0.35,4.96,0.64,0.35,39.89,2.41,1.02,,
Malawi,2018,MWI,Sub-Saharan Africa,12.82,16.46,32,0.33,4.95,0.61,0.35,40.28,2.48,1.02,,
Malawi,2019,MWI,Sub-Saharan Africa,16.86,17.18,31,0.31,4.93,0.59,0.35,37.08,2.41,1.22,,
Malawi,2020,MWI,Sub-Saharan Africa,19.53,17.93,30,0.37,5.68,0.59,,,,1.31,,
Malawi,2021,MWI,Sub-Saharan Africa,,,35,0.41,5.66,0.59,,,,0.76,,
Malawi,2022,MWI,Sub-Saharan Africa,,,34,0.41,,,,,,0.82,,
Malaysia,2000,MYS,East Asia and Pacific,40.7,92.58,48,0.2,3,0.58,0.26,77.41,25.66,0.45,,
Malaysia,2001,MYS,East Asia and Pacific,35.69,92.7,50,0.2,3.53,0.57,0.26,76.9,24.09,0.69,,
Malaysia,2002,MYS,East Asia and Pacific,34.64,92.76,49,0.2,3.48,0.57,0.25,77.02,25.23,0.79,,
Malaysia,2003,MYS,East Asia and Pacific,34.5,92.83,52,0.2,3.61,0.57,0.26,82.9,25.12,0.78,,
Malaysia,2004,MYS,East Asia and Pacific,36.11,92.9,50,0.21,3.54,0.57,0.26,84.13,26.31,0.76,,
Malaysia,2005,MYS,East Asia and Pacific,38.04,92.97,51,0.21,3.53,0.57,0.26,80.66,27.35,0.94,,
Malaysia,2006,MYS,East Asia and Pacific,34.73,93.04,50,0.22,3.32,0.58,0.26,79.73,27.4,0.71,,
Malaysia,2007,MYS,East Asia and Pacific,35.12,93.11,51,0.22,3.23,0.58,0.26,77.48,28.35,0.76,,
Malaysia,2008,MYS,East Asia and Pacific,35.54,93.18,51,0.22,3.32,0.57,0.26,77.11,30.31,0.63,,
Malaysia,2009,MYS,East Asia and Pacific,32.19,93.25,45,0.22,3.66,0.57,0.26,76.12,28.01,0.87,,
Malaysia,2010,MYS,East Asia and Pacific,34.12,93.32,44,0.23,3.39,0.56,0.26,77.27,30.83,1.11,,
Malaysia,2011,MYS,East Asia and Pacific,34.01,93.37,43,0.22,3.05,0.55,0.26,77.47,30.85,0.75,,
Malaysia,2012,MYS,East Asia and Pacific,33.04,93.42,49,0.22,3.1,0.55,0.26,81.48,32.61,0.9,,
Malaysia,2013,MYS,East Asia and Pacific,33.67,93.47,50,0.23,3.16,0.53,0.27,81.87,35.53,1.12,,
Malaysia,2014,MYS,East Asia and Pacific,33.04,93.52,52,0.22,2.88,0.52,0.27,85.35,35.57,1.2,,
Malaysia,2015,MYS,East Asia and Pacific,33.71,93.57,50,0.22,3.1,0.52,0.27,84.93,34.79,1.37,,
Malaysia,2016,MYS,East Asia and Pacific,35.95,93.63,49,0.22,3.44,0.52,0.27,84.71,34.97,1.84,,
Malaysia,2017,MYS,East Asia and Pacific,35.93,93.68,47,0.22,3.41,0.52,0.28,85.45,34.51,1.42,,
Malaysia,2018,MYS,East Asia and Pacific,36.64,93.72,47,0.27,3.3,0.52,0.28,81.99,34.68,1.44,,
Malaysia,2019,MYS,East Asia and Pacific,36.06,93.77,53,0.28,3.26,0.52,0.28,83.75,34.33,1.7,,
Malaysia,2020,MYS,East Asia and Pacific,35.89,93.82,51,0.26,4.54,0.52,,82.46,,1.69,,
Malaysia,2021,MYS,East Asia and Pacific,,,48,0.26,4.05,0.52,,84.4,,1.47,,
Malaysia,2022,MYS,East Asia and Pacific,,,47,0.26,,,,,,1.37,,
Maldives,2000,MDV,South Asia,62.99,90.43,,0.07,1.97,0.67,0.19,51.29,16.86,0.26,,
Maldives,2001,MDV,South Asia,57.46,90.85,,0.07,3.03,0.67,0.18,60.85,17.16,0.46,,
Maldives,2002,MDV,South Asia,51.88,91.26,,0.07,4.17,0.67,0.18,61.07,17.13,0.62,,
Maldives,2003,MDV,South Asia,53.81,91.66,,0.08,5.31,0.66,0.18,67.71,17.17,0.52,,
Maldives,2004,MDV,South Asia,59.5,92.06,,0.09,6.37,0.64,0.18,67.87,17.02,0.39,,
Maldives,2005,MDV,South Asia,55.66,92.45,,0.11,7.33,0.63,0.18,,16.71,0.78,,
Maldives,2006,MDV,South Asia,49.92,92.81,,0.12,8.78,0.62,0.17,,16.12,0.32,,
Maldives,2007,MDV,South Asia,47.22,93.12,,0.14,9.7,0.61,0.2,,15.82,0.36,,
Maldives,2008,MDV,South Asia,33.1,93.55,28,0.22,10.82,0.59,0.21,,15.39,0.17,,
Maldives,2009,MDV,South Asia,34.32,93.97,25,0.28,11.7,0.58,0.21,,15.09,0.53,,
Maldives,2010,MDV,South Asia,40.08,94.39,23,0.32,11.01,0.57,0.2,,15.02,0.68,,
Maldives,2011,MDV,South Asia,39.69,94.8,25,0.4,10.15,0.56,0.19,,14.76,0.56,,
Maldives,2012,MDV,South Asia,32.19,95.22,,0.36,9.22,0.55,0.18,,14.14,0.57,,
Maldives,2013,MDV,South Asia,32.29,95.63,,0.29,8.39,0.54,0.16,,13.68,0.66,,
Maldives,2014,MDV,South Asia,28.12,96.04,,0.26,7.52,0.53,0.15,,13.31,0.77,,
Maldives,2015,MDV,South Asia,19.45,96.44,,0.24,6.62,0.51,0.14,,12.88,0.98,,
Maldives,2016,MDV,South Asia,18.93,96.84,36,0.22,5.77,0.51,0.13,,12.55,1.56,,
Maldives,2017,MDV,South Asia,20.59,97.24,33,0.22,5.37,0.51,0.12,,12.32,1.13,,
Maldives,2018,MDV,South Asia,19.78,97.42,31,0.24,4.97,0.51,0.11,85.28,12.14,0.84,,
Maldives,2019,MDV,South Asia,17.46,97.54,29,0.33,4.56,0.51,0.11,81.33,12.07,1.13,,
Maldives,2020,MDV,South Asia,16.91,97.57,43,0.33,5.34,0.51,,,,1.17,,
Maldives,2021,MDV,South Asia,,,40,0.34,5.26,0.51,,,,1.12,,
Maldives,2022,MDV,South Asia,,,40,0.32,,,,,,0.78,,
Mali,2000,MLI,Sub-Saharan Africa,68.82,20.2,,0.36,1.31,0.6,0.2,17.45,3.46,0.65,,
Mali,2001,MLI,Sub-Saharan Africa,67.79,20.88,,0.36,1.23,0.59,0.21,,4.49,0.58,,
Mali,2002,MLI,Sub-Saharan Africa,61.75,21.57,,0.41,1.3,0.59,0.21,,5.27,1.25,,
Mali,2003,MLI,Sub-Saharan Africa,61.2,22.26,30,0.43,1.27,0.58,0.21,22.13,5.96,1.24,,
Mali,2004,MLI,Sub-Saharan Africa,55.61,22.96,32,0.43,1.32,0.58,0.21,23.99,7.27,1.21,,
Mali,2005,MLI,Sub-Saharan Africa,57.02,23.67,29,0.42,1.29,0.58,0.21,25.83,7.61,1.4,,
Mali,2006,MLI,Sub-Saharan Africa,56.74,24.38,28,0.42,1.31,0.58,0.22,27.71,8.22,1.1,,
Mali,2007,MLI,Sub-Saharan Africa,61.35,25.1,27,0.41,1.32,0.56,0.22,30.31,8.34,0.93,,
Mali,2008,MLI,Sub-Saharan Africa,63.22,25.82,31,0.4,1.32,0.55,0.21,33.73,8.98,0.55,,
Mali,2009,MLI,Sub-Saharan Africa,61.84,26.55,28,0.4,1.33,0.53,0.22,36.67,8.37,0.96,,
Mali,2010,MLI,Sub-Saharan Africa,56.27,27.28,27,0.39,1.33,0.53,0.22,39.29,9.62,1.63,,
Mali,2011,MLI,Sub-Saharan Africa,50,28.01,28,0.4,1.35,0.54,0.21,41.23,9.41,1.21,,
Mali,2012,MLI,Sub-Saharan Africa,44.74,28.86,34,0.26,1.38,0.54,0.22,,9.27,0.43,,
Mali,2013,MLI,Sub-Saharan Africa,34.85,29.72,28,0.23,1.37,0.54,0.22,41.82,9.34,0.97,,
Mali,2014,MLI,Sub-Saharan Africa,33.55,30.6,32,0.34,1.35,0.55,0.23,44.02,9.38,0.79,,
Mali,2015,MLI,Sub-Saharan Africa,34.17,31.5,35,0.34,1.36,0.55,0.23,41.72,9.37,1.02,,
Mali,2016,MLI,Sub-Saharan Africa,35.75,32.41,32,0.34,1.37,0.55,0.22,42.99,10.12,1.09,,
Mali,2017,MLI,Sub-Saharan Africa,37.5,33.35,31,0.33,1.49,0.56,0.22,41.52,9.9,1.35,,
Mali,2018,MLI,Sub-Saharan Africa,32.55,34.3,32,0.32,1.62,0.56,0.24,41.03,9.83,1.04,,
Mali,2019,MLI,Sub-Saharan Africa,30.97,35.27,29,0.32,1.62,0.56,0.25,,10.16,1.09,,
Mali,2020,MLI,Sub-Saharan Africa,28.66,36.26,30,0.24,3.53,0.56,,37.29,,1.01,,
Mali,2021,MLI,Sub-Saharan Africa,,,29,0.18,2.6,0.56,,,,1.69,,
Mali,2022,MLI,Sub-Saharan Africa,,,28,0.18,,,,,,0.89,,
Malta,2000,MLT,Middle East and North Africa,26.37,100,,0.53,6.32,0.42,0.27,89.18,30.97,1.06,,
Malta,2001,MLT,Middle East and North Africa,29.67,100,,0.53,7.11,0.42,0.26,89.87,30.83,1.67,,
Malta,2002,MLT,Middle East and North Africa,28.74,100,,0.55,6.9,0.42,0.28,90.58,31.4,0.94,,
Malta,2003,MLT,Middle East and North Africa,28.84,100,,0.55,7.49,0.42,0.26,92.95,31.63,1.4,,
Malta,2004,MLT,Middle East and North Africa,28.17,100,68,0.55,7.32,0.42,0.26,104.5,32.27,0.7,,
Malta,2005,MLT,Middle East and North Africa,28.86,100,66,0.55,6.92,0.42,0.27,101.94,32.86,0.67,,
Malta,2006,MLT,Middle East and North Africa,29.62,100,64,0.55,6.8,0.42,0.27,97.99,33.73,1,,
Malta,2007,MLT,Middle East and North Africa,31.08,100,58,0.55,6.47,0.43,0.28,99.94,34.86,1.4,,
Malta,2008,MLT,Middle East and North Africa,32.99,100,58,0.56,5.98,0.43,0.29,100.21,35.27,1.27,,
Malta,2009,MLT,Middle East and North Africa,32.46,100,52,0.57,6.89,0.44,0.3,,36.06,1.08,,
Malta,2010,MLT,Middle East and North Africa,33.03,100,56,0.57,6.85,0.43,0.31,104.24,36.28,1.24,,
Malta,2011,MLT,Middle East and North Africa,33.16,100,56,0.58,6.38,0.44,0.31,93.31,37.52,1.01,,
Malta,2012,MLT,Middle East and North Africa,32.09,100,57,0.57,6.2,0.45,0.31,94.04,41.63,1.44,,
Malta,2013,MLT,Middle East and North Africa,30.22,100,56,0.55,6.11,0.45,0.31,94.07,36.98,1.34,,
Malta,2014,MLT,Middle East and North Africa,36.46,100,55,0.54,5.73,0.46,0.33,94.43,37.84,1.51,,
Malta,2015,MLT,Middle East and North Africa,37.2,100,60,0.58,5.38,0.47,0.35,94.91,36.14,1.4,,
Malta,2016,MLT,Middle East and North Africa,35.14,100,55,0.58,4.69,0.45,0.36,95.81,37.02,1.75,,
Malta,2017,MLT,Middle East and North Africa,35.22,100,56,0.57,4,0.46,0.35,104.75,38.39,1.22,,
Malta,2018,MLT,Middle East and North Africa,34.3,100,54,0.56,3.66,0.45,0.36,107.27,38.3,1.44,,
Malta,2019,MLT,Middle East and North Africa,34.13,100,54,0.56,3.62,0.47,0.37,108.03,38.81,1.29,,
Malta,2020,MLT,Middle East and North Africa,30.31,100,53,0.55,4.35,0.47,,109.68,,1.64,,
Malta,2021,MLT,Middle East and North Africa,,,54,0.56,3.53,0.47,,,,2.12,,
Malta,2022,MLT,Middle East and North Africa,,,51,0.56,,,,,,1.96,,
Mauritania,2000,MRT,Sub-Saharan Africa,77.82,28.91,,0.13,10.05,0.57,0.17,17.81,5.04,1.2,,
Mauritania,2001,MRT,Sub-Saharan Africa,77.13,29.61,,0.13,10,0.58,0.17,20.21,5.17,1.36,,
Mauritania,2002,MRT,Sub-Saharan Africa,69.98,30.41,,0.13,9.96,0.59,0.17,20.26,5.24,1.35,,
Mauritania,2003,MRT,Sub-Saharan Africa,68.39,31.21,,0.13,9.89,0.6,0.17,21.22,5.35,1.36,,
Mauritania,2004,MRT,Sub-Saharan Africa,70.49,32,,0.13,9.91,0.6,0.17,21.86,5.82,1.49,,
Mauritania,2005,MRT,Sub-Saharan Africa,67.13,32.79,,0.13,9.85,0.59,0.17,22.32,5.56,1.39,,
Mauritania,2006,MRT,Sub-Saharan Africa,68.16,33.62,31,0.13,9.72,0.57,0.18,23.31,5.13,1.44,,
Mauritania,2007,MRT,Sub-Saharan Africa,65.3,34.45,26,0.19,9.98,0.56,0.18,,5.19,1.06,,
Mauritania,2008,MRT,Sub-Saharan Africa,60.94,35.27,28,0.15,9.95,0.54,0.19,19.09,4.96,1.32,,
Mauritania,2009,MRT,Sub-Saharan Africa,62.77,36.08,25,0.15,9.94,0.54,0.19,20.49,4.98,0.97,,
Mauritania,2010,MRT,Sub-Saharan Africa,62.64,36.89,23,0.18,9.9,0.53,0.19,20.75,4.84,2.02,,
Mauritania,2011,MRT,Sub-Saharan Africa,58.38,37.7,24,0.18,9.87,0.53,0.19,22.9,5.03,1.67,,
Mauritania,2012,MRT,Sub-Saharan Africa,55.43,38.49,31,0.18,9.86,0.53,0.19,27.26,5.14,0.94,,
Mauritania,2013,MRT,Sub-Saharan Africa,50.21,39.28,30,0.18,9.97,0.52,0.18,30.1,5.53,1.59,,
Mauritania,2014,MRT,Sub-Saharan Africa,47.62,40.05,30,0.18,10.07,0.52,0.17,30.71,5.44,1.48,,
Mauritania,2015,MRT,Sub-Saharan Africa,47.74,40.82,31,0.18,10.15,0.52,0.17,31.42,5.61,1.56,,
Mauritania,2016,MRT,Sub-Saharan Africa,53.72,41.57,27,0.18,10.31,0.52,0.16,32.68,5.79,1.83,,
Mauritania,2017,MRT,Sub-Saharan Africa,48.47,42.31,28,0.18,10.34,0.52,0.16,32.57,5.68,2.14,,
Mauritania,2018,MRT,Sub-Saharan Africa,45.93,42.53,27,0.23,10.39,0.52,0.16,36.83,5.63,1.09,,
Mauritania,2019,MRT,Sub-Saharan Africa,45.24,42.74,28,0.27,10.4,0.52,0.16,39.41,5.85,1.44,,
Mauritania,2020,MRT,Sub-Saharan Africa,46.58,42.95,29,0.25,11.14,0.52,,38.19,,1.92,,
Mauritania,2021,MRT,Sub-Saharan Africa,,,28,0.26,11.29,0.52,,,,1.86,,
Mauritania,2022,MRT,Sub-Saharan Africa,,,30,0.26,,,,,,1.71,,
Mauritius,2000,MUS,Sub-Saharan Africa,44,99.25,47,0.49,9.14,0.56,0.29,76.82,16.7,0.17,,
Mauritius,2001,MUS,Sub-Saharan Africa,43.82,99.29,45,0.49,9.14,0.56,0.3,78.67,16.75,0.5,,
Mauritius,2002,MUS,Sub-Saharan Africa,44.87,99.34,45,0.49,8.2,0.56,0.3,81.03,17.21,0.4,,
Mauritius,2003,MUS,Sub-Saharan Africa,45.32,99.38,44,0.49,8.23,0.56,0.29,84.61,17.46,0.69,,
Mauritius,2004,MUS,Sub-Saharan Africa,43.42,99.43,41,0.49,8.34,0.56,0.29,85.92,18.04,0.31,,
Mauritius,2005,MUS,Sub-Saharan Africa,49.59,99.47,42,0.5,9.52,0.56,0.29,88.66,4.41,0.38,,
Mauritius,2006,MUS,Sub-Saharan Africa,52.91,99.52,51,0.5,9.04,0.56,0.29,87.53,18.85,0.31,,
Mauritius,2007,MUS,Sub-Saharan Africa,55.81,99.56,47,0.5,8.48,0.57,0.29,88.38,19.41,0.54,,
Mauritius,2008,MUS,Sub-Saharan Africa,61.84,99.61,55,0.5,7.17,0.57,0.3,88.05,20.04,0.29,,
Mauritius,2009,MUS,Sub-Saharan Africa,58.37,99.65,54,0.5,7.26,0.58,0.3,88.8,19.86,0.8,,
Mauritius,2010,MUS,Sub-Saharan Africa,52.32,99.7,54,0.5,7.65,0.58,0.31,89.25,21.02,1.08,,
Mauritius,2011,MUS,Sub-Saharan Africa,53.07,99.74,51,0.5,7.45,0.59,0.31,90.92,21.94,0.87,,
Mauritius,2012,MUS,Sub-Saharan Africa,51.61,99.79,57,0.5,7.47,0.59,0.31,92.99,22.8,0.67,,
Mauritius,2013,MUS,Sub-Saharan Africa,53.18,99.84,52,0.5,7.32,0.59,0.33,96.04,22.99,0.8,,
Mauritius,2014,MUS,Sub-Saharan Africa,50.18,99.84,54,0.48,7.47,0.59,0.33,99.9,22.63,0.91,,
Mauritius,2015,MUS,Sub-Saharan Africa,49.58,99.84,53,0.49,7.41,0.58,0.33,97.37,23.06,1.16,,
Mauritius,2016,MUS,Sub-Saharan Africa,48.16,99.84,54,0.49,6.81,0.58,0.33,97.54,23.34,1.08,,
Mauritius,2017,MUS,Sub-Saharan Africa,48.13,99.84,50,0.5,6.75,0.57,0.33,95.72,23.61,1.32,,
Mauritius,2018,MUS,Sub-Saharan Africa,48.23,99.84,51,0.5,6.43,0.57,0.34,95.1,24.04,1.05,,
Mauritius,2019,MUS,Sub-Saharan Africa,45.72,99.84,52,0.46,6.33,0.57,0.34,97.12,24.47,1.46,,
Mauritius,2020,MUS,Sub-Saharan Africa,41.31,99.84,53,0.36,8.63,0.57,,,,1.11,,
Mauritius,2021,MUS,Sub-Saharan Africa,,,54,0.35,7.66,0.57,,93.73,,0.99,,
Mauritius,2022,MUS,Sub-Saharan Africa,,,50,0.34,,,,,,0.6,,
Mexico,2000,MEX,Latin America and Caribbean,52.22,81.6,33,0.42,2.65,0.69,0.25,71.77,23.8,0.63,,
Mexico,2001,MEX,Latin America and Caribbean,53.43,82.35,37,0.43,2.63,0.69,0.26,73.44,23.38,0.55,,
Mexico,2002,MEX,Latin America and Caribbean,54.36,83.09,36,0.44,3,0.69,0.28,76.01,22.9,0.73,,
Mexico,2003,MEX,Latin America and Caribbean,55.66,83.84,36,0.44,3.46,0.71,0.28,79.86,23.81,0.89,,
Mexico,2004,MEX,Latin America and Caribbean,53.69,84.58,36,0.44,3.94,0.72,0.29,81.43,23.61,0.37,,
Mexico,2005,MEX,Latin America and Caribbean,54.59,85.32,35,0.44,3.56,0.72,0.28,82.3,25.36,0.81,,
Mexico,2006,MEX,Latin America and Caribbean,53.76,86.06,33,0.42,3.57,0.72,0.3,84.09,26.31,0.93,,
Mexico,2007,MEX,Latin America and Caribbean,52.5,86.8,35,0.4,3.63,0.74,0.3,84.91,25.69,0.5,,
Mexico,2008,MEX,Latin America and Caribbean,48.6,87.53,36,0.39,3.87,0.75,0.3,86.43,26.12,0.56,,
Mexico,2009,MEX,Latin America and Caribbean,47.35,88.26,33,0.4,5.36,0.75,0.3,85.94,24.32,1.05,,
Mexico,2010,MEX,Latin America and Caribbean,43.51,88.99,31,0.41,5.3,0.74,0.31,87.07,24.48,0.31,,
Mexico,2011,MEX,Latin America and Caribbean,40.73,89.72,30,0.41,5.17,0.75,0.31,88.19,25.27,1.03,,
Mexico,2012,MEX,Latin America and Caribbean,40.64,90.45,34,0.41,4.89,0.75,0.32,90.67,25.7,0.95,,
Mexico,2013,MEX,Latin America and Caribbean,39.88,91.17,34,0.36,4.91,0.75,0.31,93.33,25.15,0.8,,
Mexico,2014,MEX,Latin America and Caribbean,40.87,91.89,35,0.36,4.81,0.75,0.31,97.34,24.4,0.91,,
Mexico,2015,MEX,Latin America and Caribbean,41.04,92.61,31,0.39,4.31,0.74,0.31,100.83,23.39,1.14,,
Mexico,2016,MEX,Latin America and Caribbean,41.37,93.33,30,0.39,3.86,0.74,0.32,102.4,22.18,1.35,,
Mexico,2017,MEX,Latin America and Caribbean,41.79,94.04,29,0.4,3.42,0.74,0.32,104.39,21.23,1.63,,
Mexico,2018,MEX,Latin America and Caribbean,42.31,94.73,28,0.43,3.27,0.75,0.33,105.1,20.79,1.24,,
Mexico,2019,MEX,Latin America and Caribbean,42.28,95.24,29,0.4,3.48,0.75,0.33,104.65,19.97,1.38,,
Mexico,2020,MEX,Latin America and Caribbean,38.77,95.74,31,0.39,4.45,0.75,,101.84,,1.73,,
Mexico,2021,MEX,Latin America and Caribbean,,,31,0.38,4.09,0.75,,,,1.16,,
Mexico,2022,MEX,Latin America and Caribbean,,,31,0.4,,,,,,1.25,,
Moldova,2000,MDA,Europe and Central Asia,47.17,40.4,26,0.37,8.46,0.5,0.45,,0.1,1.5,,
Moldova,2001,MDA,Europe and Central Asia,51.94,42.3,31,0.31,7.29,0.51,0.45,,0.11,1.72,,
Moldova,2002,MDA,Europe and Central Asia,46.52,44.25,21,0.31,6.8,0.51,0.45,,0.12,1.46,,
Moldova,2003,MDA,Europe and Central Asia,48.31,46.25,24,0.31,7.95,0.51,0.46,,0.17,-0.18,,
Moldova,2004,MDA,Europe and Central Asia,38.17,48.29,23,0.31,8.17,0.51,0.46,,0.29,0.72,,
Moldova,2005,MDA,Europe and Central Asia,42.76,50.46,29,0.27,7.29,0.51,0.46,,0.34,0.85,,
Moldova,2006,MDA,Europe and Central Asia,46.45,52.76,32,0.27,7.38,0.51,0.46,,0.61,0.25,,
Moldova,2007,MDA,Europe and Central Asia,45.1,55.09,28,0.27,5.07,0.51,0.45,,0.97,2.37,,
Moldova,2008,MDA,Europe and Central Asia,48.42,57.44,29,0.26,3.98,0.52,0.45,,1.53,1.53,,
Moldova,2009,MDA,Europe and Central Asia,45.58,59.83,33,0.29,6.4,0.52,0.45,,1.75,1.77,,
Moldova,2010,MDA,Europe and Central Asia,40.43,62.24,29,0.42,7.45,0.51,0.45,,1.74,1.37,,
Moldova,2011,MDA,Europe and Central Asia,44.8,64.69,29,0.46,6.68,0.5,0.45,,2.08,0.49,,
Moldova,2012,MDA,Europe and Central Asia,42.22,67.16,36,0.46,5.58,0.5,0.45,,2.97,2.09,,
Moldova,2013,MDA,Europe and Central Asia,42.58,69.66,35,0.44,5.1,0.49,0.45,,3.39,1.36,,
Moldova,2014,MDA,Europe and Central Asia,38.35,72.2,35,0.43,3.73,0.49,0.45,104.38,2.76,1.45,,
Moldova,2015,MDA,Europe and Central Asia,46.19,72.49,33,0.38,4.7,0.49,0.47,105.06,2.71,2.02,,
Moldova,2016,MDA,Europe and Central Asia,46.29,72.8,30,0.35,4.02,0.48,0.46,106.02,2.77,2.09,,
Moldova,2017,MDA,Europe and Central Asia,43.63,73.11,31,0.33,3.89,0.48,0.45,108.49,2.84,1.41,,
Moldova,2018,MDA,Europe and Central Asia,40.09,73.42,33,0.33,2.91,0.48,0.45,109.23,3.1,2.1,,
Moldova,2019,MDA,Europe and Central Asia,35.69,73.74,32,0.4,5.1,0.49,0.45,109.08,3.26,2.41,,
Moldova,2020,MDA,Europe and Central Asia,30.93,74.07,34,0.42,3.82,0.49,,108.46,,3.06,,
Moldova,2021,MDA,Europe and Central Asia,,,36,0.52,3.23,0.49,,109.82,,1.34,,
Moldova,2022,MDA,Europe and Central Asia,,,39,0.52,,,,,,2.14,,
Mongolia,2000,MNG,East Asia and Pacific,19.75,20.6,26,0.4,6.09,0.56,0.36,65.12,11.96,0.98,,
Mongolia,2001,MNG,East Asia and Pacific,22.36,21.2,31,0.39,6.14,0.56,0.36,71.67,13.33,1.68,,
Mongolia,2002,MNG,East Asia and Pacific,22.22,21.81,21,0.39,6.2,0.57,0.37,75.99,13.67,1.79,,
Mongolia,2003,MNG,East Asia and Pacific,25.06,22.42,24,0.39,6.8,0.57,0.37,82.8,15.6,0.49,,
Mongolia,2004,MNG,East Asia and Pacific,25.52,23.02,24,0.39,6.82,0.58,0.37,87.83,16.55,1.76,,
Mongolia,2005,MNG,East Asia and Pacific,32.41,23.63,29,0.39,7.04,0.58,0.37,90.3,17.3,0.92,,
Mongolia,2006,MNG,East Asia and Pacific,25.56,24.24,32,0.4,7.13,0.58,0.38,89.88,19.74,1.22,,
Mongolia,2007,MNG,East Asia and Pacific,23.28,24.84,29,0.4,7.2,0.58,0.38,,23.17,2.73,,
Mongolia,2008,MNG,East Asia and Pacific,21.42,25.44,33,0.4,5.56,0.57,0.38,,25.42,1.76,,
Mongolia,2009,MNG,East Asia and Pacific,22.76,26.04,29,0.4,5.86,0.55,0.38,97.62,25.91,1.4,,
Mongolia,2010,MNG,East Asia and Pacific,28.06,26.63,29,0.4,6.55,0.57,0.38,91.52,24.7,0.31,,
Mongolia,2011,MNG,East Asia and Pacific,32,27.04,28,0.41,4.77,0.57,0.37,,35.15,0.76,,
Mongolia,2012,MNG,East Asia and Pacific,31.51,27.34,30,0.4,3.9,0.58,0.36,,50.1,0.23,,
Mongolia,2013,MNG,East Asia and Pacific,37.1,27.66,30,0.4,4.23,0.57,0.36,,57.75,1.02,,
Mongolia,2014,MNG,East Asia and Pacific,34.68,27.98,28,0.41,4.8,0.57,0.36,,43.46,1.88,,
Mongolia,2015,MNG,East Asia and Pacific,36.38,28.31,30,0.38,4.86,0.56,0.36,,37.64,2.13,,
Mongolia,2016,MNG,East Asia and Pacific,33.17,28.64,30,0.37,7.24,0.56,0.36,,38.21,1.39,,
Mongolia,2017,MNG,East Asia and Pacific,32.5,28.98,27,0.38,6.36,0.56,0.37,,47.05,2.49,,
Mongolia,2018,MNG,East Asia and Pacific,34.2,29.33,27,0.37,5.38,0.56,0.35,,82.02,2.21,,
Mongolia,2019,MNG,East Asia and Pacific,30.96,29.69,27,0.37,5.44,0.55,0.36,91.5,81.53,1.85,,
Mongolia,2020,MNG,East Asia and Pacific,27.04,30.06,35,0.35,6.59,0.55,,98.05,,2.35,,
Mongolia,2021,MNG,East Asia and Pacific,,,35,0.33,7.75,0.55,,103.26,,1.99,,
Mongolia,2022,MNG,East Asia and Pacific,,,33,0.29,,,,,,2.2,,
Montenegro,2000,MNE,Europe and Central Asia,,,,0.25,28.8,0.48,0.37,,22.33,1.43,,
Montenegro,2001,MNE,Europe and Central Asia,,,,0.27,29.01,0.44,0.37,,21.24,1.5,,
Montenegro,2002,MNE,Europe and Central Asia,,,,0.28,29.34,0.45,0.37,,23.89,1.01,,
Montenegro,2003,MNE,Europe and Central Asia,,,,0.3,29.66,0.46,0.37,92.96,22.57,0.74,,
Montenegro,2004,MNE,Europe and Central Asia,,,,0.31,30.03,0.46,0.37,93.44,22.5,0.52,,
Montenegro,2005,MNE,Europe and Central Asia,,,,0.31,30.31,0.47,0.37,94.49,20.74,-0.04,,
Montenegro,2006,MNE,Europe and Central Asia,,83.87,,0.31,24.97,0.48,0.38,95.56,23.33,0.48,,
Montenegro,2007,MNE,Europe and Central Asia,,85.12,33,0.33,19.4,0.48,0.39,95.75,25.04,1.7,,
Montenegro,2008,MNE,Europe and Central Asia,,86.35,34,0.34,17.15,0.49,0.4,95.38,26.05,1.27,,
Montenegro,2009,MNE,Europe and Central Asia,,87.57,39,0.34,19.09,0.49,0.4,97.51,21.48,1.23,,
Montenegro,2010,MNE,Europe and Central Asia,,88.78,37,0.34,19.65,0.5,0.39,100.35,27.42,1.19,,
Montenegro,2011,MNE,Europe and Central Asia,38.8,89.97,40,0.34,19.76,0.51,0.39,93.38,30.68,0.99,,
Montenegro,2012,MNE,Europe and Central Asia,35.91,91.15,41,0.34,19.81,0.51,0.4,93.13,28.83,1.65,,
Montenegro,2013,MNE,Europe and Central Asia,42.08,92.32,44,0.32,19.59,0.51,0.4,,26.75,1.44,,
Montenegro,2014,MNE,Europe and Central Asia,39.12,93.48,42,0.31,18.05,0.5,0.4,,26.65,1.5,,
Montenegro,2015,MNE,Europe and Central Asia,37.73,94.62,44,0.31,17.55,0.53,0.41,92.7,27.93,1.7,,
Montenegro,2016,MNE,Europe and Central Asia,38.23,95.75,45,0.31,17.73,0.51,0.41,90.54,27.6,1.47,,
Montenegro,2017,MNE,Europe and Central Asia,42.17,96.87,46,0.3,16.08,0.5,0.4,89.92,28.42,1.28,,
Montenegro,2018,MNE,Europe and Central Asia,39.61,97.75,45,0.3,15.19,0.51,0.41,89.88,28.64,2.23,,
Montenegro,2019,MNE,Europe and Central Asia,38.56,97.97,45,0.31,15.13,0.51,0.4,90.09,29.62,1.82,,
Montenegro,2020,MNE,Europe and Central Asia,36.55,98.18,45,0.31,17.88,0.51,,90.4,,1.71,,
Montenegro,2021,MNE,Europe and Central Asia,,,46,0.31,16.87,0.51,,91.05,,1.6,,
Montenegro,2022,MNE,Europe and Central Asia,,,45,0.3,,,,,,1.87,,
Morocco,2000,MAR,Middle East and North Africa,53.87,53.83,47,0.13,13.58,0.6,0.13,38.68,7.12,0.85,,
Morocco,2001,MAR,Middle East and North Africa,53.25,54.71,,0.13,12.46,0.6,0.14,40.51,7.47,1.75,,
Morocco,2002,MAR,Middle East and North Africa,53.85,55.59,37,0.13,11.59,0.61,0.15,42.91,8.06,1.11,,
Morocco,2003,MAR,Middle East and North Africa,56.21,56.46,33,0.13,11.92,0.61,0.15,45.18,7.56,1.59,,
Morocco,2004,MAR,Middle East and North Africa,57.38,57.32,32,0.13,10.83,0.61,0.15,48.55,8.31,1.03,,
Morocco,2005,MAR,Middle East and North Africa,59.66,58.3,32,0.14,11.01,0.61,0.15,50.35,8.8,1.19,,
Morocco,2006,MAR,Middle East and North Africa,58.75,59.3,32,0.14,9.67,0.61,0.14,53.08,9.2,1.39,,
Morocco,2007,MAR,Middle East and North Africa,57.18,60.28,35,0.14,9.56,0.61,0.14,56.1,9.5,0.93,,
Morocco,2008,MAR,Middle East and North Africa,56.41,61.25,35,0.14,9.57,0.61,0.14,58.2,10.12,1.07,,
Morocco,2009,MAR,Middle East and North Africa,54.5,62.21,33,0.14,8.96,0.6,0.14,60.97,9.94,1.16,,
Morocco,2010,MAR,Middle East and North Africa,55.61,64.06,34,0.14,9.09,0.6,0.14,63.29,10.14,2.02,,
Morocco,2011,MAR,Middle East and North Africa,54.24,65.93,34,0.17,8.91,0.6,0.14,66.52,10.01,1.7,,
Morocco,2012,MAR,Middle East and North Africa,52.75,67.83,37,0.17,8.99,0.6,0.14,69.75,9.62,1.3,,
Morocco,2013,MAR,Middle East and North Africa,51.67,69.74,37,0.17,9.23,0.6,0.14,,10.21,1.23,,
Morocco,2014,MAR,Middle East and North Africa,49.16,71.68,39,0.17,9.7,0.6,0.13,,10.22,1.6,,
Morocco,2015,MAR,Middle East and North Africa,48.95,73.63,36,0.18,9.46,0.6,0.13,,10.21,1.12,,
Morocco,2016,MAR,Middle East and North Africa,48.85,75.6,37,0.18,9.3,0.6,0.13,,9.91,1.84,,
Morocco,2017,MAR,Middle East and North Africa,47.97,77.59,40,0.17,9.23,0.6,0.13,79.86,10.18,2.13,,
Morocco,2018,MAR,Middle East and North Africa,46.99,79.59,43,0.17,9.24,0.6,0.13,80.23,10.27,0.6,,
Morocco,2019,MAR,Middle East and North Africa,46.11,81.6,41,0.16,9.24,0.6,0.14,81.19,11.17,1.47,,
Morocco,2020,MAR,Middle East and North Africa,42.02,83.62,40,0.16,11.11,0.6,,82.45,,2.11,,
Morocco,2021,MAR,Middle East and North Africa,,,39,0.16,10.54,0.6,,83.73,,1.8,,
Morocco,2022,MAR,Middle East and North Africa,,,38,0.16,,,,,,2.3,,
Mozambique,2000,MOZ,Sub-Saharan Africa,38.14,7.3,22,0.27,2.89,0.68,0.2,6.2,4.74,0.38,,
Mozambique,2001,MOZ,Sub-Saharan Africa,26.08,7.34,,0.28,2.84,0.68,0.2,6.98,5.17,0.48,,
Mozambique,2002,MOZ,Sub-Saharan Africa,27.36,7.89,,0.28,2.9,0.67,0.2,8.62,5.3,0.68,,
Mozambique,2003,MOZ,Sub-Saharan Africa,21.22,8.45,27,0.28,2.95,0.67,0.2,,5.16,0.59,,
Mozambique,2004,MOZ,Sub-Saharan Africa,15.61,9.04,28,0.28,2.98,0.66,0.2,11.02,4.96,0.44,,
Mozambique,2005,MOZ,Sub-Saharan Africa,12.32,9.69,28,0.29,3.03,0.66,0.2,13.44,5.19,1.05,,
Mozambique,2006,MOZ,Sub-Saharan Africa,12.75,10.57,28,0.29,3.05,0.66,0.21,15.73,5.08,0.58,,
Mozambique,2007,MOZ,Sub-Saharan Africa,12.02,11.53,28,0.29,3.1,0.65,0.21,18.41,5.28,0.65,,
Mozambique,2008,MOZ,Sub-Saharan Africa,10.87,12.67,26,0.29,3.14,0.65,0.2,20.57,5.64,0.38,,
Mozambique,2009,MOZ,Sub-Saharan Africa,8.24,13.89,25,0.28,3.19,0.66,0.2,23.24,5.43,0.59,,
Mozambique,2010,MOZ,Sub-Saharan Africa,7.11,15.2,27,0.27,3.23,0.68,0.21,25.23,5.64,1.11,,
Mozambique,2011,MOZ,Sub-Saharan Africa,6.72,16.6,27,0.27,3.26,0.69,0.21,26,5.7,0.81,,
Mozambique,2012,MOZ,Sub-Saharan Africa,5.55,18.08,31,0.27,3.3,0.7,0.21,25.51,5.96,0.75,,
Mozambique,2013,MOZ,Sub-Saharan Africa,8.02,19.64,30,0.27,3.35,0.71,0.21,34.09,6.35,0.48,,
Mozambique,2014,MOZ,Sub-Saharan Africa,10.42,21.28,31,0.27,3.38,0.72,0.2,33.38,6.97,0.72,,
Mozambique,2015,MOZ,Sub-Saharan Africa,11.26,23,31,0.28,3.43,0.72,0.21,33.57,6.31,1.03,,
Mozambique,2016,MOZ,Sub-Saharan Africa,10.55,24.81,27,0.28,3.45,0.72,0.21,26.78,6.59,1.26,,
Mozambique,2017,MOZ,Sub-Saharan Africa,9.67,26.69,25,0.26,3.45,0.72,0.22,35.41,6.42,0.84,,
Mozambique,2018,MOZ,Sub-Saharan Africa,9.5,28.66,23,0.25,3.45,0.72,0.22,28.87,6.36,0.81,,
Mozambique,2019,MOZ,Sub-Saharan Africa,9.52,30.7,26,0.24,3.46,0.72,0.22,30.27,6.41,1.21,,
Mozambique,2020,MOZ,Sub-Saharan Africa,9.96,32.83,25,0.22,3.78,0.72,,39.02,,1.03,,
Mozambique,2021,MOZ,Sub-Saharan Africa,,,26,0.24,3.94,0.72,,,,0.69,,
Mozambique,2022,MOZ,Sub-Saharan Africa,,,26,0.23,,,,,,0.83,,
Myanmar,2000,MMR,East Asia and Pacific,85.66,27.11,,0.05,0.65,0.62,0.34,36.87,3.31,0.22,,
Myanmar,2001,MMR,East Asia and Pacific,85.9,28.62,,0.05,0.66,0.62,0.34,37.79,3.45,0.63,,
Myanmar,2002,MMR,East Asia and Pacific,82.23,30.17,,0.05,0.66,0.62,0.34,39.48,3.57,0.68,,
Myanmar,2003,MMR,East Asia and Pacific,83.17,31.74,16,0.05,0.66,0.62,0.33,40.12,4.15,0.65,,
Myanmar,2004,MMR,East Asia and Pacific,78.88,33.35,17,0.05,0.65,0.62,0.33,43.26,4.42,0.6,,
Myanmar,2005,MMR,East Asia and Pacific,82.5,34.99,18,0.05,0.66,0.62,0.32,44.34,4.48,0.93,,
Myanmar,2006,MMR,East Asia and Pacific,75.02,36.67,19,0.05,0.66,0.62,0.32,46.31,4.64,0.86,,
Myanmar,2007,MMR,East Asia and Pacific,82.16,38.38,14,0.05,0.67,0.62,0.32,46.24,4.85,0.51,,
Myanmar,2008,MMR,East Asia and Pacific,82.46,40.12,13,0.05,0.68,0.62,0.32,48.55,4.77,0.5,,
Myanmar,2009,MMR,East Asia and Pacific,82.27,41.89,14,0.05,0.69,0.62,0.31,47.93,4.97,0.92,,
Myanmar,2010,MMR,East Asia and Pacific,80.74,43.7,14,0.09,0.7,0.62,0.31,48.14,5.16,1.2,,
Myanmar,2011,MMR,East Asia and Pacific,77.28,45.54,15,0.12,0.72,0.62,0.31,,5.15,0.51,,
Myanmar,2012,MMR,East Asia and Pacific,76.7,47.41,15,0.16,0.73,0.62,0.31,,4.97,0.92,,
Myanmar,2013,MMR,East Asia and Pacific,72.23,49.32,21,0.21,0.72,0.62,0.31,,5.07,0.99,,
Myanmar,2014,MMR,East Asia and Pacific,66.04,51.25,21,0.21,0.72,0.62,0.31,51.79,5.61,0.9,,
Myanmar,2015,MMR,East Asia and Pacific,70.45,53.23,22,0.22,0.77,0.62,0.31,,5.77,1.25,,
Myanmar,2016,MMR,East Asia and Pacific,76.67,55.24,28,0.25,0.99,0.58,0.3,60.32,5.82,1.44,,
Myanmar,2017,MMR,East Asia and Pacific,75.69,57.29,30,0.26,1.36,0.55,0.3,64.28,5.66,1.33,,
Myanmar,2018,MMR,East Asia and Pacific,76.45,59.38,29,0.26,0.77,0.54,0.29,68.44,6.21,1.06,,
Myanmar,2019,MMR,East Asia and Pacific,75.95,61.5,29,0.27,0.41,0.54,0.3,,7.28,1.73,,
Myanmar,2020,MMR,East Asia and Pacific,72.71,63.66,28,0.27,1.48,0.54,,,,1.67,,
Myanmar,2021,MMR,East Asia and Pacific,,,28,0.1,,0.54,,,,1.66,,
Myanmar,2022,MMR,East Asia and Pacific,,,23,0.09,,,,,,1.44,,
Namibia,2000,NAM,Sub-Saharan Africa,6.68,42.5,54,0.41,20.3,0.78,0.34,59.34,27.82,-0.04,,
Namibia,2001,NAM,Sub-Saharan Africa,6.33,43.53,54,0.41,20.86,0.78,0.34,63.63,27.98,0.41,,
Namibia,2002,NAM,Sub-Saharan Africa,6.74,44.74,57,0.41,21.27,0.78,0.34,63.2,28.12,0.92,,
Namibia,2003,NAM,Sub-Saharan Africa,6.6,45.96,47,0.41,21.8,0.78,0.34,63.05,28.42,1.29,,
Namibia,2004,NAM,Sub-Saharan Africa,6.36,47.17,41,0.42,22.09,0.78,0.34,63.15,28.52,0.86,,
Namibia,2005,NAM,Sub-Saharan Africa,6.27,48.36,43,0.42,22.33,0.78,0.35,63.51,28.41,0.82,,
Namibia,2006,NAM,Sub-Saharan Africa,5.65,49.52,41,0.42,22.18,0.77,0.35,64.04,28.56,-0.08,,
Namibia,2007,NAM,Sub-Saharan Africa,5.8,50.67,45,0.42,22.2,0.77,0.36,65.78,28.57,1,,
Namibia,2008,NAM,Sub-Saharan Africa,6.9,51.79,45,0.42,22.25,0.77,0.36,,28.74,0.67,,
Namibia,2009,NAM,Sub-Saharan Africa,8.49,52.88,45,0.42,22.29,0.77,0.36,,28.05,0.46,,
Namibia,2010,NAM,Sub-Saharan Africa,9.28,53.94,44,0.4,22.12,0.76,0.36,,27.88,1.21,,
Namibia,2011,NAM,Sub-Saharan Africa,10.3,54.98,44,0.41,19.46,0.76,0.37,,27.53,-0.48,,
Namibia,2012,NAM,Sub-Saharan Africa,10.91,56,48,0.41,16.77,0.75,0.37,,27.03,-0.13,,
Namibia,2013,NAM,Sub-Saharan Africa,9.89,57,48,0.41,19.03,0.75,0.37,,27.16,0.76,,
Namibia,2014,NAM,Sub-Saharan Africa,9.04,57.96,49,0.42,18.52,0.74,0.38,,26.84,0.44,,
Namibia,2015,NAM,Sub-Saharan Africa,7.33,58.88,53,0.45,20.9,0.74,0.38,,26.59,1.22,,
Namibia,2016,NAM,Sub-Saharan Africa,7.71,59.77,52,0.46,23.35,0.74,0.38,,26.48,1.47,,
Namibia,2017,NAM,Sub-Saharan Africa,7.79,60.63,51,0.44,21.66,0.74,0.39,,26.36,0.82,,
Namibia,2018,NAM,Sub-Saharan Africa,8.07,61.44,53,0.43,19.88,0.74,0.4,,26.23,1.11,,
Namibia,2019,NAM,Sub-Saharan Africa,7.93,61.81,52,0.4,20,0.74,0.4,,26.1,1.82,,
Namibia,2020,NAM,Sub-Saharan Africa,7.44,62.08,51,0.39,21.24,0.74,,,,0.6,,
Namibia,2021,NAM,Sub-Saharan Africa,,,49,0.38,21.27,0.74,,,,-0.06,,
Namibia,2022,NAM,Sub-Saharan Africa,,,49,0.38,,,,,,0.24,,
Nepal,2000,NPL,South Asia,55.78,43.02,,0.22,10.6,0.55,0.15,35.76,2.71,0.08,,
Nepal,2001,NPL,South Asia,51.27,44.33,,0.22,10.57,0.55,0.15,38.97,2.73,0.45,,
Nepal,2002,NPL,South Asia,51.96,45.55,,0.19,10.42,0.55,0.16,43.43,2.7,0.55,,
Nepal,2003,NPL,South Asia,53.81,46.78,,0.13,10.54,0.55,0.16,44.65,2.82,0.31,,
Nepal,2004,NPL,South Asia,51.6,48.01,28,0.13,10.56,0.55,0.16,,2.69,0.35,,
Nepal,2005,NPL,South Asia,49.22,49.26,25,0.13,10.52,0.55,0.16,48.15,2.73,0.68,,
Nepal,2006,NPL,South Asia,42.5,50.51,25,0.13,10.52,0.55,0.16,45.33,2.78,0.8,,
Nepal,2007,NPL,South Asia,60.96,51.77,25,0.15,10.51,0.55,0.16,45,2.85,0.73,,
Nepal,2008,NPL,South Asia,61.63,53.04,27,0.23,10.59,0.54,0.16,51.04,2.91,0.35,,
Nepal,2009,NPL,South Asia,57.62,54.32,23,0.27,10.54,0.54,0.16,51.79,3.21,1.12,,
Nepal,2010,NPL,South Asia,56.2,55.6,22,0.26,10.55,0.54,0.17,57.63,3.59,1.14,,
Nepal,2011,NPL,South Asia,58.38,56.89,22,0.27,10.5,0.54,0.18,60.26,3.69,0.23,,
Nepal,2012,NPL,South Asia,56.08,58.19,27,0.2,10.53,0.54,0.19,63.75,3.75,0.4,,
Nepal,2013,NPL,South Asia,63.53,59.49,31,0.16,10.5,0.54,0.2,65.35,4.11,0.19,,
Nepal,2014,NPL,South Asia,60.05,60.8,29,0.31,10.58,0.53,0.21,66.88,4.26,0.34,,
Nepal,2015,NPL,South Asia,59.44,62.11,27,0.35,10.51,0.53,0.22,67.84,4.03,0.65,,
Nepal,2016,NPL,South Asia,55.44,63.43,29,0.37,10.4,0.53,0.23,70.78,4.9,1.17,,
Nepal,2017,NPL,South Asia,57.38,64.74,31,0.45,10.66,0.53,0.23,76.24,5.25,1.07,,
Nepal,2018,NPL,South Asia,57.73,66.07,31,0.42,10.62,0.53,0.23,,6.3,0.63,,
Nepal,2019,NPL,South Asia,57.91,67.39,34,0.39,10.6,0.53,0.23,80.18,6.42,0.85,,
Nepal,2020,NPL,South Asia,54.17,68.72,33,0.39,13.08,0.53,,85.52,,0.23,,
Nepal,2021,NPL,South Asia,,,33,0.39,12.22,0.53,,84.7,,0.63,,
Nepal,2022,NPL,South Asia,,,34,0.43,,,,,,1.13,,
Netherlands,2000,NLD,Europe and Central Asia,11.03,100,89,0.58,2.73,0.38,0.3,122.42,31.57,1.6,,
Netherlands,2001,NLD,Europe and Central Asia,10.47,100,88,0.58,2.12,0.39,0.3,122.85,30.57,1.27,,
Netherlands,2002,NLD,Europe and Central Asia,9.81,100,90,0.57,2.55,0.39,0.3,120.76,32.3,1.53,,
Netherlands,2003,NLD,Europe and Central Asia,9.61,100,89,0.58,3.59,0.4,0.3,120.88,37.4,1.21,,
Netherlands,2004,NLD,Europe and Central Asia,9.96,100,87,0.58,4.65,0.4,0.3,118.18,37.21,1.16,,
Netherlands,2005,NLD,Europe and Central Asia,9.89,100,86,0.61,5.87,0.41,0.3,118.37,37.44,1.25,,
Netherlands,2006,NLD,Europe and Central Asia,8.33,100,87,0.61,5,0.41,0.3,118.6,42.4,1.51,,
Netherlands,2007,NLD,Europe and Central Asia,7.89,100,90,0.63,4.15,0.42,0.31,119.48,36.61,2.07,,
Netherlands,2008,NLD,Europe and Central Asia,9.92,100,89,0.63,3.65,0.4,0.32,120.44,35.65,1.43,,
Netherlands,2009,NLD,Europe and Central Asia,9.07,100,89,0.63,4.35,0.4,0.34,120.61,33.52,1.22,,
Netherlands,2010,NLD,Europe and Central Asia,9.1,100,88,0.61,4.99,0.41,0.34,122.08,34.74,0.1,,
Netherlands,2011,NLD,Europe and Central Asia,9.48,100,89,0.61,4.98,0.41,0.34,128.18,31.84,1.07,,
Netherlands,2012,NLD,Europe and Central Asia,10.09,100,84,0.61,5.82,0.41,0.35,110.11,31.86,1.15,,
Netherlands,2013,NLD,Europe and Central Asia,11.53,100,83,0.61,7.24,0.4,0.35,,31.62,0.43,,
Netherlands,2014,NLD,Europe and Central Asia,11.59,100,83,0.61,7.42,0.41,0.35,,31.13,2.56,,
Netherlands,2015,NLD,Europe and Central Asia,11.29,100,84,0.61,6.87,0.41,0.35,114.22,30.5,1.29,,
Netherlands,2016,NLD,Europe and Central Asia,11.28,100,83,0.64,6.01,0.41,0.35,113.76,29.47,1.94,,
Netherlands,2017,NLD,Europe and Central Asia,11.05,100,82,0.63,4.84,0.42,0.36,116.41,29.99,1.73,,
Netherlands,2018,NLD,Europe and Central Asia,10.79,100,82,0.63,3.83,0.41,0.36,115.23,29.26,2.14,,
Netherlands,2019,NLD,Europe and Central Asia,10.57,100,82,0.59,3.38,0.41,0.36,115.04,27.68,2.14,,
Netherlands,2020,NLD,Europe and Central Asia,9.32,100,82,0.59,3.82,0.41,,115.17,,2.48,,
Netherlands,2021,NLD,Europe and Central Asia,,,82,0.59,4.21,0.41,,,,1.32,,
Netherlands,2022,NLD,Europe and Central Asia,,,80,0.58,,,,,,2.6,,
New Zealand,2000,NZL,East Asia and Pacific,15.36,100,94,0.72,6.13,0.45,0.37,110.76,46.99,0.27,,
New Zealand,2001,NZL,East Asia and Pacific,16.99,100,94,0.72,5.43,0.46,0.37,111.73,48.22,0.57,,
New Zealand,2002,NZL,East Asia and Pacific,16.06,100,95,0.72,5.28,0.46,0.37,116.09,48.94,0.42,,
New Zealand,2003,NZL,East Asia and Pacific,15.38,100,95,0.71,4.75,0.47,0.37,118.77,50.86,0.24,,
New Zealand,2004,NZL,East Asia and Pacific,14.11,100,96,0.7,4.01,0.47,0.37,116.59,52.12,0.03,,
New Zealand,2005,NZL,East Asia and Pacific,14.07,100,96,0.7,3.81,0.45,0.37,120.25,52.87,0.44,,
New Zealand,2006,NZL,East Asia and Pacific,13.84,100,96,0.69,3.86,0.39,0.37,118.43,48.41,0.39,,
New Zealand,2007,NZL,East Asia and Pacific,11.45,100,94,0.68,3.66,0.41,0.37,119.35,48.66,0.24,,
New Zealand,2008,NZL,East Asia and Pacific,13.24,100,93,0.68,4.17,0.38,0.38,117.1,46.98,0.56,,
New Zealand,2009,NZL,East Asia and Pacific,12.36,100,94,0.69,6.12,0.43,0.38,124.66,42.6,0.06,,
New Zealand,2010,NZL,East Asia and Pacific,11.96,100,93,0.69,6.56,0.43,0.37,119.06,42.76,0.6,,
New Zealand,2011,NZL,East Asia and Pacific,12.1,100,95,0.71,6.49,0.45,0.38,118.5,43.75,0.67,,
New Zealand,2012,NZL,East Asia and Pacific,12.27,100,90,0.7,6.93,0.47,0.38,117.11,45.56,0.13,,
New Zealand,2013,NZL,East Asia and Pacific,12.37,100,91,0.7,5.84,0.45,0.38,115.26,45.25,1,,
New Zealand,2014,NZL,East Asia and Pacific,12.85,100,91,0.7,5.43,0.45,0.37,115.38,45.37,0.54,,
New Zealand,2015,NZL,East Asia and Pacific,13.36,100,91,0.7,5.41,0.46,0.37,114.75,44.8,0.57,,
New Zealand,2016,NZL,East Asia and Pacific,13.58,100,90,0.7,5.15,0.45,0.38,114.36,43.06,1.21,,
New Zealand,2017,NZL,East Asia and Pacific,13.58,100,89,0.7,4.74,0.46,0.38,114.59,44.41,0.63,,
New Zealand,2018,NZL,East Asia and Pacific,12.91,100,87,0.7,4.33,0.46,0.38,114.64,43.87,1.17,,
New Zealand,2019,NZL,East Asia and Pacific,12.15,100,87,0.69,4.11,0.46,0.39,123.14,45.27,1.12,,
New Zealand,2020,NZL,East Asia and Pacific,11.58,100,88,0.69,4.6,0.46,,120.38,,0.91,,
New Zealand,2021,NZL,East Asia and Pacific,,,88,0.68,3.78,0.46,,,,0.98,,
New Zealand,2022,NZL,East Asia and Pacific,,,87,0.67,,,,,,1.32,,
Nicaragua,2000,NIC,Latin America and Caribbean,43.88,59.36,,0.36,7.39,0.68,0.27,52.68,7.95,0.14,,
Nicaragua,2001,NIC,Latin America and Caribbean,40.38,60.61,24,0.36,7.47,0.69,0.27,55.71,7.97,0.5,,
Nicaragua,2002,NIC,Latin America and Caribbean,45.29,61.85,25,0.37,7.58,0.69,0.28,60.19,8.11,0.79,,
Nicaragua,2003,NIC,Latin America and Caribbean,38.69,63.09,26,0.37,7.6,0.68,0.29,,8.63,0.74,,
Nicaragua,2004,NIC,Latin America and Caribbean,41.56,64.33,27,0.37,6.41,0.68,0.3,65.11,8.19,0.58,,
Nicaragua,2005,NIC,Latin America and Caribbean,39.17,65.56,26,0.37,5.37,0.67,0.31,68.19,8.34,0.84,,
Nicaragua,2006,NIC,Latin America and Caribbean,41.98,66.82,26,0.34,5.31,0.67,0.32,69.02,8.5,0.71,,
Nicaragua,2007,NIC,Latin America and Caribbean,41.94,68.06,26,0.27,4.89,0.68,0.32,72.67,8.68,0.84,,
Nicaragua,2008,NIC,Latin America and Caribbean,40.91,69.31,25,0.26,6.2,0.67,0.32,71.76,8.33,0.57,,
Nicaragua,2009,NIC,Latin America and Caribbean,38.32,70.54,25,0.26,8.16,0.66,0.31,,8.04,0.82,,
Nicaragua,2010,NIC,Latin America and Caribbean,37.49,71.78,25,0.26,7.83,0.66,0.3,73.43,8.2,0.87,,
Nicaragua,2011,NIC,Latin America and Caribbean,37.83,73,25,0.25,6.5,0.65,0.3,,8.78,0.7,,
Nicaragua,2012,NIC,Latin America and Caribbean,37.64,74.23,29,0.23,5.21,0.65,0.3,,8.75,0.68,,
Nicaragua,2013,NIC,Latin America and Caribbean,36.9,75.45,28,0.2,5.28,0.65,0.3,,8.42,1.2,,
Nicaragua,2014,NIC,Latin America and Caribbean,35.33,76.66,28,0.19,4.52,0.65,0.29,,8.6,0.8,,
Nicaragua,2015,NIC,Latin America and Caribbean,35.39,77.52,27,0.19,4.7,0.65,0.3,,8.93,1.02,,
Nicaragua,2016,NIC,Latin America and Caribbean,35.02,78.37,26,0.18,3.9,0.65,0.3,,8.88,1.32,,
Nicaragua,2017,NIC,Latin America and Caribbean,33.84,79.16,26,0.17,3.3,0.65,0.3,,8.57,1.03,,
Nicaragua,2018,NIC,Latin America and Caribbean,33.16,79.26,25,0.14,5.2,0.65,0.3,,8.45,0.9,,
Nicaragua,2019,NIC,Latin America and Caribbean,33.22,79.36,22,0.14,5.2,0.64,0.29,,8.58,1.16,,
Nicaragua,2020,NIC,Latin America and Caribbean,32.27,79.47,22,0.13,5.94,0.66,,,,1.53,,
Nicaragua,2021,NIC,Latin America and Caribbean,,,20,0.12,5.93,0.66,,,,1.03,,
Nicaragua,2022,NIC,Latin America and Caribbean,,,19,0.11,,,,,,0.84,,
Niger,2000,NER,Sub-Saharan Africa,60.33,8.81,,0.28,1.52,0.63,0.4,6.59,3.14,0.68,,
Niger,2001,NER,Sub-Saharan Africa,60.26,9.21,,0.28,1.47,0.63,0.39,6.49,3.06,0.17,,
Niger,2002,NER,Sub-Saharan Africa,59.45,9.59,,0.28,1.9,0.64,0.38,6.55,3.13,0.54,,
Niger,2003,NER,Sub-Saharan Africa,61.08,9.98,,0.29,2.35,0.64,0.37,7.16,3.37,0.78,,
Niger,2004,NER,Sub-Saharan Africa,59.83,10.37,22,0.35,2.79,0.64,0.36,8.71,3.46,0.55,,
Niger,2005,NER,Sub-Saharan Africa,51.34,10.76,24,0.36,3.1,0.65,0.35,9.63,3.4,1.17,,
Niger,2006,NER,Sub-Saharan Africa,49.89,11.16,23,0.36,2.65,0.62,0.35,11.05,3.2,1.18,,
Niger,2007,NER,Sub-Saharan Africa,53.66,11.56,26,0.36,2.22,0.59,0.34,10.6,3.08,0.87,,
Niger,2008,NER,Sub-Saharan Africa,52.61,11.96,28,0.36,1.7,0.58,0.34,10.91,3.05,0.28,,
Niger,2009,NER,Sub-Saharan Africa,53.67,12.37,29,0.3,1.27,0.56,0.33,11.43,3.1,1.31,,
Niger,2010,NER,Sub-Saharan Africa,55.53,12.79,28,0.22,0.77,0.55,0.33,13.04,3.07,1.56,,
Niger,2011,NER,Sub-Saharan Africa,57.74,13.2,25,0.4,0.32,0.53,0.32,13.88,2.97,0.96,,
Niger,2012,NER,Sub-Saharan Africa,60.81,13.62,33,0.45,2.18,0.54,0.31,15.06,3.15,0.59,,
Niger,2013,NER,Sub-Saharan Africa,56.54,14.05,34,0.46,1.38,0.54,0.24,16.25,3.21,0.81,,
Niger,2014,NER,Sub-Saharan Africa,54.67,14.48,35,0.46,0.52,0.55,0.17,18.2,3.29,0.99,,
Niger,2015,NER,Sub-Saharan Africa,51.69,14.93,34,0.45,0.53,0.56,0.16,20.09,3.12,0.83,,
Niger,2016,NER,Sub-Saharan Africa,58.51,15.4,35,0.37,0.53,0.57,0.16,23.12,3.12,0.93,,
Niger,2017,NER,Sub-Saharan Africa,48.31,15.87,33,0.34,0.54,0.58,0.16,24.25,3.16,0.84,,
Niger,2018,NER,Sub-Saharan Africa,48.96,16.36,34,0.31,0.54,0.59,0.15,,3.18,1.07,,
Niger,2019,NER,Sub-Saharan Africa,46.1,16.87,32,0.34,0.55,0.59,0.15,,3.24,0.94,,
Niger,2020,NER,Sub-Saharan Africa,43.35,17.39,32,0.36,0.68,0.59,,,,0.78,,
Niger,2021,NER,Sub-Saharan Africa,,,31,0.34,0.67,0.59,,,,1.43,,
Niger,2022,NER,Sub-Saharan Africa,,,32,0.33,,,,,,0.43,,
Nigeria,2000,NGA,Sub-Saharan Africa,60.16,13.91,12,0.32,3.85,0.59,0.3,24.61,4.09,0.53,,
Nigeria,2001,NGA,Sub-Saharan Africa,60.75,14.36,10,0.32,3.84,0.59,0.29,27.03,4.78,0.23,,
Nigeria,2002,NGA,Sub-Saharan Africa,65.05,15.03,16,0.32,3.75,0.58,0.29,29.61,4.62,0.78,,
Nigeria,2003,NGA,Sub-Saharan Africa,72.81,15.71,14,0.3,3.81,0.58,0.3,,5.05,0.78,,
Nigeria,2004,NGA,Sub-Saharan Africa,64.55,16.41,16,0.29,3.79,0.58,0.3,35,4.93,0.7,,
Nigeria,2005,NGA,Sub-Saharan Africa,65.97,17.11,19,0.29,3.81,0.57,0.3,34.96,5.13,1.18,,
Nigeria,2006,NGA,Sub-Saharan Africa,70.46,17.83,22,0.29,3.8,0.57,0.3,34.46,4.64,1.2,,
Nigeria,2007,NGA,Sub-Saharan Africa,70.94,18.56,22,0.29,3.79,0.56,0.3,31.87,4.91,0.82,,
Nigeria,2008,NGA,Sub-Saharan Africa,72.76,19.3,27,0.29,3.78,0.56,0.3,35.39,4.83,0.59,,
Nigeria,2009,NGA,Sub-Saharan Africa,74.47,20.06,25,0.29,3.76,0.55,0.3,39.23,4.63,1.3,,
Nigeria,2010,NGA,Sub-Saharan Africa,76.88,20.83,24,0.3,3.76,0.55,0.3,44.22,4.91,1.43,,
Nigeria,2011,NGA,Sub-Saharan Africa,74.73,21.61,24,0.33,3.77,0.54,0.3,45.56,4.91,0.85,,
Nigeria,2012,NGA,Sub-Saharan Africa,72.84,22.4,27,0.34,3.75,0.54,0.29,47.18,4.69,0.53,,
Nigeria,2013,NGA,Sub-Saharan Africa,70.93,23.21,25,0.36,3.7,0.55,0.29,56.21,5.05,0.92,,
Nigeria,2014,NGA,Sub-Saharan Africa,71.85,24.03,27,0.36,3.94,0.55,0.28,45.62,4.87,1.01,,
Nigeria,2015,NGA,Sub-Saharan Africa,71.89,24.86,26,0.38,4.22,0.55,0.28,46.78,4.68,1.19,,
Nigeria,2016,NGA,Sub-Saharan Africa,75.19,25.71,28,0.38,4.51,0.55,0.28,42,4.65,1.17,,
Nigeria,2017,NGA,Sub-Saharan Africa,77.39,26.57,27,0.38,4.73,0.55,0.28,,4.6,1.17,,
Nigeria,2018,NGA,Sub-Saharan Africa,75.95,27.44,27,0.38,4.96,0.55,0.28,43.51,4.36,1.09,,
Nigeria,2019,NGA,Sub-Saharan Africa,71.5,28.32,26,0.35,5.21,0.55,0.28,,4.37,1.23,,
Nigeria,2020,NGA,Sub-Saharan Africa,74.68,29.21,25,0.35,6,0.55,,,,1.13,,
Nigeria,2021,NGA,Sub-Saharan Africa,,,24,0.33,5.94,0.55,,,,1.56,,
Nigeria,2022,NGA,Sub-Saharan Africa,,,24,0.33,,,,,,0.79,,
North Macedonia,2000,MKD,Europe and Central Asia,42.09,94.5,,0.28,32.2,0.46,0.33,81.35,14.79,1.07,,
North Macedonia,2001,MKD,Europe and Central Asia,42.38,94.5,,0.28,30.52,0.47,0.33,81.61,14.28,1.59,,
North Macedonia,2002,MKD,Europe and Central Asia,42.57,94.5,,0.33,31.94,0.47,0.35,80.9,14.43,0.36,,
North Macedonia,2003,MKD,Europe and Central Asia,43.79,94.5,23,0.38,36.69,0.47,0.36,81.56,14.42,0.62,,
North Macedonia,2004,MKD,Europe and Central Asia,42.53,94.51,27,0.42,37.16,0.47,0.36,81.32,14.76,0.36,,
North Macedonia,2005,MKD,Europe and Central Asia,41.24,94.6,27,0.41,37.32,0.47,0.35,81.53,15.3,0.15,,
North Macedonia,2006,MKD,Europe and Central Asia,37,94.69,27,0.4,36.03,0.47,0.35,,15.02,0.37,,
North Macedonia,2007,MKD,Europe and Central Asia,37.29,94.77,33,0.39,35.23,0.47,0.36,81.57,16.23,1.52,,
North Macedonia,2008,MKD,Europe and Central Asia,32.03,94.86,36,0.37,33.93,0.49,0.35,81.23,17.24,1.13,,
North Macedonia,2009,MKD,Europe and Central Asia,34.79,94.95,38,0.35,32.35,0.49,0.35,81.01,16.69,1.01,,
North Macedonia,2010,MKD,Europe and Central Asia,37.79,95.03,41,0.35,33.13,0.49,0.35,82.2,16.79,1.35,,
North Macedonia,2011,MKD,Europe and Central Asia,35.8,95.12,39,0.32,31.5,0.49,0.36,,17.51,0.74,,
North Macedonia,2012,MKD,Europe and Central Asia,35.24,95.21,43,0.31,31.2,0.48,0.36,82.39,17.5,1.45,,
North Macedonia,2013,MKD,Europe and Central Asia,33.71,95.3,44,0.3,29.14,0.47,0.36,80.95,16.7,1.42,,
North Macedonia,2014,MKD,Europe and Central Asia,34.98,95.39,45,0.3,28.38,0.46,0.36,80.57,16.12,1.29,,
North Macedonia,2015,MKD,Europe and Central Asia,34.26,95.48,42,0.3,26.43,0.45,0.37,81.89,15.73,1.48,,
North Macedonia,2016,MKD,Europe and Central Asia,35.32,95.57,37,0.29,24.3,0.45,0.36,,15.45,1.64,,
North Macedonia,2017,MKD,Europe and Central Asia,41.04,95.66,35,0.36,22.81,0.45,0.36,81.45,16.16,1.06,,
North Macedonia,2018,MKD,Europe and Central Asia,41.23,95.76,37,0.39,21.2,0.44,0.36,79.99,15.52,2.08,,
North Macedonia,2019,MKD,Europe and Central Asia,39.09,95.86,35,0.41,17.39,0.44,0.36,79.66,15.44,1.82,,
North Macedonia,2020,MKD,Europe and Central Asia,38.87,95.96,35,0.4,16.55,0.43,,79.6,,1.47,,
North Macedonia,2021,MKD,Europe and Central Asia,,,39,0.4,15.78,0.43,,,,1.53,,
North Macedonia,2022,MKD,Europe and Central Asia,,,40,0.37,,,,,,1.4,,
Norway,2000,NOR,Europe and Central Asia,17.94,100,91,0.66,3.46,0.41,0.37,116.06,31.59,1.43,,
Norway,2001,NOR,Europe and Central Asia,16.96,100,86,0.66,3.74,0.39,0.37,113.8,30.18,0.61,,
Norway,2002,NOR,Europe and Central Asia,16.83,100,85,0.66,4.02,0.39,0.37,112.37,31.6,1.39,,
Norway,2003,NOR,Europe and Central Asia,16.6,100,88,0.65,4.22,0.4,0.37,113.46,35.18,1.09,,
Norway,2004,NOR,Europe and Central Asia,16.76,100,89,0.65,4.26,0.41,0.37,115.38,34.51,1.3,,
Norway,2005,NOR,Europe and Central Asia,16.71,100,89,0.65,4.38,0.42,0.37,113.76,35.74,1.76,,
Norway,2006,NOR,Europe and Central Asia,16.45,100,88,0.65,3.4,0.42,0.37,113.94,37.42,1.5,,
Norway,2007,NOR,Europe and Central Asia,16.07,100,87,0.65,2.49,0.42,0.36,113.58,41.02,1.7,,
Norway,2008,NOR,Europe and Central Asia,15.66,100,79,0.65,2.55,0.42,0.37,112.57,39.37,1.62,,
Norway,2009,NOR,Europe and Central Asia,15.25,100,86,0.65,3.1,0.4,0.37,111.31,35.27,1.39,,
Norway,2010,NOR,Europe and Central Asia,15.05,100,86,0.65,3.52,0.41,0.38,112.61,36.79,-0.34,,
Norway,2011,NOR,Europe and Central Asia,15.21,100,90,0.65,3.21,0.42,0.38,112.19,36.68,1.4,,
Norway,2012,NOR,Europe and Central Asia,14.8,100,85,0.65,3.12,0.42,0.38,110.57,35.8,1.06,,
Norway,2013,NOR,Europe and Central Asia,14.59,100,86,0.64,3.42,0.42,0.38,113.18,34.62,0.79,,
Norway,2014,NOR,Europe and Central Asia,14.38,100,86,0.64,3.48,0.41,0.38,112.77,34.16,2.41,,
Norway,2015,NOR,Europe and Central Asia,14.14,100,88,0.65,4.3,0.4,0.38,114.65,33.87,1.78,,
Norway,2016,NOR,Europe and Central Asia,14.27,100,85,0.65,4.68,0.4,0.39,116.23,33.86,1.72,,
Norway,2017,NOR,Europe and Central Asia,14.51,100,85,0.65,4.16,0.4,0.38,116.87,33.76,1.55,,
Norway,2018,NOR,Europe and Central Asia,13.97,100,84,0.64,3.8,0.41,0.38,117.45,33.77,1.49,,
Norway,2019,NOR,Europe and Central Asia,13.92,100,84,0.64,3.69,0.4,0.38,118.62,32.52,1.21,,
Norway,2020,NOR,Europe and Central Asia,13.9,100,84,0.64,4.42,0.39,,118.97,,2.39,,
Norway,2021,NOR,Europe and Central Asia,,,85,0.65,4.37,0.39,,,,1.5,,
Norway,2022,NOR,Europe and Central Asia,,,84,0.65,,,,,,1.92,,
Oman,2000,OMN,Middle East and North Africa,11.75,83.9,,0.05,4.07,0.67,0.1,78.23,50.55,0.55,,
Oman,2001,OMN,Middle East and North Africa,11.27,83.89,,0.06,4.11,0.67,0.11,82.06,51.9,0.66,,
Oman,2002,OMN,Middle East and North Africa,10.15,83.89,,0.07,4.22,0.67,0.11,84.22,59.11,0.89,,
Oman,2003,OMN,Middle East and North Africa,10.58,83.88,63,0.07,4.26,0.67,0.11,85.83,69.08,0.84,,
Oman,2004,OMN,Middle East and North Africa,11.15,83.96,61,0.07,4.2,0.67,0.11,,59.16,0.78,,
Oman,2005,OMN,Middle East and North Africa,10.55,84.33,63,0.07,4.19,0.67,0.11,87.67,59.45,0.81,,
Oman,2006,OMN,Middle East and North Africa,11.48,84.69,64,0.07,4.16,0.67,0.11,87.56,75.61,0.84,,
Oman,2007,OMN,Middle East and North Africa,11.27,85.05,47,0.07,4.19,0.67,0.11,90.47,82.28,0.65,,
Oman,2008,OMN,Middle East and North Africa,12.45,85.41,55,0.07,4.14,0.67,0.1,94.17,84.52,0.54,,
Oman,2009,OMN,Middle East and North Africa,11.5,85.76,55,0.07,4.06,0.67,0.1,99.78,82.11,0.73,,
Oman,2010,OMN,Middle East and North Africa,10.41,86.11,53,0.07,4.01,0.67,0.09,,73.25,1.1,,
Oman,2011,OMN,Middle East and North Africa,10.84,86.57,48,0.11,3.87,0.67,0.08,99.59,73.5,0.84,,
Oman,2012,OMN,Middle East and North Africa,10.24,87.1,47,0.12,3.66,0.67,0.08,100.04,83.39,0.75,,
Oman,2013,OMN,Middle East and North Africa,6.97,87.61,47,0.12,3.6,0.67,0.07,99.52,79.64,0.47,,
Oman,2014,OMN,Middle East and North Africa,5.68,88.1,45,0.12,3.55,0.67,0.07,,82.13,0.49,,
Oman,2015,OMN,Middle East and North Africa,5.3,88.58,45,0.12,3.38,0.67,0.06,103.3,81.6,1.21,,
Oman,2016,OMN,Middle East and North Africa,5.56,89.04,45,0.13,3.27,0.67,0.06,107.58,73.18,0.93,,
Oman,2017,OMN,Middle East and North Africa,5.94,89.47,44,0.13,2.57,0.67,0.07,105.79,70.99,1.42,,
Oman,2018,OMN,Middle East and North Africa,6.5,89.89,52,0.13,1.8,0.67,0.09,106.67,70.3,1.12,,
Oman,2019,OMN,Middle East and North Africa,5.96,90.27,52,0.13,1.85,0.67,0.09,107.09,68.87,0.89,,
Oman,2020,OMN,Middle East and North Africa,4.67,90.56,54,0.12,2.94,0.67,,107.05,,0.5,,
Oman,2021,OMN,Middle East and North Africa,,,52,0.12,2.51,0.67,,106.04,,1.33,,
Oman,2022,OMN,Middle East and North Africa,,,44,0.12,,,,,,1.06,,
Pakistan,2000,PAK,South Asia,57.38,84.12,,0.15,0.61,0.55,0.07,,4.58,0.67,,
Pakistan,2001,PAK,South Asia,55.88,84.31,23,0.15,0.6,0.54,0.07,,4.45,0.76,,
Pakistan,2002,PAK,South Asia,51.04,84.5,26,0.19,0.59,0.55,0.07,,4.56,1.02,,
Pakistan,2003,PAK,South Asia,60.59,84.68,25,0.25,0.6,0.56,0.08,22.51,4.58,0.53,,
Pakistan,2004,PAK,South Asia,60.96,84.87,21,0.25,0.6,0.56,0.07,24.69,4.83,1.01,,
Pakistan,2005,PAK,South Asia,66.01,84.08,21,0.25,0.59,0.57,0.08,25.64,5.13,0.21,,
Pakistan,2006,PAK,South Asia,72.84,83.29,22,0.25,0.58,0.56,0.06,30.86,5.28,1.02,,
Pakistan,2007,PAK,South Asia,72.29,82.49,24,0.24,0.4,0.55,0.06,32.9,5.26,0.65,,
Pakistan,2008,PAK,South Asia,69.99,81.68,25,0.27,0.42,0.54,0.06,33.04,5.11,0.36,,
Pakistan,2009,PAK,South Asia,67.54,80.87,24,0.29,0.54,0.53,0.06,32.86,5.06,1.03,,
Pakistan,2010,PAK,South Asia,67.76,80.05,23,0.31,0.65,0.53,0.06,33.18,4.86,1.29,,
Pakistan,2011,PAK,South Asia,65.39,79.22,25,0.31,0.8,0.53,0.06,33.77,4.85,0.83,,
Pakistan,2012,PAK,South Asia,61.16,78.39,27,0.31,1.86,0.53,0.07,34.9,4.77,0.26,,
Pakistan,2013,PAK,South Asia,63.15,77.54,28,0.3,2.95,0.53,0.07,36,4.66,0.78,,
Pakistan,2014,PAK,South Asia,65.51,76.7,29,0.3,1.83,0.53,0.08,37.32,4.74,0.36,,
Pakistan,2015,PAK,South Asia,63.6,75.84,30,0.28,3.57,0.54,0.07,39.6,5,0.53,,
Pakistan,2016,PAK,South Asia,62.13,74.98,32,0.27,3.76,0.54,0.07,40.96,5.69,1.23,,
Pakistan,2017,PAK,South Asia,56.42,74.11,32,0.26,3.91,0.53,0.07,40.4,6.32,1.25,,
Pakistan,2018,PAK,South Asia,56.24,73.23,33,0.26,4.08,0.53,0.07,42.67,6.52,1.36,,
Pakistan,2019,PAK,South Asia,55.6,72.35,32,0.25,4.83,0.53,0.07,44.87,6.43,0.57,,
Pakistan,2020,PAK,South Asia,54.29,71.46,31,0.26,6.55,0.53,,,,0.39,,
Pakistan,2021,PAK,South Asia,,,28,0.26,6.34,0.53,,,,1.12,,
Pakistan,2022,PAK,South Asia,,,27,0.26,,,,,,1.39,,
Palestine,2000,PSE,Middle East and North Africa,,82.34,,0.22,,0.62,0.09,78.32,,0.25,,
Palestine,2001,PSE,Middle East and North Africa,,82.69,,0.23,,0.63,0.11,80.11,,0.86,,
Palestine,2002,PSE,Middle East and North Africa,,83.05,,0.23,,0.63,0.13,82.18,,0.73,,
Palestine,2003,PSE,Middle East and North Africa,,83.41,30,0.23,,0.63,0.12,84.8,,0.56,,
Palestine,2004,PSE,Middle East and North Africa,,83.76,25,0.32,,0.63,0.14,88.52,,0.55,,
Palestine,2005,PSE,Middle East and North Africa,,84.12,26,0.34,,0.64,0.12,89.64,,0.2,,
Palestine,2006,PSE,Middle East and North Africa,,84.47,,0.31,,0.64,0.13,90.8,,0.59,,
Palestine,2007,PSE,Middle East and North Africa,,84.83,,0.22,,0.66,0.13,90.25,,0.52,,
Palestine,2008,PSE,Middle East and North Africa,,85.18,,0.18,,0.65,0.14,88.7,,0.72,,
Palestine,2009,PSE,Middle East and North Africa,,85.53,,0.19,,0.64,0.14,87.52,,0.83,,
Palestine,2010,PSE,Middle East and North Africa,,85.88,,0.19,,0.64,0.13,85.74,,2.33,,
Palestine,2011,PSE,Middle East and North Africa,,86.23,,0.19,,0.63,0.13,84.25,,0.58,,
Palestine,2012,PSE,Middle East and North Africa,,86.58,,0.19,,0.63,0.12,83.94,,1.04,,
Palestine,2013,PSE,Middle East and North Africa,,87.28,,0.18,,0.62,0.12,84.01,,1.11,,
Palestine,2014,PSE,Middle East and North Africa,,87.98,,0.18,,0.62,0.12,84.4,,0.86,,
Palestine,2015,PSE,Middle East and North Africa,,88.68,,0.17,,0.62,0.12,85.84,,1.33,,
Palestine,2016,PSE,Middle East and North Africa,,89.39,,0.17,,0.61,0.12,87.03,,1.62,,
Palestine,2017,PSE,Middle East and North Africa,,90.09,,0.18,,0.61,0.11,88.92,,0.74,,
Palestine,2018,PSE,Middle East and North Africa,,90.79,,0.19,,0.61,0.12,89.49,,2.01,,
Palestine,2019,PSE,Middle East and North Africa,,91.49,,0.19,,0.61,0.13,90.67,,1.2,,
Palestine,2020,PSE,Middle East and North Africa,,92.19,,0.19,,0.61,,91.03,,1.46,,
Palestine,2021,PSE,Middle East and North Africa,,,,0.17,,0.61,,92.31,,1.79,,
Palestine,2022,PSE,Middle East and North Africa,,,,0.17,,,,,,1.07,,
Panama,2000,PAN,Latin America and Caribbean,30.71,85.3,,0.47,6.05,0.68,0.36,64.88,16.83,0.14,,
Panama,2001,PAN,Latin America and Caribbean,31.9,85.65,37,0.48,6.04,0.69,0.37,66.97,16.74,0.55,,
Panama,2002,PAN,Latin America and Caribbean,32.6,86.14,30,0.48,5.99,0.69,0.36,68.27,16.92,0.88,,
Panama,2003,PAN,Latin America and Caribbean,33.06,86.62,34,0.48,6.01,0.68,0.37,,17.14,0.93,,
Panama,2004,PAN,Latin America and Caribbean,32.35,87.11,37,0.47,5.94,0.68,0.36,67.84,17.01,0.73,,
Panama,2005,PAN,Latin America and Caribbean,35.8,87.6,35,0.47,5.95,0.67,0.36,68,17.17,0.74,,
Panama,2006,PAN,Latin America and Caribbean,33.34,88.08,32,0.48,5.86,0.67,0.35,67.73,17.68,0.74,,
Panama,2007,PAN,Latin America and Caribbean,29.96,88.56,32,0.48,5.84,0.68,0.35,67.96,18.28,0.65,,
Panama,2008,PAN,Latin America and Caribbean,29.22,89.05,34,0.48,5.91,0.67,0.35,68.79,18.57,0.44,,
Panama,2009,PAN,Latin America and Caribbean,29.72,89.53,34,0.48,6.01,0.66,0.36,69.99,18.09,0.95,,
Panama,2010,PAN,Latin America and Caribbean,31.44,90.01,36,0.48,5.88,0.66,0.36,71.3,18.02,0.98,,
Panama,2011,PAN,Latin America and Caribbean,34.16,90.49,33,0.48,4.05,0.65,0.36,70.88,18.22,0.59,,
Panama,2012,PAN,Latin America and Caribbean,34.78,90.96,38,0.48,3.72,0.65,0.36,,18.01,0.88,,
Panama,2013,PAN,Latin America and Caribbean,32.28,91.44,35,0.48,3.7,0.65,0.36,75.33,18.33,1,,
Panama,2014,PAN,Latin America and Caribbean,31.8,91.92,37,0.48,4.42,0.65,0.37,75.08,19.15,1.01,,
Panama,2015,PAN,Latin America and Caribbean,33.04,92.4,39,0.48,4.37,0.65,0.37,75.83,19.68,1.23,,
Panama,2016,PAN,Latin America and Caribbean,32.7,92.73,38,0.48,4.76,0.65,0.38,81.93,19.58,1.17,,
Panama,2017,PAN,Latin America and Caribbean,31.92,93.06,37,0.47,5.39,0.65,0.38,76.14,19.5,0.94,,
Panama,2018,PAN,Latin America and Caribbean,35.7,93.38,37,0.45,5.22,0.65,0.38,,19.42,1.28,,
Panama,2019,PAN,Latin America and Caribbean,36.57,93.67,36,0.44,6.33,0.64,0.39,,19.39,1.43,,
Panama,2020,PAN,Latin America and Caribbean,32.46,93.88,35,0.45,14.11,0.66,,,,1.48,,
Panama,2021,PAN,Latin America and Caribbean,,,36,0.44,10.3,0.66,,82.23,,1.2,,
Panama,2022,PAN,Latin America and Caribbean,,,36,0.43,,,,,,0.73,,
Papua New Guinea,2000,PNG,East Asia and Pacific,9.44,16.09,,0.32,2.92,0.62,0.22,,3.52,0.38,,
Papua New Guinea,2001,PNG,East Asia and Pacific,8.87,16.08,,0.32,2.8,0.61,0.22,,3.58,0.5,,
Papua New Guinea,2002,PNG,East Asia and Pacific,8.75,16.08,,0.32,2.73,0.61,0.22,,3.7,0.67,,
Papua New Guinea,2003,PNG,East Asia and Pacific,8.78,16.07,21,0.32,2.62,0.61,0.22,,3.79,0.52,,
Papua New Guinea,2004,PNG,East Asia and Pacific,8.48,16.07,25,0.31,2.54,0.61,0.22,,4.03,0.23,,
Papua New Guinea,2005,PNG,East Asia and Pacific,8.2,16.47,23,0.31,2.4,0.6,0.22,,4.23,0.66,,
Papua New Guinea,2006,PNG,East Asia and Pacific,8.11,16.87,24,0.31,2.35,0.6,0.22,,4.43,0.25,,
Papua New Guinea,2007,PNG,East Asia and Pacific,7.78,17.27,20,0.29,2.24,0.6,0.22,,4.84,0.44,,
Papua New Guinea,2008,PNG,East Asia and Pacific,8.7,17.67,20,0.27,2.33,0.59,0.23,,4.59,0.34,,
Papua New Guinea,2009,PNG,East Asia and Pacific,10.39,18.84,21,0.27,2.13,0.59,0.23,,4.31,0.32,,
Papua New Guinea,2010,PNG,East Asia and Pacific,12.28,20.02,21,0.27,2,0.59,0.23,,4.16,1.01,,
Papua New Guinea,2011,PNG,East Asia and Pacific,12.24,21.2,22,0.27,2.62,0.59,0.23,,4.58,0.39,,
Papua New Guinea,2012,PNG,East Asia and Pacific,9.22,22.4,25,0.27,2.53,0.59,0.23,38.67,4.61,0.3,,
Papua New Guinea,2013,PNG,East Asia and Pacific,6.57,23.61,25,0.26,2.53,0.59,0.23,,4.65,0.8,,
Papua New Guinea,2014,PNG,East Asia and Pacific,5.96,24.84,25,0.26,2.34,0.59,0.23,,4.61,0.39,,
Papua New Guinea,2015,PNG,East Asia and Pacific,12.37,26.08,25,0.26,2.45,0.59,0.23,,4.62,0.16,,
Papua New Guinea,2016,PNG,East Asia and Pacific,10.14,27.34,28,0.26,2.45,0.59,0.24,,4.81,1.13,,
Papua New Guinea,2017,PNG,East Asia and Pacific,9,28.63,29,0.26,2.48,0.59,0.24,,4.8,0.79,,
Papua New Guinea,2018,PNG,East Asia and Pacific,9.63,29.93,28,0.26,2.54,0.59,0.24,46.97,5.72,0.66,,
Papua New Guinea,2019,PNG,East Asia and Pacific,9.53,31.26,28,0.27,2.43,0.59,0.24,,6.59,0.7,,
Papua New Guinea,2020,PNG,East Asia and Pacific,8.77,32.61,27,0.27,2.69,0.59,,,,1.08,,
Papua New Guinea,2021,PNG,East Asia and Pacific,,,31,0.27,2.83,0.59,,,,1.18,,
Papua New Guinea,2022,PNG,East Asia and Pacific,,,30,0.28,,,,,,1.22,,
Paraguay,2000,PRY,Latin America and Caribbean,49.1,72.91,,0.33,7.61,0.68,0.31,61.51,14.78,0.1,,
Paraguay,2001,PRY,Latin America and Caribbean,52.39,74.49,,0.33,6.21,0.69,0.3,65.51,15.91,0.61,,
Paraguay,2002,PRY,Latin America and Caribbean,56.07,76.05,17,0.34,9.39,0.69,0.3,67.27,15.55,1.07,,
Paraguay,2003,PRY,Latin America and Caribbean,54.63,77.48,16,0.35,6.81,0.68,0.3,65.11,17.36,0.72,,
Paraguay,2004,PRY,Latin America and Caribbean,56.96,78.88,19,0.37,6.51,0.68,0.29,66.23,16.61,0.39,,
Paraguay,2005,PRY,Latin America and Caribbean,57.92,80.27,21,0.37,4.82,0.67,0.29,66.07,17.35,0.51,,
Paraguay,2006,PRY,Latin America and Caribbean,56.72,81.64,26,0.37,5.28,0.67,0.29,65.54,18.65,0.92,,
Paraguay,2007,PRY,Latin America and Caribbean,57.96,83,24,0.37,4.71,0.68,0.28,65.46,20.78,0.25,,
Paraguay,2008,PRY,Latin America and Caribbean,60.47,84.34,24,0.4,4.42,0.67,0.29,66.43,21.38,0.26,,
Paraguay,2009,PRY,Latin America and Caribbean,55.45,85.67,21,0.41,5.46,0.66,0.29,66.79,20.5,0.9,,
Paraguay,2010,PRY,Latin America and Caribbean,53.93,86.98,22,0.41,4.57,0.66,0.3,67.68,22.6,0.33,,
Paraguay,2011,PRY,Latin America and Caribbean,50.01,88.28,22,0.42,4.67,0.65,0.31,69.77,23.38,0.6,,
Paraguay,2012,PRY,Latin America and Caribbean,46.33,89.57,25,0.4,4.09,0.65,0.32,75.91,22.99,0.83,,
Paraguay,2013,PRY,Latin America and Caribbean,47.5,90.84,24,0.37,4.38,0.65,0.34,,24.34,0.33,,
Paraguay,2014,PRY,Latin America and Caribbean,44.39,92.09,24,0.38,5.03,0.65,0.33,,24.87,1.12,,
Paraguay,2015,PRY,Latin America and Caribbean,43.81,93.33,27,0.38,4.56,0.65,0.33,,24.49,1.49,,
Paraguay,2016,PRY,Latin America and Caribbean,42.92,94.56,30,0.37,5.25,0.65,0.32,,25.57,0.25,,
Paraguay,2017,PRY,Latin America and Caribbean,43.77,95.78,29,0.37,4.61,0.65,0.32,,26.83,1.15,,
Paraguay,2018,PRY,Latin America and Caribbean,43.88,96.03,29,0.36,6.22,0.65,0.33,,27.38,0.54,,
Paraguay,2019,PRY,Latin America and Caribbean,41.97,96.05,28,0.37,6.59,0.64,0.34,,27.51,1.28,,
Paraguay,2020,PRY,Latin America and Caribbean,38.37,96.06,28,0.36,7.55,0.66,,,,1.37,,
Paraguay,2021,PRY,Latin America and Caribbean,,,30,0.36,7.31,0.66,,,,0.7,,
Paraguay,2022,PRY,Latin America and Caribbean,,,28,0.35,,,,,,0.65,,
Peru,2000,PER,Latin America and Caribbean,40.28,73.34,44,0.27,4.9,0.68,0.26,80.77,9.1,0.33,,
Peru,2001,PER,Latin America and Caribbean,40.65,74.05,41,0.49,5.03,0.75,0.28,83.92,9.09,0.49,,
Peru,2002,PER,Latin America and Caribbean,39.94,74.76,44,0.54,4.84,0.74,0.28,85.42,9.53,0.75,,
Peru,2003,PER,Latin America and Caribbean,37.49,75.46,37,0.55,4.15,0.76,0.29,78.73,8.9,0.77,,
Peru,2004,PER,Latin America and Caribbean,36.69,76.16,35,0.55,4.71,0.72,0.28,81.77,9.07,0.68,,
Peru,2005,PER,Latin America and Caribbean,34.02,76.85,35,0.55,4.87,0.71,0.3,82.2,9.83,0.81,,
Peru,2006,PER,Latin America and Caribbean,40.33,77.53,33,0.53,4.17,0.71,0.31,84.73,8.86,0.81,,
Peru,2007,PER,Latin America and Caribbean,42.54,78.2,35,0.53,4.08,0.72,0.33,87.35,10.41,0.56,,
Peru,2008,PER,Latin America and Caribbean,43.35,78.82,36,0.53,4.03,0.7,0.32,88.22,12.07,0.6,,
Peru,2009,PER,Latin America and Caribbean,40.28,79.41,37,0.52,3.96,0.69,0.32,90.83,12.18,0.87,,
Peru,2010,PER,Latin America and Caribbean,39.51,80.01,35,0.57,3.6,0.69,0.32,92.28,13.25,1.06,,
Peru,2011,PER,Latin America and Caribbean,40.33,80.6,34,0.59,3.48,0.69,0.32,93.9,13.09,0.79,,
Peru,2012,PER,Latin America and Caribbean,38.87,81.2,38,0.59,3.24,0.68,0.33,93.17,14.06,0.81,,
Peru,2013,PER,Latin America and Caribbean,35.09,81.79,38,0.58,3.57,0.68,0.33,98.55,12.97,0.65,,
Peru,2014,PER,Latin America and Caribbean,31.56,82.38,38,0.58,3.21,0.68,0.34,97.02,12.89,0.88,,
Peru,2015,PER,Latin America and Caribbean,29.93,82.97,36,0.57,3.27,0.68,0.34,97.6,13.21,1.26,,
Peru,2016,PER,Latin America and Caribbean,29.33,83.56,35,0.55,3.74,0.68,0.34,101.96,13.03,1.45,,
Peru,2017,PER,Latin America and Caribbean,28.64,84.15,37,0.55,3.69,0.71,0.34,104.69,13.27,0.98,,
Peru,2018,PER,Latin America and Caribbean,29.41,84.74,35,0.6,3.49,0.69,0.34,106.45,13.71,0.73,,
Peru,2019,PER,Latin America and Caribbean,28.13,85.33,36,0.58,3.38,0.66,0.34,108.83,13.06,1.05,,
Peru,2020,PER,Latin America and Caribbean,22.76,85.92,38,0.6,7.18,0.73,,110.58,,1.78,,
Peru,2021,PER,Latin America and Caribbean,,,36,0.55,5.1,0.73,,110.55,,1.29,,
Peru,2022,PER,Latin America and Caribbean,,,36,0.52,,,,,,0.88,,
Philippines,2000,PHL,East Asia and Pacific,41.19,36.27,28,0.41,3.65,0.63,0.28,,6.86,0.67,,
Philippines,2001,PHL,East Asia and Pacific,44.62,36.37,29,0.38,3.7,0.63,0.27,74.73,6.5,0.83,,
Philippines,2002,PHL,East Asia and Pacific,47.77,38.44,26,0.37,3.63,0.62,0.27,79.19,6.29,0.73,,
Philippines,2003,PHL,East Asia and Pacific,47.7,40.53,25,0.37,3.53,0.61,0.27,81.28,6.27,0.8,,
Philippines,2004,PHL,East Asia and Pacific,47.78,42.65,26,0.34,3.55,0.61,0.27,83.33,6.13,0.69,,
Philippines,2005,PHL,East Asia and Pacific,52.11,44.78,25,0.33,3.8,0.61,0.28,82.9,6.15,0.78,,
Philippines,2006,PHL,East Asia and Pacific,54.04,46.93,25,0.33,4.05,0.61,0.28,81.27,5.74,0.83,,
Philippines,2007,PHL,East Asia and Pacific,55.97,49.1,25,0.33,3.43,0.61,0.28,81.22,5.9,0.88,,
Philippines,2008,PHL,East Asia and Pacific,57.45,51.29,23,0.33,3.72,0.61,0.28,81.96,6.11,0.57,,
Philippines,2009,PHL,East Asia and Pacific,55.58,53.5,24,0.33,3.86,0.61,0.28,84.12,5.83,0.72,,
Philippines,2010,PHL,East Asia and Pacific,54.85,55.74,24,0.37,3.61,0.61,0.28,,6.2,1.07,,
Philippines,2011,PHL,East Asia and Pacific,58.89,58.07,26,0.38,3.59,0.6,0.28,,6.26,0.62,,
Philippines,2012,PHL,East Asia and Pacific,58.31,60.41,34,0.38,3.5,0.6,0.27,,6.44,0.91,,
Philippines,2013,PHL,East Asia and Pacific,57.57,62.77,36,0.38,3.5,0.6,0.28,,6.69,1.06,,
Philippines,2014,PHL,East Asia and Pacific,52.38,65.15,38,0.38,3.6,0.59,0.28,86.97,6.68,0.96,,
Philippines,2015,PHL,East Asia and Pacific,51.18,67.55,35,0.38,3.07,0.59,0.28,87.85,6.8,1.16,,
Philippines,2016,PHL,East Asia and Pacific,50.49,69.95,35,0.35,2.7,0.58,0.27,88.46,6.98,1.6,,
Philippines,2017,PHL,East Asia and Pacific,50.15,72.38,34,0.34,2.55,0.58,0.27,86.16,7.3,1.3,,
Philippines,2018,PHL,East Asia and Pacific,50.44,74.83,36,0.33,2.34,0.57,0.27,84.05,7.37,1.33,,
Philippines,2019,PHL,East Asia and Pacific,48.79,77.3,34,0.31,2.24,0.57,0.27,89.77,7.55,1.41,,
Philippines,2020,PHL,East Asia and Pacific,45.03,79.79,34,0.28,2.52,0.57,,91.99,,1.56,,
Philippines,2021,PHL,East Asia and Pacific,,,33,0.29,2.63,0.57,,90.44,,1.43,,
Philippines,2022,PHL,East Asia and Pacific,,,33,0.29,,,,,,1.41,,
Poland,2000,POL,Europe and Central Asia,31.33,,41,0.64,16.31,0.44,0.42,100.1,25.99,1.89,,
Poland,2001,POL,Europe and Central Asia,29.19,,41,0.64,18.37,0.44,0.42,101.63,25.36,1.29,,
Poland,2002,POL,Europe and Central Asia,26.66,,40,0.65,19.89,0.45,0.42,103.79,25.01,1.7,,
Poland,2003,POL,Europe and Central Asia,28.05,,36,0.65,19.37,0.46,0.43,105.7,25.07,0.37,,
Poland,2004,POL,Europe and Central Asia,29.79,,35,0.65,19.07,0.47,0.42,97.55,25.81,0.78,,
Poland,2005,POL,Europe and Central Asia,28.05,91.02,34,0.65,17.75,0.48,0.41,99.58,25.83,0.88,,
Poland,2006,POL,Europe and Central Asia,27.32,91.4,37,0.64,13.84,0.48,0.39,98.65,27.76,0.84,,
Poland,2007,POL,Europe and Central Asia,26.67,91.78,42,0.64,9.6,0.48,0.39,98.08,28.89,2.15,,
Poland,2008,POL,Europe and Central Asia,24.43,92.16,46,0.66,7.12,0.48,0.39,97.15,29.76,1.75,,
Poland,2009,POL,Europe and Central Asia,24.52,92.54,50,0.65,8.17,0.47,0.4,96.24,27.15,1.27,,
Poland,2010,POL,Europe and Central Asia,23.87,93.1,53,0.66,9.64,0.47,0.4,95.94,28.77,0.4,,
Poland,2011,POL,Europe and Central Asia,23.96,93.66,55,0.65,9.63,0.48,0.39,95.9,29.38,0.77,,
Poland,2012,POL,Europe and Central Asia,24.27,94.23,58,0.64,10.09,0.47,0.4,96.21,28.85,1.38,,
Poland,2013,POL,Europe and Central Asia,23.8,94.8,60,0.64,10.33,0.47,0.4,107.35,27.89,0.65,,
Poland,2014,POL,Europe and Central Asia,23.01,95.38,61,0.63,8.99,0.48,0.39,106.9,27.53,2.38,,
Poland,2015,POL,Europe and Central Asia,23.31,95.97,63,0.62,7.5,0.48,0.4,107.74,27.48,2.01,,
Poland,2016,POL,Europe and Central Asia,23.08,96.56,62,0.49,6.16,0.48,0.4,108.6,27.38,2.06,,
Poland,2017,POL,Europe and Central Asia,23.06,97.16,60,0.45,4.89,0.48,0.4,109.93,28.04,1.48,,
Poland,2018,POL,Europe and Central Asia,20.79,97.76,60,0.45,3.85,0.48,0.4,111.97,28.39,2.43,,
Poland,2019,POL,Europe and Central Asia,20.44,98.33,58,0.45,3.28,0.48,0.4,111.8,27.16,2.65,,
Poland,2020,POL,Europe and Central Asia,20.03,98.33,56,0.4,3.16,0.49,,115.24,,2.68,,
Poland,2021,POL,Europe and Central Asia,,,56,0.36,3.36,0.49,,,,1.47,,
Poland,2022,POL,Europe and Central Asia,,,55,0.35,,,,,,2.06,,
Portugal,2000,PRT,Europe and Central Asia,25.71,97.73,64,0.63,3.81,0.49,0.39,104.74,30.49,0.67,,
Portugal,2001,PRT,Europe and Central Asia,25.11,97.86,63,0.63,3.83,0.51,0.39,105.8,30.23,1.17,,
Portugal,2002,PRT,Europe and Central Asia,23.18,97.98,63,0.64,4.5,0.5,0.39,107.33,30.69,0.68,,
Portugal,2003,PRT,Europe and Central Asia,23.69,98.11,66,0.63,6.13,0.5,0.39,106.48,28.79,1.46,,
Portugal,2004,PRT,Europe and Central Asia,23.5,98.24,63,0.63,6.32,0.51,0.4,95.07,30.7,1.06,,
Portugal,2005,PRT,Europe and Central Asia,23.68,98.37,65,0.64,7.58,0.51,0.4,97.93,30.36,1.03,,
Portugal,2006,PRT,Europe and Central Asia,25.52,98.5,66,0.64,7.65,0.51,0.4,98.49,29.93,1.56,,
Portugal,2007,PRT,Europe and Central Asia,25.91,98.63,65,0.66,7.97,0.51,0.39,101.96,28.33,0.78,,
Portugal,2008,PRT,Europe and Central Asia,26.39,98.75,61,0.66,7.55,0.5,0.41,103.69,27.46,0.65,,
Portugal,2009,PRT,Europe and Central Asia,25.1,98.88,58,0.66,9.43,0.49,0.41,105.9,24.61,1.42,,
Portugal,2010,PRT,Europe and Central Asia,24.71,99.01,60,0.66,10.77,0.49,0.42,106.75,24.09,1.12,,
Portugal,2011,PRT,Europe and Central Asia,26.65,99.14,61,0.66,12.68,0.5,0.43,106.59,23.12,1.62,,
Portugal,2012,PRT,Europe and Central Asia,29.58,99.26,63,0.66,15.53,0.48,0.44,108.72,21.47,0.8,,
Portugal,2013,PRT,Europe and Central Asia,28.79,99.36,62,0.64,16.19,0.49,0.43,119.46,21.11,0.94,,
Portugal,2014,PRT,Europe and Central Asia,29.33,99.4,63,0.65,13.9,0.49,0.43,116.08,21.27,1.35,,
Portugal,2015,PRT,Europe and Central Asia,29.53,99.41,64,0.64,12.45,0.49,0.43,118.77,21.77,1.41,,
Portugal,2016,PRT,Europe and Central Asia,29.43,99.41,62,0.64,11.07,0.49,0.43,118.02,21.26,1.68,,
Portugal,2017,PRT,Europe and Central Asia,29.69,99.42,63,0.65,8.87,0.49,0.45,119.91,22.76,2.11,,
Portugal,2018,PRT,Europe and Central Asia,29.92,99.42,64,0.64,6.99,0.48,0.44,120.83,22.07,0.91,,
Portugal,2019,PRT,Europe and Central Asia,30.61,99.43,62,0.62,6.46,0.47,0.44,120.62,20.9,1.29,,
Portugal,2020,PRT,Europe and Central Asia,27.8,99.43,61,0.62,6.8,0.46,,119.74,,1.99,,
Portugal,2021,PRT,Europe and Central Asia,,,62,0.62,6.58,0.47,,,,1.25,,
Portugal,2022,PRT,Europe and Central Asia,,,62,0.58,,,,,,2.32,,
Puerto Rico,2000,PRI,Latin America and Caribbean,,94.42,,,10.08,,0.35,,,0.27,,
Puerto Rico,2001,PRI,Latin America and Caribbean,,94.71,,,11.4,,0.35,,,0.74,,
Puerto Rico,2002,PRI,Latin America and Caribbean,,95.01,,,11.94,,0.36,,,0.89,,
Puerto Rico,2003,PRI,Latin America and Caribbean,,95.3,,,11.78,,0.36,,,1.06,,
Puerto Rico,2004,PRI,Latin America and Caribbean,,95.59,,,10.31,,0.36,,,0.57,,
Puerto Rico,2005,PRI,Latin America and Caribbean,,95.89,,,11.35,,0.36,,,0.87,,
Puerto Rico,2006,PRI,Latin America and Caribbean,,96.18,,,11.01,,0.37,,,0.82,,
Puerto Rico,2007,PRI,Latin America and Caribbean,,96.48,,,10.93,,0.37,,,1.07,,
Puerto Rico,2008,PRI,Latin America and Caribbean,,96.77,58,,11.48,,0.37,,,0.52,,
Puerto Rico,2009,PRI,Latin America and Caribbean,,97.07,58,,15,,0.37,88.16,,0.65,,
Puerto Rico,2010,PRI,Latin America and Caribbean,,97.36,58,,16.1,,0.38,85.88,,1.18,,
Puerto Rico,2011,PRI,Latin America and Caribbean,,97.66,56,,15.7,,0.38,81.22,,0.53,,
Puerto Rico,2012,PRI,Latin America and Caribbean,,97.96,,,14.5,,0.37,83.78,,0.76,,
Puerto Rico,2013,PRI,Latin America and Caribbean,,98.25,,,14.3,,0.38,86.5,,0.77,,
Puerto Rico,2014,PRI,Latin America and Caribbean,,98.55,,,13.9,,0.38,,,0.87,,
Puerto Rico,2015,PRI,Latin America and Caribbean,,98.85,,,12,,0.38,,,1.09,,
Puerto Rico,2016,PRI,Latin America and Caribbean,,99.15,,,11.8,,0.38,,,1.2,,
Puerto Rico,2017,PRI,Latin America and Caribbean,,99.45,,,10.8,,0.38,,,0.97,,
Puerto Rico,2018,PRI,Latin America and Caribbean,,99.75,,,9.2,,0.39,,,0.85,,
Puerto Rico,2019,PRI,Latin America and Caribbean,,100,,,8.3,,0.39,,,0.95,,
Puerto Rico,2020,PRI,Latin America and Caribbean,,100,,,8.89,,,,,1.35,,
Puerto Rico,2021,PRI,Latin America and Caribbean,,,,,7.9,,,,,0.92,,
Puerto Rico,2022,PRI,Latin America and Caribbean,,,,,,,,,,0.85,,
Qatar,2000,QAT,Middle East and North Africa,30.03,96.6,,0.02,0.84,0.66,0.09,91.38,147.53,0.94,,
Qatar,2001,QAT,Middle East and North Africa,27.42,96.6,,0.02,0.85,0.66,0.09,88.4,159.68,0.97,,
Qatar,2002,QAT,Middle East and North Africa,27.51,96.6,,0.02,0.85,0.66,0.1,91.88,174.16,1.44,,
Qatar,2003,QAT,Middle East and North Africa,18.53,96.6,56,0.04,0.86,0.66,0.1,98.44,175.18,1.18,,
Qatar,2004,QAT,Middle East and North Africa,18.56,96.6,52,0.04,0.86,0.66,0.09,101.98,168.85,1.23,,
Qatar,2005,QAT,Middle East and North Africa,18.61,96.6,59,0.04,0.87,0.66,0.08,99.87,174.97,0.84,,
Qatar,2006,QAT,Middle East and North Africa,18.67,96.6,60,0.04,0.87,0.66,0.08,93.97,173.49,1.65,,
Qatar,2007,QAT,Middle East and North Africa,18.72,96.6,60,0.04,0.52,0.66,0.07,,169.7,0.99,,
Qatar,2008,QAT,Middle East and North Africa,18.78,96.6,65,0.03,0.31,0.66,0.06,,169.97,1.16,,
Qatar,2009,QAT,Middle East and North Africa,19.38,96.6,70,0.03,0.31,0.66,0.06,,166.99,1.11,,
Qatar,2010,QAT,Middle East and North Africa,18.73,96.6,77,0.04,0.45,0.66,0.06,105.47,155.28,2,,
Qatar,2011,QAT,Middle East and North Africa,16.89,96.54,72,0.03,0.56,0.66,0.06,,143.56,1.44,,
Qatar,2012,QAT,Middle East and North Africa,10.88,96.48,68,0.03,0.48,0.66,0.06,,151.53,1.38,,
Qatar,2013,QAT,Middle East and North Africa,6.91,96.42,68,0.03,0.28,0.66,0.07,,129.25,1.21,,
Qatar,2014,QAT,Middle East and North Africa,5.67,96.36,69,0.03,0.2,0.66,0.07,,146.33,1.54,,
Qatar,2015,QAT,Middle East and North Africa,5.91,96.3,71,0.03,0.17,0.66,0.07,,162.93,1.97,,
Qatar,2016,QAT,Middle East and North Africa,7.75,96.24,61,0.03,0.15,0.66,0.07,,177.8,1.52,,
Qatar,2017,QAT,Middle East and North Africa,9.49,96.18,63,0.02,0.14,0.66,0.07,,168.72,1.89,,
Qatar,2018,QAT,Middle East and North Africa,10.35,96.18,62,0.02,0.11,0.66,0.08,,163.65,2,,
Qatar,2019,QAT,Middle East and North Africa,10.2,96.18,62,0.03,0.1,0.66,0.08,,160.83,1.84,,
Qatar,2020,QAT,Middle East and North Africa,9.48,96.18,63,0.02,0.14,0.66,,,,1.73,,
Qatar,2021,QAT,Middle East and North Africa,,,63,0.02,0.17,0.66,,,,2.17,,
Qatar,2022,QAT,Middle East and North Africa,,,58,0.02,,,,,,1.86,,
Republic of Korea,2000,KOR,East Asia and Pacific,43.64,,40,0.59,4.06,0.44,0.29,95.96,45.7,0.41,,
Republic of Korea,2001,KOR,East Asia and Pacific,39.21,,42,0.6,3.7,0.44,0.3,95.62,46.2,0.89,,
Republic of Korea,2002,KOR,East Asia and Pacific,38.64,97,45,0.6,3.05,0.44,0.3,95.81,48.08,0.65,,
Republic of Korea,2003,KOR,East Asia and Pacific,38.73,97,43,0.6,3.35,0.44,0.3,96.49,33.73,0.62,,
Republic of Korea,2004,KOR,East Asia and Pacific,38.03,97,45,0.6,3.42,0.44,0.3,97.19,40.75,1.19,,
Republic of Korea,2005,KOR,East Asia and Pacific,37.74,97,50,0.6,3.48,0.44,0.3,97.07,36.18,0.92,,
Republic of Korea,2006,KOR,East Asia and Pacific,35.74,97,51,0.6,3.25,0.44,0.31,95.81,48.77,0.48,,
Republic of Korea,2007,KOR,East Asia and Pacific,35.77,97.19,51,0.6,3.01,0.45,0.31,95.25,51.28,1.24,,
Republic of Korea,2008,KOR,East Asia and Pacific,37.05,97.37,56,0.53,2.96,0.46,0.31,95.05,53.03,0.95,,
Republic of Korea,2009,KOR,East Asia and Pacific,34.29,97.56,55,0.52,3.36,0.46,0.31,95.98,47.15,0.95,,
Republic of Korea,2010,KOR,East Asia and Pacific,34.02,97.74,54,0.52,3.32,0.46,0.31,96.36,53.96,0.5,,
Republic of Korea,2011,KOR,East Asia and Pacific,34.14,97.93,54,0.52,2.99,0.47,0.31,96.9,55.01,0.31,,
Republic of Korea,2012,KOR,East Asia and Pacific,34.55,98.11,56,0.51,2.81,0.44,0.31,97.8,53.93,0.4,,
Republic of Korea,2013,KOR,East Asia and Pacific,34.22,98.3,55,0.48,2.75,0.45,0.31,99.37,53.79,0.52,,
Republic of Korea,2014,KOR,East Asia and Pacific,33.86,98.48,55,0.48,3.08,0.44,0.31,99.87,54.1,0.99,,
Republic of Korea,2015,KOR,East Asia and Pacific,33.6,98.67,54,0.47,3.55,0.46,0.32,100.01,53.92,0.94,,
Republic of Korea,2016,KOR,East Asia and Pacific,33.03,98.85,53,0.48,3.65,0.46,0.32,100.49,54.67,1.64,,
Republic of Korea,2017,KOR,East Asia and Pacific,32.63,99.04,54,0.6,3.65,0.46,0.32,100.34,55.45,1.46,,
Republic of Korea,2018,KOR,East Asia and Pacific,32.5,99.22,57,0.6,3.82,0.46,0.32,98.51,56.75,0.97,,
Republic of Korea,2019,KOR,East Asia and Pacific,30.25,99.41,44,0.58,3.75,0.46,0.32,95.87,54.52,1.49,,
Republic of Korea,2020,KOR,East Asia and Pacific,27.75,99.6,44,0.59,3.93,0.46,,96.04,,1.55,,
Republic of Korea,2021,KOR,East Asia and Pacific,,,62,0.6,3.64,0.44,,,,1.76,,
Republic of Korea,2022,KOR,East Asia and Pacific,,,63,0.54,,,,,,1.66,,
Republic of the Congo,2000,COG,Sub-Saharan Africa,,27.42,,0.11,19.98,0.65,0.18,,7.01,0.4,,
Republic of the Congo,2001,COG,Sub-Saharan Africa,,27.58,,0.11,20,0.65,0.18,,6.73,0.36,,
Republic of the Congo,2002,COG,Sub-Saharan Africa,,27.78,,0.12,19.96,0.65,0.18,38.31,5.55,0.75,,
Republic of the Congo,2003,COG,Sub-Saharan Africa,,27.98,,0.12,19.98,0.65,0.18,39.5,6.73,0.85,,
Republic of the Congo,2004,COG,Sub-Saharan Africa,,29.58,23,0.14,19.9,0.65,0.18,44.62,6.62,0.89,,
Republic of the Congo,2005,COG,Sub-Saharan Africa,,31.2,23,0.14,19.8,0.65,0.19,,7.13,0.91,,
Republic of the Congo,2006,COG,Sub-Saharan Africa,,32.84,22,0.14,19.85,0.66,0.19,,7.76,0.81,,
Republic of the Congo,2007,COG,Sub-Saharan Africa,,34.5,21,0.13,20.12,0.66,0.19,,7.13,0.83,,
Republic of the Congo,2008,COG,Sub-Saharan Africa,,36.19,19,0.13,19.98,0.66,0.19,,7.04,0.74,,
Republic of the Congo,2009,COG,Sub-Saharan Africa,,37.9,19,0.13,19.94,0.66,0.18,,8.11,0.82,,
Republic of the Congo,2010,COG,Sub-Saharan Africa,,39.63,21,0.13,20.02,0.66,0.19,,7.98,1.26,,
Republic of the Congo,2011,COG,Sub-Saharan Africa,,41.39,22,0.13,20.19,0.66,0.19,,7.24,0.65,,
Republic of the Congo,2012,COG,Sub-Saharan Africa,,43.16,26,0.12,20.12,0.66,0.19,52.59,7.2,0.67,,
Republic of the Congo,2013,COG,Sub-Saharan Africa,,44.96,22,0.13,20.34,0.66,0.19,,7.46,0.81,,
Republic of the Congo,2014,COG,Sub-Saharan Africa,,46.79,23,0.12,20.27,0.66,0.19,,7.27,0.74,,
Republic of the Congo,2015,COG,Sub-Saharan Africa,,48.63,23,0.13,20.49,0.66,0.19,,7.29,1.08,,
Republic of the Congo,2016,COG,Sub-Saharan Africa,,50.49,20,0.13,20.65,0.66,0.19,,7.48,1.48,,
Republic of the Congo,2017,COG,Sub-Saharan Africa,,52.38,21,0.18,20.59,0.66,0.19,,7.2,1.16,,
Republic of the Congo,2018,COG,Sub-Saharan Africa,,52.6,19,0.18,20.64,0.66,0.19,66.44,7.46,1.25,,
Republic of the Congo,2019,COG,Sub-Saharan Africa,,52.83,28,0.18,20.61,0.66,0.2,,7.92,1.41,,
Republic of the Congo,2020,COG,Sub-Saharan Africa,,53.06,30,0.2,22.52,0.66,,,,1.5,,
Republic of the Congo,2021,COG,Sub-Saharan Africa,,,21,0.19,22.24,0.66,,,,1.36,,
Republic of the Congo,2022,COG,Sub-Saharan Africa,,,21,0.19,,,,,,1.25,,
Romania,2000,ROU,Europe and Central Asia,19.42,81.65,29,0.39,6.97,0.47,0.37,79.78,14.52,1.34,,
Romania,2001,ROU,Europe and Central Asia,18.94,81.61,28,0.38,6.56,0.47,0.37,80.58,14.88,1.54,,
Romania,2002,ROU,Europe and Central Asia,17.84,81.59,26,0.38,8.11,0.49,0.37,82.01,15.69,1.22,,
Romania,2003,ROU,Europe and Central Asia,15.13,81.63,28,0.4,6.95,0.52,0.36,81.98,17.07,0.15,,
Romania,2004,ROU,Europe and Central Asia,24.33,81.66,29,0.39,7.72,0.52,0.38,81.66,17.67,0.56,,
Romania,2005,ROU,Europe and Central Asia,18.5,81.7,30,0.41,7.17,0.53,0.37,82.48,19.26,0.3,,
Romania,2006,ROU,Europe and Central Asia,19.99,81.74,31,0.41,7.27,0.53,0.38,83.82,21.54,0.51,,
Romania,2007,ROU,Europe and Central Asia,17.6,81.77,37,0.42,6.41,0.57,0.37,87.3,22.48,2.13,,
Romania,2008,ROU,Europe and Central Asia,18.18,81.81,38,0.43,5.79,0.56,0.38,92.89,22.91,1.34,,
Romania,2009,ROU,Europe and Central Asia,20.78,81.85,38,0.46,6.86,0.56,0.38,95.29,18.62,1.62,,
Romania,2010,ROU,Europe and Central Asia,19.63,81.89,37,0.47,6.96,0.52,0.38,97.66,17.71,1.17,,
Romania,2011,ROU,Europe and Central Asia,24.28,81.92,36,0.48,7.18,0.53,0.38,98.26,18.62,0.5,,
Romania,2012,ROU,Europe and Central Asia,22.43,81.93,44,0.47,6.79,0.54,0.38,97.52,18.02,1.83,,
Romania,2013,ROU,Europe and Central Asia,20.18,81.92,43,0.47,7.1,0.53,0.39,96.65,16.63,1.37,,
Romania,2014,ROU,Europe and Central Asia,20.31,81.91,43,0.47,6.8,0.55,0.38,94.42,16.92,1.55,,
Romania,2015,ROU,Europe and Central Asia,21.28,81.9,46,0.49,6.81,0.54,0.39,92.93,16.96,1.8,,
Romania,2016,ROU,Europe and Central Asia,20.75,81.91,48,0.51,5.9,0.51,0.4,91.14,16.14,1.88,,
Romania,2017,ROU,Europe and Central Asia,20.49,81.92,48,0.45,4.93,0.52,0.4,91.26,17.03,1.15,,
Romania,2018,ROU,Europe and Central Asia,19.46,81.93,47,0.48,4.19,0.54,0.4,89.07,17.53,2.27,,
Romania,2019,ROU,Europe and Central Asia,18.88,81.96,44,0.56,3.91,0.54,0.4,88.07,17.31,2.24,,
Romania,2020,ROU,Europe and Central Asia,19.03,81.99,44,0.6,5.03,0.54,,87.1,,2.26,,
Romania,2021,ROU,Europe and Central Asia,,,45,0.58,5.59,0.54,,,,1.45,,
Romania,2022,ROU,Europe and Central Asia,,,46,0.5,,,,,,1.95,,
Russian Federation,2000,RUS,Europe and Central Asia,30.21,74.71,21,0.26,10.58,0.6,0.38,,30.3,1.32,,
Russian Federation,2001,RUS,Europe and Central Asia,30.79,74.7,23,0.23,8.98,0.61,0.38,,33.71,0.81,,
Russian Federation,2002,RUS,Europe and Central Asia,31.21,74.76,27,0.22,7.88,0.59,0.39,,32.83,1.59,,
Russian Federation,2003,RUS,Europe and Central Asia,33.28,74.82,27,0.21,8.21,0.6,0.39,91.51,34.9,0.99,,
Russian Federation,2004,RUS,Europe and Central Asia,33.81,74.89,28,0.21,7.76,0.59,0.39,85.32,35.72,1.4,,
Russian Federation,2005,RUS,Europe and Central Asia,31.93,74.95,24,0.2,7.12,0.58,0.4,82.91,35.41,1.7,,
Russian Federation,2006,RUS,Europe and Central Asia,31.13,75.02,25,0.2,7.06,0.6,0.41,82.71,36.46,0.55,,
Russian Federation,2007,RUS,Europe and Central Asia,31.45,75.09,23,0.19,6,0.6,0.42,82.95,38.23,2.49,,
Russian Federation,2008,RUS,Europe and Central Asia,31.55,75.15,21,0.19,6.21,0.61,0.42,83.13,41.94,2.22,,
Russian Federation,2009,RUS,Europe and Central Asia,34.58,75.22,22,0.19,8.3,0.59,0.41,84.77,36.58,1.19,,
Russian Federation,2010,RUS,Europe and Central Asia,35.33,75.29,21,0.19,7.37,0.55,0.41,,38.52,0.88,,
Russian Federation,2011,RUS,Europe and Central Asia,34.19,75.35,24,0.19,6.54,0.56,0.42,91.83,42.82,1.7,,
Russian Federation,2012,RUS,Europe and Central Asia,33.4,75.42,28,0.17,5.44,0.55,0.41,95.61,43.48,1.93,,
Russian Federation,2013,RUS,Europe and Central Asia,34.83,75.49,28,0.17,5.46,0.56,0.41,97.68,42.82,1.17,,
Russian Federation,2014,RUS,Europe and Central Asia,35.83,75.57,27,0.16,5.16,0.54,0.4,98.82,41.9,1.75,,
Russian Federation,2015,RUS,Europe and Central Asia,38.65,75.65,29,0.16,5.57,0.54,0.4,102.18,41.09,2.25,,
Russian Federation,2016,RUS,Europe and Central Asia,40.48,75.74,29,0.16,5.56,0.54,0.4,102.4,41.96,2.46,,
Russian Federation,2017,RUS,Europe and Central Asia,40.49,75.82,29,0.16,5.21,0.54,0.41,103.38,42.54,2.13,,
Russian Federation,2018,RUS,Europe and Central Asia,38.31,75.91,28,0.16,4.85,0.55,0.4,103.76,42.11,2.04,,
Russian Federation,2019,RUS,Europe and Central Asia,36.57,76.01,28,0.16,4.5,0.55,0.4,103.6,41.73,2.18,,
Russian Federation,2020,RUS,Europe and Central Asia,27.76,76.1,30,0.19,5.59,0.58,,,,3.69,,
Russian Federation,2021,RUS,Europe and Central Asia,,,29,0.16,4.72,0.58,,,,1.64,,
Russian Federation,2022,RUS,Europe and Central Asia,,,28,0.14,,,,,,2.26,,
Rwanda,2000,RWA,Sub-Saharan Africa,26.59,3.99,,0.11,11.94,0.68,0.25,11.41,1.61,,,
Rwanda,2001,RWA,Sub-Saharan Africa,27.68,4.53,,0.13,11.94,0.69,0.26,11.7,1.68,0.26,,
Rwanda,2002,RWA,Sub-Saharan Africa,28.46,5.11,,0.13,11.88,0.69,0.27,12.53,1.69,0.66,,
Rwanda,2003,RWA,Sub-Saharan Africa,17.12,5.49,,0.15,12.03,0.7,0.27,13.97,1.81,0.91,,
Rwanda,2004,RWA,Sub-Saharan Africa,21.22,5.85,,0.19,11.94,0.7,0.27,15.71,1.94,0.7,,
Rwanda,2005,RWA,Sub-Saharan Africa,23.8,6.21,31,0.19,11.91,0.71,0.28,16.73,2.01,,,
Rwanda,2006,RWA,Sub-Saharan Africa,14.27,6.57,25,0.19,11.9,0.7,0.29,18.38,2.09,,,
Rwanda,2007,RWA,Sub-Saharan Africa,12.5,6.95,28,0.19,11.92,0.69,0.29,20.44,2.13,1.25,,
Rwanda,2008,RWA,Sub-Saharan Africa,11.78,7.33,30,0.19,11.86,0.69,0.3,21.97,2.19,,,
Rwanda,2009,RWA,Sub-Saharan Africa,11.38,7.71,33,0.19,11.92,0.68,0.3,26.15,2.19,,,
Rwanda,2010,RWA,Sub-Saharan Africa,11.09,8.11,40,0.2,11.9,0.67,0.3,31.62,2.24,,,
Rwanda,2011,RWA,Sub-Saharan Africa,10.79,8.5,50,0.2,11.88,0.67,0.31,35.59,2.29,,,
Rwanda,2012,RWA,Sub-Saharan Africa,10.18,8.91,53,0.2,11.86,0.66,0.32,38.31,2.27,,,
Rwanda,2013,RWA,Sub-Saharan Africa,12.31,9.32,53,0.19,11.91,0.66,0.32,40.72,2.23,,,
Rwanda,2014,RWA,Sub-Saharan Africa,12.08,9.74,49,0.19,11.88,0.65,0.32,40.09,2.16,,,
Rwanda,2015,RWA,Sub-Saharan Africa,12.18,10.18,54,0.21,11.83,0.64,0.33,37.85,2.26,,,
Rwanda,2016,RWA,Sub-Saharan Africa,11.36,10.63,54,0.2,11.86,0.64,0.33,37.27,2.46,,,
Rwanda,2017,RWA,Sub-Saharan Africa,11.82,11.09,55,0.2,11.88,0.64,0.32,38.88,2.4,,,
Rwanda,2018,RWA,Sub-Saharan Africa,11.87,11.56,56,0.2,12.1,0.64,0.33,40.9,2.4,,,
Rwanda,2019,RWA,Sub-Saharan Africa,12.13,12.05,53,0.19,12.43,0.64,0.33,44.32,2.41,,,
Rwanda,2020,RWA,Sub-Saharan Africa,10.35,12.1,54,0.18,13.01,0.64,,,,,,
Rwanda,2021,RWA,Sub-Saharan Africa,,,53,0.18,13.31,0.64,,46.09,,,,
Rwanda,2022,RWA,Sub-Saharan Africa,,,51,0.17,,,,,,,,
Saint Kitts and Nevis,2000,KNA,Latin America and Caribbean,52.64,97.95,,,,,,111.95,,0.34,,
Saint Kitts and Nevis,2001,KNA,Latin America and Caribbean,51.07,97.98,,,,,,103.27,,,,
Saint Kitts and Nevis,2002,KNA,Latin America and Caribbean,51.35,98.01,,,,,,100.69,,0.63,,
Saint Kitts and Nevis,2003,KNA,Latin America and Caribbean,50.65,98.03,,,,,,97.13,,0.78,,
Saint Kitts and Nevis,2004,KNA,Latin America and Caribbean,46.13,98.06,,,,,,92.91,,0.5,,
Saint Kitts and Nevis,2005,KNA,Latin America and Caribbean,47.98,98.08,,,,,,94.89,,0.84,,
Saint Kitts and Nevis,2006,KNA,Latin America and Caribbean,50.05,98.11,,,,,,,,0.66,,
Saint Kitts and Nevis,2007,KNA,Latin America and Caribbean,51.09,98.14,,,,,,111.96,,0.93,,
Saint Kitts and Nevis,2008,KNA,Latin America and Caribbean,56.86,98.16,,,,,,109.27,,0.39,,
Saint Kitts and Nevis,2009,KNA,Latin America and Caribbean,54.68,98.19,,,,,,106.06,,0.5,,
Saint Kitts and Nevis,2010,KNA,Latin America and Caribbean,55.21,98.22,,,,,,106.26,,1.15,,
Saint Kitts and Nevis,2011,KNA,Latin America and Caribbean,55.54,98.24,,,,,,104.75,,0.59,,
Saint Kitts and Nevis,2012,KNA,Latin America and Caribbean,55.41,98.27,,,,,,89.02,,0.7,,
Saint Kitts and Nevis,2013,KNA,Latin America and Caribbean,56.48,98.3,,,,,,116.4,,0.78,,
Saint Kitts and Nevis,2014,KNA,Latin America and Caribbean,53.74,98.3,,,,,,107.19,,0.74,,
Saint Kitts and Nevis,2015,KNA,Latin America and Caribbean,57.09,98.3,,,,,,107.87,,1.04,,
Saint Kitts and Nevis,2016,KNA,Latin America and Caribbean,54.9,98.3,,,,,,106.91,,1.1,,
Saint Kitts and Nevis,2017,KNA,Latin America and Caribbean,53.39,98.3,,,,,,,,0.96,,
Saint Kitts and Nevis,2018,KNA,Latin America and Caribbean,49.38,,,,,,,,,0.63,,
Saint Kitts and Nevis,2019,KNA,Latin America and Caribbean,46.37,,,,,,,,,0.8,,
Saint Kitts and Nevis,2020,KNA,Latin America and Caribbean,44.62,,,,,,,,,1.13,,
Saint Kitts and Nevis,2021,KNA,Latin America and Caribbean,,,,,,,,108.91,,0.86,,
Saint Kitts and Nevis,2022,KNA,Latin America and Caribbean,,,,,,,,,,0.77,,
Saint Lucia,2000,LCA,Latin America and Caribbean,58.86,87.82,,,16.49,,0.36,73.99,,0.34,,
Saint Lucia,2001,LCA,Latin America and Caribbean,56.88,87.8,,,18.51,,0.37,74.26,,0.57,,
Saint Lucia,2002,LCA,Latin America and Caribbean,56.91,87.75,,,20.39,,0.37,73.73,,0.64,,
Saint Lucia,2003,LCA,Latin America and Caribbean,59.64,88.11,,,22.18,,0.36,74.72,,0.86,,
Saint Lucia,2004,LCA,Latin America and Caribbean,57.45,88.48,,,20.97,,0.37,73.85,,0.52,,
Saint Lucia,2005,LCA,Latin America and Caribbean,55.97,88.85,,,18.7,,0.38,77.89,,0.94,,
Saint Lucia,2006,LCA,Latin America and Caribbean,58.68,89.23,,,16,,0.38,82.44,,0.76,,
Saint Lucia,2007,LCA,Latin America and Caribbean,63.93,89.62,61,,14,,0.38,87.97,,0.75,,
Saint Lucia,2008,LCA,Latin America and Caribbean,59.59,90.02,65,,12.72,,0.39,93.28,,0.44,,
Saint Lucia,2009,LCA,Latin America and Caribbean,57.42,90.42,64,,15.37,,0.4,94.59,,0.52,,
Saint Lucia,2010,LCA,Latin America and Caribbean,54.76,90.83,,,17.11,,0.4,93.82,,1.18,,
Saint Lucia,2011,LCA,Latin America and Caribbean,55.6,91.26,58,,18.86,,0.4,92.79,,0.64,,
Saint Lucia,2012,LCA,Latin America and Caribbean,51.65,91.69,71,,19.06,,0.4,89.47,,0.63,,
Saint Lucia,2013,LCA,Latin America and Caribbean,52.07,92.12,71,,22.21,,0.4,87.79,,0.74,,
Saint Lucia,2014,LCA,Latin America and Caribbean,51.96,92.55,71,,21.3,,0.4,87.54,,0.62,,
Saint Lucia,2015,LCA,Latin America and Caribbean,49.56,92.97,60,,20.56,,0.41,88.52,,0.86,,
Saint Lucia,2016,LCA,Latin America and Caribbean,51.22,93.4,55,,19.66,,0.41,88.53,,1,,
Saint Lucia,2017,LCA,Latin America and Caribbean,49.79,93.83,55,,18.86,,0.41,88.86,,0.84,,
Saint Lucia,2018,LCA,Latin America and Caribbean,49.13,94.26,55,,19.08,,0.41,89.36,,0.53,,
Saint Lucia,2019,LCA,Latin America and Caribbean,46.24,94.26,55,,15.32,,0.42,89.87,,0.97,,
Saint Lucia,2020,LCA,Latin America and Caribbean,39.49,94.26,56,,20.39,,,91.92,,1.16,,
Saint Lucia,2021,LCA,Latin America and Caribbean,,,56,,19.52,,,,,0.73,,
Saint Lucia,2022,LCA,Latin America and Caribbean,,,55,,,,,,,0.69,,
Saint Vincent and the Grenadines,2000,VCT,Latin America and Caribbean,27.28,91.72,,,20.96,,0.34,82.51,,0.46,,
Saint Vincent and the Grenadines,2001,VCT,Latin America and Caribbean,28.61,91.86,,,21.1,,0.34,84.58,,0.69,,
Saint Vincent and the Grenadines,2002,VCT,Latin America and Caribbean,28.46,92,,,20.63,,0.34,87.62,,0.63,,
Saint Vincent and the Grenadines,2003,VCT,Latin America and Caribbean,30.44,92.14,,,20.26,,0.35,86.22,,0.91,,
Saint Vincent and the Grenadines,2004,VCT,Latin America and Caribbean,32.75,92.28,,,20.04,,0.35,94.21,,0.44,,
Saint Vincent and the Grenadines,2005,VCT,Latin America and Caribbean,33.55,92.42,,,19.76,,0.35,89.42,,1,,
Saint Vincent and the Grenadines,2006,VCT,Latin America and Caribbean,34.95,92.56,,,19.28,,0.35,,,0.74,,
Saint Vincent and the Grenadines,2007,VCT,Latin America and Caribbean,35.82,92.7,61,,19.07,,0.36,104.85,,0.68,,
Saint Vincent and the Grenadines,2008,VCT,Latin America and Caribbean,34.44,92.84,65,,18.79,,0.36,109.48,,0.51,,
Saint Vincent and the Grenadines,2009,VCT,Latin America and Caribbean,33.37,92.98,64,,18.92,,0.36,110.54,,0.5,,
Saint Vincent and the Grenadines,2010,VCT,Latin America and Caribbean,32.23,93.12,,,18.98,,0.36,108.04,,1.2,,
Saint Vincent and the Grenadines,2011,VCT,Latin America and Caribbean,32.66,93.26,58,,18.92,,0.36,103.43,,0.68,,
Saint Vincent and the Grenadines,2012,VCT,Latin America and Caribbean,31.86,93.4,62,,18.89,,0.36,101.93,,0.58,,
Saint Vincent and the Grenadines,2013,VCT,Latin America and Caribbean,32.12,93.54,62,,18.91,,0.36,104.54,,0.77,,
Saint Vincent and the Grenadines,2014,VCT,Latin America and Caribbean,34.01,93.68,62,,18.95,,0.36,106.3,,0.64,,
Saint Vincent and the Grenadines,2015,VCT,Latin America and Caribbean,33.55,93.68,,,18.97,,0.36,107.43,,0.84,,
Saint Vincent and the Grenadines,2016,VCT,Latin America and Caribbean,33.5,93.68,60,,18.98,,0.36,106.69,,0.95,,
Saint Vincent and the Grenadines,2017,VCT,Latin America and Caribbean,31.65,93.68,58,,19.03,,0.37,108.63,,0.91,,
Saint Vincent and the Grenadines,2018,VCT,Latin America and Caribbean,28.94,93.68,58,,19.02,,0.37,107.23,,0.54,,
Saint Vincent and the Grenadines,2019,VCT,Latin America and Caribbean,29.03,,59,,19.09,,0.37,,,1.17,,
Saint Vincent and the Grenadines,2020,VCT,Latin America and Caribbean,26.53,,59,,20.55,,,,,1.23,,
Saint Vincent and the Grenadines,2021,VCT,Latin America and Caribbean,,,59,,20.4,,,,,0.76,,
Saint Vincent and the Grenadines,2022,VCT,Latin America and Caribbean,,,60,,,,,,,0.7,,
Samoa,2000,WSM,East Asia and Pacific,11.95,87.81,,,4.66,,0.24,78.48,,0.54,,
Samoa,2001,WSM,East Asia and Pacific,13.99,87.81,,,4.96,,0.24,80.43,,0.82,,
Samoa,2002,WSM,East Asia and Pacific,13.22,87.81,,,5.1,,0.24,81.53,,1.06,,
Samoa,2003,WSM,East Asia and Pacific,14.38,87.82,,,5.16,,0.24,83.76,,0.63,,
Samoa,2004,WSM,East Asia and Pacific,12.97,87.84,,,5.22,,0.25,83.63,,0.11,,
Samoa,2005,WSM,East Asia and Pacific,13.04,88.08,,,5.3,,0.25,82.97,,0.74,,
Samoa,2006,WSM,East Asia and Pacific,12.81,88.31,,,5.43,,0.25,83.73,,0.33,,
Samoa,2007,WSM,East Asia and Pacific,13.08,88.55,45,,5.36,,0.25,83.83,,0.94,,
Samoa,2008,WSM,East Asia and Pacific,14.25,88.78,44,,5.58,,0.25,,,0.58,,
Samoa,2009,WSM,East Asia and Pacific,12.56,89.01,45,,5.84,,0.25,85.99,,,,
Samoa,2010,WSM,East Asia and Pacific,12.63,89.24,41,,5.73,,0.25,87.66,,1.25,,
Samoa,2011,WSM,East Asia and Pacific,12.3,89.47,39,,5.68,,0.25,87.56,,0.72,,
Samoa,2012,WSM,East Asia and Pacific,13.92,89.69,,,8.75,,0.25,88.43,,0.83,,
Samoa,2013,WSM,East Asia and Pacific,11.08,89.92,,,8.66,,0.26,,,1.17,,
Samoa,2014,WSM,East Asia and Pacific,11.01,90.14,,,8.72,,0.26,93.87,,1.07,,
Samoa,2015,WSM,East Asia and Pacific,11.5,90.35,,,8.76,,0.27,94.04,,0.91,,
Samoa,2016,WSM,East Asia and Pacific,12.45,90.57,,,8.82,,0.27,93.26,,1.44,,
Samoa,2017,WSM,East Asia and Pacific,11.51,90.76,,,9.4,,0.28,,,1.34,,
Samoa,2018,WSM,East Asia and Pacific,12.66,90.86,,,9.47,,0.28,,,1.09,,
Samoa,2019,WSM,East Asia and Pacific,10.72,90.86,,,9.15,,0.28,,,1.44,,
Samoa,2020,WSM,East Asia and Pacific,11.38,90.86,,,9.79,,,,,1.33,,
Samoa,2021,WSM,East Asia and Pacific,,,,,9.91,,,,,1.17,,
Samoa,2022,WSM,East Asia and Pacific,,,,,,,,,,1.16,,
Sao Tome and Principe,2000,STP,Sub-Saharan Africa,38.87,25.54,,0.42,14.4,0.52,0.29,,6.84,0.41,,
Sao Tome and Principe,2001,STP,Sub-Saharan Africa,38.82,26.05,,0.42,15.73,0.52,0.27,,6.74,0.32,,
Sao Tome and Principe,2002,STP,Sub-Saharan Africa,37.34,26.59,,0.43,17.63,0.52,0.28,,6.63,0.78,,
Sao Tome and Principe,2003,STP,Sub-Saharan Africa,29.01,27.14,,0.42,16.36,0.51,0.27,35.75,6.46,1.01,,
Sao Tome and Principe,2004,STP,Sub-Saharan Africa,31.87,27.7,,0.42,16.12,0.51,0.28,39.26,6.29,0.84,,
Sao Tome and Principe,2005,STP,Sub-Saharan Africa,30.02,28.26,,0.43,16.47,0.51,0.27,42.82,6.14,0.68,,
Sao Tome and Principe,2006,STP,Sub-Saharan Africa,34.26,28.82,,0.42,16.65,0.51,0.27,,6.01,0.7,,
Sao Tome and Principe,2007,STP,Sub-Saharan Africa,30.31,29.38,27,0.42,16.32,0.51,0.27,47.81,5.85,0.92,,
Sao Tome and Principe,2008,STP,Sub-Saharan Africa,25.38,29.95,27,0.42,15.62,0.51,0.27,45.09,5.7,0.64,,
Sao Tome and Principe,2009,STP,Sub-Saharan Africa,23.41,30.52,28,0.41,15.26,0.51,0.27,50.82,5.54,0.89,,
Sao Tome and Principe,2010,STP,Sub-Saharan Africa,21.07,31.09,30,0.42,14.59,0.51,0.27,51.77,5.44,1.05,,
Sao Tome and Principe,2011,STP,Sub-Saharan Africa,19.47,31.67,30,0.43,14.1,0.51,0.27,50.46,5.48,0.74,,
Sao Tome and Principe,2012,STP,Sub-Saharan Africa,17.78,32.25,42,0.42,13.59,0.51,0.28,58.08,5.53,0.8,,
Sao Tome and Principe,2013,STP,Sub-Saharan Africa,14.26,32.82,42,0.42,13.62,0.51,0.28,64.53,5.76,0.85,,
Sao Tome and Principe,2014,STP,Sub-Saharan Africa,14.96,33.4,42,0.42,13.64,0.51,0.28,75.04,5.95,0.95,,
Sao Tome and Principe,2015,STP,Sub-Saharan Africa,16.12,33.97,42,0.43,13.78,0.51,0.28,82.5,5.87,0.87,,
Sao Tome and Principe,2016,STP,Sub-Saharan Africa,13.91,34.54,46,0.42,13.84,0.51,0.28,83.19,5.83,1.56,,
Sao Tome and Principe,2017,STP,Sub-Saharan Africa,14.76,35.1,46,0.42,13.91,0.51,0.28,89.34,5.76,1.29,,
Sao Tome and Principe,2018,STP,Sub-Saharan Africa,16.64,35.48,46,0.42,14,0.51,0.28,,5.68,1.01,,
Sao Tome and Principe,2019,STP,Sub-Saharan Africa,18.29,35.83,46,0.44,14.08,0.51,0.28,,5.6,1.39,,
Sao Tome and Principe,2020,STP,Sub-Saharan Africa,20.37,36.17,47,0.44,15.44,0.51,,,,1.62,,
Sao Tome and Principe,2021,STP,Sub-Saharan Africa,,,45,0.43,15.34,0.51,,,,1.4,,
Sao Tome and Principe,2022,STP,Sub-Saharan Africa,,,45,0.43,,,,,,1.32,,
Saudi Arabia,2000,SAU,Middle East and North Africa,18.46,79.22,,0.02,4.57,0.66,0.07,,43.39,0.79,,
Saudi Arabia,2001,SAU,Middle East and North Africa,18.03,79.22,,0.02,4.62,0.66,0.07,,43.26,0.88,,
Saudi Arabia,2002,SAU,Middle East and North Africa,18.45,79.22,,0.02,5.27,0.66,0.07,,44.94,1.09,,
Saudi Arabia,2003,SAU,Middle East and North Africa,17.95,81.09,45,0.02,5.56,0.66,0.07,,55.09,0.98,,
Saudi Arabia,2004,SAU,Middle East and North Africa,18.15,82.95,34,0.02,5.82,0.66,0.07,,61.01,0.98,,
Saudi Arabia,2005,SAU,Middle East and North Africa,16.49,84.82,34,0.02,6.05,0.66,0.07,87.44,60.96,0.54,,
Saudi Arabia,2006,SAU,Middle East and North Africa,15.39,86.7,33,0.02,6.25,0.67,0.08,,67.29,1.2,,
Saudi Arabia,2007,SAU,Middle East and North Africa,16.74,88.58,34,0.02,5.73,0.67,0.07,90.53,62.15,0.71,,
Saudi Arabia,2008,SAU,Middle East and North Africa,19.37,90.47,35,0.02,5.08,0.67,0.07,,67.92,0.91,,
Saudi Arabia,2009,SAU,Middle East and North Africa,18.35,92.37,43,0.02,5.38,0.67,0.07,94.79,70.27,1.03,,
Saudi Arabia,2010,SAU,Middle East and North Africa,18.95,94.27,47,0.02,5.55,0.66,0.07,,74.3,2.18,,
Saudi Arabia,2011,SAU,Middle East and North Africa,15.62,96.17,44,0.02,5.77,0.66,0.07,,70.86,0.89,,
Saudi Arabia,2012,SAU,Middle East and North Africa,15.16,98.09,44,0.02,5.52,0.66,0.07,,76.67,1.24,,
Saudi Arabia,2013,SAU,Middle East and North Africa,14.36,98.24,46,0.02,5.6,0.65,0.07,,75.68,1.2,,
Saudi Arabia,2014,SAU,Middle East and North Africa,13.14,98.4,49,0.02,5.72,0.66,0.07,,80.77,1.25,,
Saudi Arabia,2015,SAU,Middle East and North Africa,14.38,98.56,52,0.03,5.6,0.66,0.07,116.46,85.56,1.87,,
Saudi Arabia,2016,SAU,Middle East and North Africa,14.26,98.72,46,0.02,5.6,0.65,0.08,112.34,74.28,1.53,,
Saudi Arabia,2017,SAU,Middle East and North Africa,14.32,98.88,49,0.02,5.89,0.65,0.07,107.69,73.75,1.78,,
Saudi Arabia,2018,SAU,Middle East and North Africa,15.9,99.01,49,0.02,6.03,0.65,0.07,110.09,71.19,1.89,,
Saudi Arabia,2019,SAU,Middle East and North Africa,,99.01,53,0.02,5.64,0.65,0.07,111.79,70.67,1.69,,
Saudi Arabia,2020,SAU,Middle East and North Africa,,99.01,53,0.02,7.45,0.65,,112.59,,1.49,,
Saudi Arabia,2021,SAU,Middle East and North Africa,,,53,0.02,6.69,0.65,,111.14,,2.2,,
Saudi Arabia,2022,SAU,Middle East and North Africa,,,51,0.03,,,,,,1.75,,
Senegal,2000,SEN,Sub-Saharan Africa,55.67,36.63,35,0.34,5.58,0.62,0.2,15.7,5.38,0.92,,
Senegal,2001,SEN,Sub-Saharan Africa,52.76,37.95,29,0.33,5.57,0.62,0.2,15.96,5.46,1.17,,
Senegal,2002,SEN,Sub-Saharan Africa,55.33,39.32,31,0.37,5.65,0.61,0.2,17.37,5.65,1.43,,
Senegal,2003,SEN,Sub-Saharan Africa,54.93,40.81,32,0.37,6.64,0.6,0.2,,4.93,1.15,,
Senegal,2004,SEN,Sub-Saharan Africa,55.09,42.42,30,0.37,7.76,0.59,0.21,20.3,5.08,1.16,,
Senegal,2005,SEN,Sub-Saharan Africa,39.52,44.06,32,0.37,8.86,0.58,0.21,22.41,5.21,1.37,,
Senegal,2006,SEN,Sub-Saharan Africa,37.44,45.74,33,0.37,10.03,0.58,0.21,24.18,5.21,1.37,,
Senegal,2007,SEN,Sub-Saharan Africa,44.27,47.46,36,0.37,10.07,0.58,0.22,,5,1.2,,
Senegal,2008,SEN,Sub-Saharan Africa,41.63,49.21,34,0.36,10.1,0.59,0.22,30.32,5.32,1.29,,
Senegal,2009,SEN,Sub-Saharan Africa,45.62,51,30,0.36,10.19,0.59,0.23,,4.78,0.7,,
Senegal,2010,SEN,Sub-Saharan Africa,48.68,52.82,29,0.36,10.23,0.59,0.24,36.23,5.3,1.43,,
Senegal,2011,SEN,Sub-Saharan Africa,50.8,54.67,29,0.36,10.36,0.59,0.24,41.42,5.44,1.19,,
Senegal,2012,SEN,Sub-Saharan Africa,52.77,56.56,36,0.36,9.41,0.59,0.25,45.33,5.24,0.83,,
Senegal,2013,SEN,Sub-Saharan Africa,55.24,58.47,41,0.38,8.59,0.59,0.26,48.13,5.29,1.18,,
Senegal,2014,SEN,Sub-Saharan Africa,50.38,60.42,43,0.37,7.63,0.59,0.27,50.26,5.33,1.11,,
Senegal,2015,SEN,Sub-Saharan Africa,50.84,62.39,44,0.37,6.76,0.59,0.28,50.94,5.18,1.21,,
Senegal,2016,SEN,Sub-Saharan Africa,51.14,64.4,45,0.39,4.46,0.59,0.28,,5.03,1.54,,
Senegal,2017,SEN,Sub-Saharan Africa,48.9,66.43,45,0.39,4.08,0.58,0.28,,4.82,1.74,,
Senegal,2018,SEN,Sub-Saharan Africa,48.34,68.49,45,0.39,3.57,0.58,0.29,,4.84,0.96,,
Senegal,2019,SEN,Sub-Saharan Africa,48.75,70.58,45,0.42,2.86,0.58,0.29,46.24,4.78,1.4,,
Senegal,2020,SEN,Sub-Saharan Africa,41.57,72.69,45,0.42,3.51,0.58,,46.56,,1.67,,
Senegal,2021,SEN,Sub-Saharan Africa,,,43,0.4,3.5,0.58,,46.89,,1.78,,
Senegal,2022,SEN,Sub-Saharan Africa,,,43,0.39,,,,,,1.41,,
Serbia,2000,SRB,Europe and Central Asia,29.61,86.33,,0.26,12.6,0.51,0.39,91.19,17.47,1.43,,
Serbia,2001,SRB,Europe and Central Asia,28.48,86.33,,0.4,12.8,0.48,0.39,89.75,17.75,1.5,,
Serbia,2002,SRB,Europe and Central Asia,23.83,86.32,,0.42,13.8,0.49,0.39,88.71,19.1,1.01,,
Serbia,2003,SRB,Europe and Central Asia,24.98,86.32,23,0.45,15.2,0.5,0.4,88.29,19.8,0.74,,
Serbia,2004,SRB,Europe and Central Asia,27.29,86.32,27,0.43,18.5,0.51,0.38,88.17,23.27,0.52,,
Serbia,2005,SRB,Europe and Central Asia,29.82,86.74,28,0.43,20.85,0.52,0.37,88.59,22.52,-0.04,,
Serbia,2006,SRB,Europe and Central Asia,32.84,87.15,30,0.45,20.85,0.54,0.38,88.96,24.58,0.56,,
Serbia,2007,SRB,Europe and Central Asia,34.71,87.57,34,0.44,18.06,0.55,0.39,89.5,24.44,1.89,,
Serbia,2008,SRB,Europe and Central Asia,35.15,87.99,34,0.44,13.7,0.54,0.4,90.46,24.4,1.34,,
Serbia,2009,SRB,Europe and Central Asia,35.17,88.41,35,0.43,16.14,0.53,0.4,91.48,22.48,1.36,,
Serbia,2010,SRB,Europe and Central Asia,36.4,88.83,35,0.42,19.22,0.53,0.41,91.43,25.24,1.16,,
Serbia,2011,SRB,Europe and Central Asia,36.4,89.26,33,0.42,22.97,0.53,0.41,93.63,29.54,0.74,,
Serbia,2012,SRB,Europe and Central Asia,35.43,89.68,39,0.4,24,0.55,0.41,94.17,28.47,1.69,,
Serbia,2013,SRB,Europe and Central Asia,37.87,90.11,42,0.34,22.15,0.56,0.42,94.41,28.93,1.41,,
Serbia,2014,SRB,Europe and Central Asia,39.94,90.54,41,0.3,19.22,0.57,0.43,94.34,27.03,1.6,,
Serbia,2015,SRB,Europe and Central Asia,40.59,90.97,40,0.29,17.66,0.56,0.42,96.67,30.67,1.74,,
Serbia,2016,SRB,Europe and Central Asia,40.45,91.4,42,0.28,15.26,0.57,0.42,96.23,32.35,1.7,,
Serbia,2017,SRB,Europe and Central Asia,40.64,91.83,41,0.25,13.48,0.52,0.4,95.5,31.29,1.28,,
Serbia,2018,SRB,Europe and Central Asia,38.31,92.26,39,0.24,12.73,0.5,0.41,95.09,31.04,2.32,,
Serbia,2019,SRB,Europe and Central Asia,37.06,92.69,39,0.24,10.39,0.51,0.41,94.47,32.06,2.09,,
Serbia,2020,SRB,Europe and Central Asia,35.91,93.13,38,0.24,9.01,0.52,,92.24,,1.82,,
Serbia,2021,SRB,Europe and Central Asia,,,38,0.23,10.06,0.51,,92.38,,1.59,,
Serbia,2022,SRB,Europe and Central Asia,,,36,0.25,,,,,,1.94,,
Seychelles,2000,SYC,Sub-Saharan Africa,17.89,89.71,,0.14,,0.63,,72.9,40.18,0.41,,
Seychelles,2001,SYC,Sub-Saharan Africa,30.13,90.1,,0.14,,0.63,,66.76,38.97,0.73,,
Seychelles,2002,SYC,Sub-Saharan Africa,19.48,90.49,,0.14,,0.63,,70.59,39.18,0.52,,
Seychelles,2003,SYC,Sub-Saharan Africa,21.72,90.89,,0.15,,0.63,,74.86,38.68,0.72,,
Seychelles,2004,SYC,Sub-Saharan Africa,24.26,91.29,44,0.17,,0.63,,74.89,39.29,0.3,,
Seychelles,2005,SYC,Sub-Saharan Africa,26.65,91.69,40,0.17,,0.63,,81.83,40.03,0.51,,
Seychelles,2006,SYC,Sub-Saharan Africa,25.77,92.08,36,0.17,,0.63,,74.93,41.26,0.54,,
Seychelles,2007,SYC,Sub-Saharan Africa,25.11,92.48,45,0.18,,0.63,,79.15,42.41,0.81,,
Seychelles,2008,SYC,Sub-Saharan Africa,39.24,92.88,48,0.19,,0.63,,76.43,43.35,0.5,,
Seychelles,2009,SYC,Sub-Saharan Africa,37.92,93.28,48,0.18,,0.63,,76.27,44.77,0.82,,
Seychelles,2010,SYC,Sub-Saharan Africa,29.05,93.69,48,0.18,,0.63,,74.69,46.04,1.02,,
Seychelles,2011,SYC,Sub-Saharan Africa,30.3,94.09,48,0.18,,0.63,,72.37,47.32,0.93,,
Seychelles,2012,SYC,Sub-Saharan Africa,25.13,94.49,52,0.18,,0.63,,81.3,47.33,0.92,,
Seychelles,2013,SYC,Sub-Saharan Africa,24.77,94.76,54,0.2,,0.63,,78.62,48.54,0.75,,
Seychelles,2014,SYC,Sub-Saharan Africa,29.85,94.94,55,0.2,,0.63,,79.16,48.74,0.86,,
Seychelles,2015,SYC,Sub-Saharan Africa,28.91,95.11,55,0.21,,0.63,,81.44,49.02,1.17,,
Seychelles,2016,SYC,Sub-Saharan Africa,25.31,95.11,,0.24,,0.63,,82.23,49.4,1.1,,
Seychelles,2017,SYC,Sub-Saharan Africa,24.6,95.11,60,0.25,,0.63,,81.28,49.79,1.18,,
Seychelles,2018,SYC,Sub-Saharan Africa,24.18,95.11,66,0.25,,0.63,,81.45,50.19,0.92,,
Seychelles,2019,SYC,Sub-Saharan Africa,25.22,95.71,66,0.27,,0.63,,78.61,50.61,1.38,,
Seychelles,2020,SYC,Sub-Saharan Africa,14.15,,66,0.28,,0.63,,78.33,,1.43,,
Seychelles,2021,SYC,Sub-Saharan Africa,,,70,0.3,,0.63,,78.18,,1.03,,
Seychelles,2022,SYC,Sub-Saharan Africa,,,70,0.33,,,,,,0.87,,
Sierra Leone,2000,SLE,Sub-Saharan Africa,75.65,11.77,,0.16,3.42,0.63,0.21,,1.88,,,
Sierra Leone,2001,SLE,Sub-Saharan Africa,71.15,11.87,,0.16,3.48,0.62,0.2,24.25,2.07,0.85,,
Sierra Leone,2002,SLE,Sub-Saharan Africa,68.58,12.03,,0.23,3.34,0.61,0.21,,2.2,1.01,,
Sierra Leone,2003,SLE,Sub-Saharan Africa,70.83,12.19,22,0.36,3.41,0.6,0.21,,2.29,0.81,,
Sierra Leone,2004,SLE,Sub-Saharan Africa,67.04,12.35,23,0.38,3.42,0.59,0.21,,2.34,1.03,,
Sierra Leone,2005,SLE,Sub-Saharan Africa,66.75,12.54,24,0.38,3.55,0.58,0.21,,2.34,1.19,,
Sierra Leone,2006,SLE,Sub-Saharan Africa,68.65,12.75,22,0.38,3.68,0.58,0.21,,2.63,1.11,,
Sierra Leone,2007,SLE,Sub-Saharan Africa,72.93,12.97,21,0.37,3.79,0.57,0.21,,2.29,0.8,,
Sierra Leone,2008,SLE,Sub-Saharan Africa,75.54,13.18,19,0.35,3.92,0.56,0.2,,2.17,1.24,,
Sierra Leone,2009,SLE,Sub-Saharan Africa,69.9,13.4,22,0.35,4.06,0.56,0.2,,2.21,0.9,,
Sierra Leone,2010,SLE,Sub-Saharan Africa,64.02,13.61,24,0.35,4.18,0.55,0.2,,2.26,1.41,,
Sierra Leone,2011,SLE,Sub-Saharan Africa,69.95,13.83,25,0.35,4.3,0.54,0.2,39.49,2.62,1.13,,
Sierra Leone,2012,SLE,Sub-Saharan Africa,73.19,14.05,31,0.34,4.38,0.55,0.21,44,2.8,0.53,,
Sierra Leone,2013,SLE,Sub-Saharan Africa,62.9,14.27,30,0.34,4.47,0.55,0.22,38.92,2.91,1.06,,
Sierra Leone,2014,SLE,Sub-Saharan Africa,34.97,14.49,31,0.34,4.68,0.55,0.22,,2.87,1.04,,
Sierra Leone,2015,SLE,Sub-Saharan Africa,36.7,14.71,29,0.34,4.44,0.56,0.2,39.06,2.75,1.16,,
Sierra Leone,2016,SLE,Sub-Saharan Africa,41.55,14.93,30,0.34,3.93,0.56,0.2,41.43,2.77,1.09,,
Sierra Leone,2017,SLE,Sub-Saharan Africa,54.5,15.15,30,0.34,3.56,0.57,0.2,41.8,2.71,1.73,,
Sierra Leone,2018,SLE,Sub-Saharan Africa,60.99,15.37,30,0.37,3.19,0.57,0.2,,2.58,1.23,,
Sierra Leone,2019,SLE,Sub-Saharan Africa,55.18,15.58,33,0.37,3.19,0.57,0.2,,2.7,1.56,,
Sierra Leone,2020,SLE,Sub-Saharan Africa,55.74,15.8,33,0.37,3.57,0.57,,,,1.53,,
Sierra Leone,2021,SLE,Sub-Saharan Africa,,,34,0.37,3.7,0.57,,,,1.57,,
Sierra Leone,2022,SLE,Sub-Saharan Africa,,,34,0.36,,,,,,1.33,,
Singapore,2000,SGP,East Asia and Pacific,48.18,100,91,0.1,3.7,0.52,0.29,,137.4,,,
Singapore,2001,SGP,East Asia and Pacific,55.59,100,92,0.1,3.76,0.55,0.29,,116.06,,,
Singapore,2002,SGP,East Asia and Pacific,53.09,100,93,0.1,5.65,0.55,0.29,,112.22,0.78,,
Singapore,2003,SGP,East Asia and Pacific,48.46,100,94,0.1,5.93,0.53,0.3,,118.62,,,
Singapore,2004,SGP,East Asia and Pacific,51.01,100,93,0.1,5.84,0.52,0.3,,122.97,,,
Singapore,2005,SGP,East Asia and Pacific,49.99,100,94,0.1,5.59,0.51,0.3,,139.85,,,
Singapore,2006,SGP,East Asia and Pacific,48.83,100,94,0.1,4.48,0.52,0.3,,165.71,,,
Singapore,2007,SGP,East Asia and Pacific,48.47,100,93,0.1,3.9,0.51,0.3,,114.28,,,
Singapore,2008,SGP,East Asia and Pacific,46.46,100,92,0.1,3.96,0.55,0.31,,125.37,,,
Singapore,2009,SGP,East Asia and Pacific,43.29,100,92,0.1,5.86,0.53,0.3,,107.64,,,
Singapore,2010,SGP,East Asia and Pacific,41.46,100,93,0.1,4.12,0.52,0.3,,110.11,1.06,,
Singapore,2011,SGP,East Asia and Pacific,39.51,100,92,0.11,3.89,0.54,0.3,,106.42,0.74,,
Singapore,2012,SGP,East Asia and Pacific,37.65,100,87,0.11,3.72,0.53,0.31,,113.97,0.83,,
Singapore,2013,SGP,East Asia and Pacific,36.17,100,86,0.11,3.86,0.54,0.31,,111.76,1.15,,
Singapore,2014,SGP,East Asia and Pacific,33.3,100,84,0.11,3.74,0.54,0.31,,111.94,1.33,,
Singapore,2015,SGP,East Asia and Pacific,33.09,100,85,0.11,3.79,0.55,0.31,,106.88,1.54,,
Singapore,2016,SGP,East Asia and Pacific,32.66,100,84,0.12,4.08,0.55,0.31,107.86,97.68,2.04,,
Singapore,2017,SGP,East Asia and Pacific,32.11,100,84,0.12,4.2,0.55,0.31,107.57,99.32,1.59,,
Singapore,2018,SGP,East Asia and Pacific,29.07,100,85,0.12,3.64,0.55,0.31,105.84,100.67,1.37,,
Singapore,2019,SGP,East Asia and Pacific,28.44,100,85,0.11,3.1,0.55,0.31,104.71,101.56,1.88,,
Singapore,2020,SGP,East Asia and Pacific,18.97,100,85,0.11,4.1,0.43,,103.2,,1.59,,
Singapore,2021,SGP,East Asia and Pacific,,,85,0.12,3.54,0.43,,,,1.3,,
Singapore,2022,SGP,East Asia and Pacific,,,83,0.12,,,,,,1.31,,
Slovakia,2000,SVK,Europe and Central Asia,10.84,92.18,35,0.67,19.06,0.39,0.42,85.62,22.6,1.62,,
Slovakia,2001,SVK,Europe and Central Asia,10.9,92.18,37,0.67,19.38,0.4,0.42,86.03,24.1,1.24,,
Slovakia,2002,SVK,Europe and Central Asia,11.02,92.81,37,0.66,18.72,0.4,0.42,87.94,24.17,1.38,,
Slovakia,2003,SVK,Europe and Central Asia,12.21,93.45,37,0.66,17.12,0.4,0.42,90.09,23.01,0.65,,
Slovakia,2004,SVK,Europe and Central Asia,21.23,94.09,40,0.66,18.6,0.42,0.42,92.57,24,0.54,,
Slovakia,2005,SVK,Europe and Central Asia,23.61,94.73,43,0.66,16.26,0.42,0.42,93.28,24.29,0.4,,
Slovakia,2006,SVK,Europe and Central Asia,26.59,95.36,47,0.62,13.37,0.42,0.4,92.68,26.37,0.63,,
Slovakia,2007,SVK,Europe and Central Asia,27.37,96.01,49,0.63,11.14,0.41,0.4,92.34,27.01,2.15,,
Slovakia,2008,SVK,Europe and Central Asia,21.02,96.65,50,0.64,9.51,0.41,0.41,91.74,28.76,1.52,,
Slovakia,2009,SVK,Europe and Central Asia,22.42,97.29,45,0.63,12.03,0.4,0.41,91.68,25.03,1.5,,
Slovakia,2010,SVK,Europe and Central Asia,22.8,97.93,43,0.66,14.38,0.42,0.41,92.26,26.68,0.69,,
Slovakia,2011,SVK,Europe and Central Asia,23.57,98.58,40,0.66,13.62,0.41,0.42,92.6,27.07,0.84,,
Slovakia,2012,SVK,Europe and Central Asia,23.23,99.23,46,0.66,13.96,0.4,0.41,92.6,25.65,1.57,,
Slovakia,2013,SVK,Europe and Central Asia,23.32,99.52,47,0.64,14.22,0.42,0.41,90.82,26.99,0.95,,
Slovakia,2014,SVK,Europe and Central Asia,18.01,99.79,50,0.65,13.18,0.4,0.41,90.68,26.43,2.38,,
Slovakia,2015,SVK,Europe and Central Asia,18.44,99.79,51,0.65,11.48,0.41,0.41,90.98,27.27,2.12,,
Slovakia,2016,SVK,Europe and Central Asia,17.89,99.79,51,0.64,9.67,0.39,0.42,91.25,26.52,1.96,,
Slovakia,2017,SVK,Europe and Central Asia,18.71,99.79,50,0.62,8.13,0.38,0.43,91.07,26.7,1.28,,
Slovakia,2018,SVK,Europe and Central Asia,18.91,99.79,50,0.6,6.54,0.39,0.41,91.36,27.45,2.55,,
Slovakia,2019,SVK,Europe and Central Asia,19.16,99.79,50,0.62,5.75,0.38,0.41,90.81,25.28,2.42,,
Slovakia,2020,SVK,Europe and Central Asia,18.75,99.79,49,0.62,6.69,0.38,,90.6,,2.03,,
Slovakia,2021,SVK,Europe and Central Asia,,,52,0.62,6.83,0.38,,,,1.29,,
Slovakia,2022,SVK,Europe and Central Asia,,,53,0.61,,,,,,2.02,,
Slovenia,2000,SVN,Europe and Central Asia,13.27,98.27,55,0.67,6.92,0.4,0.43,100.95,30.62,1.78,,
Slovenia,2001,SVN,Europe and Central Asia,12.9,98.27,52,0.65,5.68,0.4,0.43,106.62,29.42,1.71,,
Slovenia,2002,SVN,Europe and Central Asia,12.56,98.27,60,0.66,5.92,0.41,0.43,107.54,29.91,1.5,,
Slovenia,2003,SVN,Europe and Central Asia,12.49,98.27,59,0.73,6.48,0.41,0.43,109.06,30.32,1.43,,
Slovenia,2004,SVN,Europe and Central Asia,12.17,98.27,60,0.72,6.01,0.41,0.43,97.19,30.51,0.73,,
Slovenia,2005,SVN,Europe and Central Asia,13.02,98.27,61,0.72,6.51,0.42,0.43,97.19,31.17,0.48,,
Slovenia,2006,SVN,Europe and Central Asia,12.28,98.27,64,0.72,5.95,0.42,0.43,96.98,34.2,0.86,,
Slovenia,2007,SVN,Europe and Central Asia,13.63,98.27,66,0.72,4.82,0.42,0.43,98.66,35.43,2.17,,
Slovenia,2008,SVN,Europe and Central Asia,12.64,98.27,67,0.71,4.37,0.42,0.43,98.8,36.27,1.57,,
Slovenia,2009,SVN,Europe and Central Asia,12.78,98.27,66,0.77,5.86,0.41,0.44,98.75,30.86,1.63,,
Slovenia,2010,SVN,Europe and Central Asia,12.64,98.27,64,0.76,7.24,0.41,0.44,98.95,32.06,0.77,,
Slovenia,2011,SVN,Europe and Central Asia,12.2,98.27,59,0.74,8.17,0.41,0.44,98.89,35.19,1.35,,
Slovenia,2012,SVN,Europe and Central Asia,12.46,98.27,61,0.73,8.84,0.41,0.44,98.36,31.98,1.93,,
Slovenia,2013,SVN,Europe and Central Asia,12.45,98.27,57,0.7,10.1,0.41,0.43,111.06,31.73,1.23,,
Slovenia,2014,SVN,Europe and Central Asia,12.98,98.27,58,0.7,9.67,0.42,0.42,110.49,30.67,2.43,,
Slovenia,2015,SVN,Europe and Central Asia,12.5,98.27,60,0.7,8.96,0.41,0.43,110.32,30.36,2.13,,
Slovenia,2016,SVN,Europe and Central Asia,12,98.27,61,0.67,8,0.41,0.43,115.93,30.96,2.05,,
Slovenia,2017,SVN,Europe and Central Asia,12.33,98.27,61,0.64,6.56,0.41,0.44,115.6,31.06,1.72,,
Slovenia,2018,SVN,Europe and Central Asia,11.98,98.27,60,0.63,5.11,0.41,0.43,114.49,31.48,2.41,,
Slovenia,2019,SVN,Europe and Central Asia,11.66,98.27,60,0.6,4.45,0.41,0.43,113.03,29.74,2.34,,
Slovenia,2020,SVN,Europe and Central Asia,12.47,98.27,60,0.54,4.97,0.41,,111.97,,2.23,,
Slovenia,2021,SVN,Europe and Central Asia,,,57,0.5,4.74,0.41,,,,1.52,,
Slovenia,2022,SVN,Europe and Central Asia,,,56,0.58,,,,,,2.44,,
Solomon Islands,2000,SLB,East Asia and Pacific,5.4,60.81,,0.21,2.11,,0.29,20.52,,0.56,,
Solomon Islands,2001,SLB,East Asia and Pacific,4.63,60.91,,0.17,1.97,,0.29,24.54,,,,
Solomon Islands,2002,SLB,East Asia and Pacific,2.59,61.02,,0.27,1.87,,0.29,31.65,,,,
Solomon Islands,2003,SLB,East Asia and Pacific,2.93,61.12,,0.27,1.69,,0.29,,,0.59,,
Solomon Islands,2004,SLB,East Asia and Pacific,2.66,61.23,,0.28,1.72,,0.29,,,0.75,,
Solomon Islands,2005,SLB,East Asia and Pacific,2.17,60.71,,0.29,1.78,,0.29,30.39,,0.79,,
Solomon Islands,2006,SLB,East Asia and Pacific,2.66,59.84,,0.27,1.84,,0.29,35.01,,0.55,,
Solomon Islands,2007,SLB,East Asia and Pacific,2.92,58.98,28,0.31,1.89,,0.29,35.7,,0.96,,
Solomon Islands,2008,SLB,East Asia and Pacific,3.7,58.15,29,0.31,1.89,,0.29,,,,,
Solomon Islands,2009,SLB,East Asia and Pacific,2.72,57.34,28,0.31,2.02,,0.29,,,0.32,,
Solomon Islands,2010,SLB,East Asia and Pacific,4.1,56.56,28,0.31,1.57,,0.29,48.54,,0.69,,
Solomon Islands,2011,SLB,East Asia and Pacific,3.24,55.79,27,0.32,1.29,,0.29,47.75,,0.8,,
Solomon Islands,2012,SLB,East Asia and Pacific,3.03,55.05,,0.32,1.05,,0.29,48.32,,0.89,,
Solomon Islands,2013,SLB,East Asia and Pacific,3.18,54.33,,0.32,0.69,,0.29,,,0.79,,
Solomon Islands,2014,SLB,East Asia and Pacific,2.9,53.63,,0.33,0.73,,0.29,,,0.77,,
Solomon Islands,2015,SLB,East Asia and Pacific,3.09,52.95,,0.32,0.73,,0.29,,,0.67,,
Solomon Islands,2016,SLB,East Asia and Pacific,3.07,52.29,42,0.33,0.69,,0.29,,,,,
Solomon Islands,2017,SLB,East Asia and Pacific,3.16,51.64,39,0.34,0.7,,0.29,,,,,
Solomon Islands,2018,SLB,East Asia and Pacific,3.7,51.29,44,0.34,0.71,,0.29,,,,,
Solomon Islands,2019,SLB,East Asia and Pacific,3.68,51.49,42,0.37,0.74,,0.29,,,,,
Solomon Islands,2020,SLB,East Asia and Pacific,3.76,51.68,42,0.37,0.89,,,,,1.19,,
Solomon Islands,2021,SLB,East Asia and Pacific,,,43,0.37,0.99,,,,,0.96,,
Solomon Islands,2022,SLB,East Asia and Pacific,,,42,0.37,,,,,,1.04,,
Somalia,2000,SOM,Sub-Saharan Africa,,11.58,,0.08,19.4,0.56,0.14,,7.79,0.42,,
Somalia,2001,SOM,Sub-Saharan Africa,,11.97,,0.08,19.37,0.56,0.13,,7.74,0.83,,
Somalia,2002,SOM,Sub-Saharan Africa,,12.37,,0.08,19.34,0.56,0.12,,7.59,0.82,,
Somalia,2003,SOM,Sub-Saharan Africa,,12.91,,0.08,19.32,0.56,0.12,,7.38,1.05,,
Somalia,2004,SOM,Sub-Saharan Africa,,13.46,,0.09,19.31,0.56,0.12,,7.31,0.47,,
Somalia,2005,SOM,Sub-Saharan Africa,,14.57,21,0.09,19.3,0.56,0.11,,7.22,1.07,,
Somalia,2006,SOM,Sub-Saharan Africa,,15.74,,0.09,19.29,0.56,0.11,,6.7,0.85,,
Somalia,2007,SOM,Sub-Saharan Africa,,15.59,14,0.09,19.17,0.56,0.09,5.93,6.23,0.96,,
Somalia,2008,SOM,Sub-Saharan Africa,,17.16,10,0.09,19.17,0.56,0.09,,6.06,0.68,,
Somalia,2009,SOM,Sub-Saharan Africa,,18.84,11,0.09,19.17,0.56,0.1,,5.95,1.29,,
Somalia,2010,SOM,Sub-Saharan Africa,,20.61,11,0.1,19.17,0.56,0.1,,5.75,1.09,,
Somalia,2011,SOM,Sub-Saharan Africa,,22.48,10,0.1,19.17,0.56,0.1,,5.73,1.06,,
Somalia,2012,SOM,Sub-Saharan Africa,,23.9,8,0.09,19.16,0.56,0.09,,5.67,0.98,,
Somalia,2013,SOM,Sub-Saharan Africa,,25.37,8,0.09,19.07,0.56,0.09,,5.6,1.09,,
Somalia,2014,SOM,Sub-Saharan Africa,,26.9,8,0.09,19.01,0.56,0.09,,5.44,1.12,,
Somalia,2015,SOM,Sub-Saharan Africa,,28.48,8,0.09,18.88,0.56,0.09,,5.37,1.47,,
Somalia,2016,SOM,Sub-Saharan Africa,,30.12,10,0.09,18.93,0.56,0.09,,5.23,1.27,,
Somalia,2017,SOM,Sub-Saharan Africa,,31.82,9,0.09,18.98,0.56,0.08,,5.08,1.62,,
Somalia,2018,SOM,Sub-Saharan Africa,,33.57,10,0.08,18.87,0.56,0.08,,4.97,0.71,,
Somalia,2019,SOM,Sub-Saharan Africa,,35.38,9,0.08,18.83,0.56,0.08,,5.03,1.53,,
Somalia,2020,SOM,Sub-Saharan Africa,,36.32,12,0.09,19.57,0.56,,,,1.72,,
Somalia,2021,SOM,Sub-Saharan Africa,,,13,0.09,19.93,0.56,,5.51,,1.53,,
Somalia,2022,SOM,Sub-Saharan Africa,,,12,0.09,,,,,,1.45,,
South Africa,2000,ZAF,Sub-Saharan Africa,14.46,63.33,50,0.52,20.27,0.67,0.3,81.03,29.47,0.27,,
South Africa,2001,ZAF,Sub-Saharan Africa,14.13,63.8,48,0.52,20.22,0.68,0.3,81.66,27.37,0.52,,
South Africa,2002,ZAF,Sub-Saharan Africa,13.56,64.6,48,0.52,20.09,0.66,0.29,82.48,25.79,0.45,,
South Africa,2003,ZAF,Sub-Saharan Africa,12.33,65.41,44,0.51,20.01,0.68,0.3,83.49,28.65,0.79,,
South Africa,2004,ZAF,Sub-Saharan Africa,11.85,66.22,46,0.53,19.87,0.67,0.31,85.97,32.28,0.87,,
South Africa,2005,ZAF,Sub-Saharan Africa,11.31,67.01,45,0.53,19.74,0.68,0.3,87.4,30.97,1.03,,
South Africa,2006,ZAF,Sub-Saharan Africa,10.58,67.81,46,0.53,19.64,0.69,0.31,90.65,33.35,0.36,,
South Africa,2007,ZAF,Sub-Saharan Africa,9.7,68.59,51,0.53,19.54,0.72,0.31,92.34,33.95,0.72,,
South Africa,2008,ZAF,Sub-Saharan Africa,8.84,69.38,49,0.53,19.51,0.7,0.34,90.9,32.71,0.58,,
South Africa,2009,ZAF,Sub-Saharan Africa,8.11,70.15,47,0.52,20.51,0.69,0.34,92.51,33.59,0.66,,
South Africa,2010,ZAF,Sub-Saharan Africa,8,70.92,45,0.52,23.18,0.72,0.34,93.74,32.65,1.08,,
South Africa,2011,ZAF,Sub-Saharan Africa,7.75,71.68,41,0.51,21.42,0.72,0.35,96.18,32.88,0.45,,
South Africa,2012,ZAF,Sub-Saharan Africa,7.72,72.43,43,0.51,21.79,0.75,0.36,98.83,33.9,0.51,,
South Africa,2013,ZAF,Sub-Saharan Africa,7.61,73.18,42,0.5,22.04,0.75,0.36,107.49,32.7,0.66,,
South Africa,2014,ZAF,Sub-Saharan Africa,5.66,73.91,44,0.49,22.61,0.75,0.36,107.8,33.35,0.84,,
South Africa,2015,ZAF,Sub-Saharan Africa,5.74,74.64,44,0.49,22.87,0.75,0.36,109.44,31.49,1.3,,
South Africa,2016,ZAF,Sub-Saharan Africa,5.79,75.37,45,0.48,24.02,0.75,0.36,107.18,30.91,1.56,,
South Africa,2017,ZAF,Sub-Saharan Africa,5.83,76.08,43,0.48,23.99,0.75,0.36,104.7,31.29,1.1,,
South Africa,2018,ZAF,Sub-Saharan Africa,5.83,76.79,43,0.48,24.22,0.75,0.36,100.51,31.25,1.02,,
South Africa,2019,ZAF,Sub-Saharan Africa,5.72,77.48,44,0.46,25.54,0.75,0.36,102.56,31.26,1.81,,
South Africa,2020,ZAF,Sub-Saharan Africa,5.36,78.17,44,0.43,24.34,0.75,,102.1,,0.89,,
South Africa,2021,ZAF,Sub-Saharan Africa,,,44,0.44,28.77,0.75,,,,0.81,,
South Africa,2022,ZAF,Sub-Saharan Africa,,,43,0.43,,,,,,1.09,,
South Sudan,2000,SSD,Sub-Saharan Africa,,,,,12.13,0.62,0.18,,3.82,0.47,,
South Sudan,2001,SSD,Sub-Saharan Africa,,,,,12.13,0.62,0.18,,3.82,0.32,,
South Sudan,2002,SSD,Sub-Saharan Africa,,,,,12.14,0.62,0.18,,3.81,1.03,,
South Sudan,2003,SSD,Sub-Saharan Africa,,,,,12.14,0.62,0.17,,3.82,0.89,,
South Sudan,2004,SSD,Sub-Saharan Africa,,,,,12.15,0.62,0.18,,3.83,1.02,,
South Sudan,2005,SSD,Sub-Saharan Africa,,,,,12.14,0.62,0.18,,3.66,1.15,,
South Sudan,2006,SSD,Sub-Saharan Africa,,,,,12.13,0.62,0.17,,3.81,1.05,,
South Sudan,2007,SSD,Sub-Saharan Africa,,,,,12.13,0.62,0.17,,3.83,0.3,,
South Sudan,2008,SSD,Sub-Saharan Africa,,,,,12.15,0.62,0.17,,3.32,0.78,,
South Sudan,2009,SSD,Sub-Saharan Africa,,,,,12.21,0.62,0.18,,3.3,1.49,,
South Sudan,2010,SSD,Sub-Saharan Africa,,,,,12.14,0.62,0.18,,3.27,1.56,,
South Sudan,2011,SSD,Sub-Saharan Africa,,1.84,,0.11,12.2,0.62,0.19,9.69,3.27,1.46,,
South Sudan,2012,SSD,Sub-Saharan Africa,,1.95,,0.11,12.34,0.62,0.19,,3.24,1.25,,
South Sudan,2013,SSD,Sub-Saharan Africa,,2.07,14,0.09,12.04,0.62,0.19,,3.24,1.33,,
South Sudan,2014,SSD,Sub-Saharan Africa,,2.19,15,0.09,12.14,0.62,0.2,,3.26,0.97,,
South Sudan,2015,SSD,Sub-Saharan Africa,,2.3,15,0.1,12.29,0.62,0.21,11.01,3.28,1.14,,
South Sudan,2016,SSD,Sub-Saharan Africa,,2.43,11,0.09,12.33,0.62,0.23,,3.28,1.29,,
South Sudan,2017,SSD,Sub-Saharan Africa,19.19,2.55,12,0.07,12.26,0.62,0.24,,3.28,1.3,,
South Sudan,2018,SSD,Sub-Saharan Africa,21.71,2.67,13,0.07,12.23,0.62,0.25,,3.28,1.19,,
South Sudan,2019,SSD,Sub-Saharan Africa,22.65,2.8,12,0.07,12.2,0.62,0.25,,3.28,1,,
South Sudan,2020,SSD,Sub-Saharan Africa,23.21,2.8,12,0.1,13.74,0.62,,,,0.69,,
South Sudan,2021,SSD,Sub-Saharan Africa,,,11,0.08,13.48,0.62,,,,1.17,,
South Sudan,2022,SSD,Sub-Saharan Africa,,,13,0.05,,,,,,0.98,,
Spain,2000,ESP,Europe and Central Asia,24.32,99.62,70,0.63,13.79,0.46,0.29,110.27,30.76,0.81,,
Spain,2001,ESP,Europe and Central Asia,24.85,99.62,70,0.63,10.35,0.46,0.3,111.78,29.81,1.41,,
Spain,2002,ESP,Europe and Central Asia,24.6,99.65,71,0.63,11.15,0.46,0.31,111.86,30.56,0.81,,
Spain,2003,ESP,Europe and Central Asia,22.46,99.69,69,0.61,11.28,0.46,0.32,112.15,30.67,1.6,,
Spain,2004,ESP,Europe and Central Asia,22.16,99.73,71,0.61,11.09,0.46,0.33,113.83,31.42,1,,
Spain,2005,ESP,Europe and Central Asia,21.76,99.77,70,0.64,9.15,0.45,0.34,117.34,32.24,0.9,,
Spain,2006,ESP,Europe and Central Asia,21.02,99.81,68,0.63,8.45,0.46,0.35,117.34,33.38,1.53,,
Spain,2007,ESP,Europe and Central Asia,20.73,99.85,67,0.64,8.23,0.46,0.35,116.36,34.31,0.84,,
Spain,2008,ESP,Europe and Central Asia,20.64,99.88,65,0.65,11.25,0.46,0.36,115.53,31.26,0.86,,
Spain,2009,ESP,Europe and Central Asia,19.02,99.92,61,0.65,17.86,0.47,0.38,115.03,26.27,1.36,,
Spain,2010,ESP,Europe and Central Asia,20.29,99.96,61,0.65,19.86,0.46,0.38,119.12,25.37,0.91,,
Spain,2011,ESP,Europe and Central Asia,20.39,100,62,0.65,21.39,0.45,0.38,120.93,24.7,1.61,,
Spain,2012,ESP,Europe and Central Asia,21.81,99.99,65,0.64,24.79,0.45,0.38,122.84,23.74,1.04,,
Spain,2013,ESP,Europe and Central Asia,22.77,99.96,59,0.62,26.09,0.46,0.39,123.19,21.88,0.91,,
Spain,2014,ESP,Europe and Central Asia,23.13,99.93,60,0.63,24.44,0.46,0.39,123.37,22.47,1.6,,
Spain,2015,ESP,Europe and Central Asia,22.3,99.93,58,0.61,22.06,0.46,0.4,124.96,22.21,1.53,,
Spain,2016,ESP,Europe and Central Asia,21.96,99.93,58,0.6,19.64,0.46,0.41,126.19,21.23,1.71,,
Spain,2017,ESP,Europe and Central Asia,22.25,99.93,57,0.59,17.22,0.46,0.4,126,22.16,2.04,,
Spain,2018,ESP,Europe and Central Asia,22.24,99.93,58,0.6,15.25,0.45,0.4,126.18,22.2,1.15,,
Spain,2019,ESP,Europe and Central Asia,21.76,99.93,62,0.63,14.1,0.45,0.4,125.95,20.78,1.53,,
Spain,2020,ESP,Europe and Central Asia,19.62,99.93,62,0.63,15.53,0.44,,124.83,,2.08,,
Spain,2021,ESP,Europe and Central Asia,,,61,0.61,14.78,0.44,,,,1.43,,
Spain,2022,ESP,Europe and Central Asia,,,60,0.62,,,,,,2.49,,
Sri Lanka,2000,LKA,South Asia,40.04,60.44,,0.3,7.74,0.6,0.22,,3.93,0.46,,
Sri Lanka,2001,LKA,South Asia,41.09,60.85,,0.31,7.9,0.61,0.23,,3.93,0.7,,
Sri Lanka,2002,LKA,South Asia,40.45,61.26,37,0.32,8.76,0.61,0.22,,4.31,0.85,,
Sri Lanka,2003,LKA,South Asia,37.61,61.68,34,0.32,8.22,0.61,0.23,,4.18,0.76,,
Sri Lanka,2004,LKA,South Asia,41.03,62.09,35,0.32,8.38,0.61,0.23,,4.31,0.67,,
Sri Lanka,2005,LKA,South Asia,40.5,62.5,32,0.24,7.67,0.61,0.22,,4.57,0.72,,
Sri Lanka,2006,LKA,South Asia,40.95,63.65,31,0.21,6.5,0.61,0.22,,4.52,0.5,,
Sri Lanka,2007,LKA,South Asia,44.85,64.81,32,0.21,5.97,0.6,0.22,,4.43,0.5,,
Sri Lanka,2008,LKA,South Asia,50.64,65.99,32,0.2,5.22,0.58,0.22,,4.8,0.42,,
Sri Lanka,2009,LKA,South Asia,53.29,67.17,31,0.2,5.85,0.57,0.22,,4.48,0.78,,
Sri Lanka,2010,LKA,South Asia,53.3,68.37,32,0.22,4.78,0.58,0.22,96.86,4.86,1.11,,
Sri Lanka,2011,LKA,South Asia,51.22,69.57,33,0.22,4.12,0.59,0.22,98.97,5.82,0.74,,
Sri Lanka,2012,LKA,South Asia,51.93,70.79,40,0.22,3.88,0.59,0.22,99.45,6.17,0.98,,
Sri Lanka,2013,LKA,South Asia,48.93,72.03,37,0.25,4.24,0.59,0.22,99.49,6,0.86,,
Sri Lanka,2014,LKA,South Asia,48.68,73.27,38,0.25,4.19,0.59,0.22,,6.27,1,,
Sri Lanka,2015,LKA,South Asia,48.93,74.54,37,0.35,4.52,0.59,0.23,,6.38,1.01,,
Sri Lanka,2016,LKA,South Asia,50.12,75.81,36,0.38,4.24,0.59,0.23,97.63,6.87,1.37,,
Sri Lanka,2017,LKA,South Asia,49.25,77.1,38,0.37,4.05,0.59,0.23,98.03,6.86,1.1,,
Sri Lanka,2018,LKA,South Asia,46.82,78.4,38,0.38,4.32,0.59,0.23,100.34,6.95,0.82,,
Sri Lanka,2019,LKA,South Asia,51.07,78.42,38,0.34,4.67,0.59,0.23,,7.49,1.28,,
Sri Lanka,2020,LKA,South Asia,46.58,78.45,38,0.33,5.2,0.59,,,,1.32,,
Sri Lanka,2021,LKA,South Asia,,,37,0.34,5.24,0.59,,,,1.03,,
Sri Lanka,2022,LKA,South Asia,,,36,0.34,,,,,,1,,
Sudan,2000,SDN,Sub-Saharan Africa,61.82,28.27,,0.07,15.28,0.54,0.14,,3.46,0.47,,
Sudan,2001,SDN,Sub-Saharan Africa,62.28,28.29,,0.1,15.22,0.54,0.14,34.58,3.47,0.32,,
Sudan,2002,SDN,Sub-Saharan Africa,61.42,28.3,,0.1,15.16,0.54,0.14,34.57,3.48,1.03,,
Sudan,2003,SDN,Sub-Saharan Africa,62.56,28.32,23,0.09,15.1,0.54,0.14,35.88,3.48,0.89,,
Sudan,2004,SDN,Sub-Saharan Africa,57.18,28.34,22,0.1,15.05,0.54,0.15,39.07,3.48,1.02,,
Sudan,2005,SDN,Sub-Saharan Africa,54.63,29.16,21,0.1,14.98,0.54,0.15,38.75,3.48,1.15,,
Sudan,2006,SDN,Sub-Saharan Africa,55.79,29.99,20,0.1,14.9,0.54,0.15,36.86,3.46,1.05,,
Sudan,2007,SDN,Sub-Saharan Africa,58,30.81,18,0.1,14.84,0.54,0.15,36.17,3.46,0.3,,
Sudan,2008,SDN,Sub-Saharan Africa,62.4,31.63,16,0.1,14.8,0.54,0.15,38.28,2.98,0.78,,
Sudan,2009,SDN,Sub-Saharan Africa,52.48,32.46,15,0.1,13,0.54,0.14,42.32,2.99,1.49,,
Sudan,2010,SDN,Sub-Saharan Africa,61.31,33.3,16,0.12,15.13,0.55,0.13,42.52,3.06,1.56,,
Sudan,2011,SDN,Sub-Saharan Africa,65.93,34.15,16,0.11,17.44,0.55,0.13,37.56,3.07,,,
Sudan,2012,SDN,Sub-Saharan Africa,65.45,35.01,13,0.11,17.67,0.55,0.13,41.23,3.07,1.03,,
Sudan,2013,SDN,Sub-Saharan Africa,74.83,35.88,11,0.09,17.41,0.55,0.13,43.61,3.07,1.15,,
Sudan,2014,SDN,Sub-Saharan Africa,67.03,36.75,11,0.09,17.39,0.55,0.13,44.85,3.1,0.95,,
Sudan,2015,SDN,Sub-Saharan Africa,63.23,37.64,12,0.09,17.44,0.55,0.13,45.62,3.14,1.5,,
Sudan,2016,SDN,Sub-Saharan Africa,70.31,38.4,14,0.09,17.44,0.55,0.13,44.13,3.14,1.17,,
Sudan,2017,SDN,Sub-Saharan Africa,72.48,38.49,16,0.1,17.5,0.55,0.14,46.62,3.14,1.21,,
Sudan,2018,SDN,Sub-Saharan Africa,66.95,38.6,16,0.1,17.57,0.55,0.14,45.86,3.14,1.23,,
Sudan,2019,SDN,Sub-Saharan Africa,66.51,38.71,16,0.12,17.59,0.55,0.15,,3.14,0.88,,
Sudan,2020,SDN,Sub-Saharan Africa,52.96,38.84,16,0.11,19.29,0.55,,,,0.46,,
Sudan,2021,SDN,Sub-Saharan Africa,,,20,0.08,19.05,0.55,,,,1.24,,
Sudan,2022,SDN,Sub-Saharan Africa,,,22,0.09,,,,,,0.77,,
Suriname,2000,SUR,Latin America and Caribbean,15.4,86.06,,0.52,12.74,0.68,0.27,,25.28,0.66,,
Suriname,2001,SUR,Latin America and Caribbean,27.33,86.57,,0.52,11.91,0.69,0.27,74.99,25.36,0.78,,
Suriname,2002,SUR,Latin America and Caribbean,23.01,87.07,,0.52,11.14,0.69,0.27,74.94,25.15,1.01,,
Suriname,2003,SUR,Latin America and Caribbean,23.55,87.57,,0.51,10.3,0.68,0.28,,24.32,1.07,,
Suriname,2004,SUR,Latin America and Caribbean,20.7,88.08,43,0.51,9.49,0.68,0.28,,23.83,1.1,,
Suriname,2005,SUR,Latin America and Caribbean,20.86,88.55,32,0.51,9.37,0.67,0.29,68.48,23.53,1.43,,
Suriname,2006,SUR,Latin America and Caribbean,18.08,89.03,30,0.51,9.19,0.67,0.29,69.11,23.88,1,,
Suriname,2007,SUR,Latin America and Caribbean,19.5,89.5,35,0.51,9.03,0.68,0.29,69.06,24.03,0.98,,
Suriname,2008,SUR,Latin America and Caribbean,24.28,89.98,36,0.5,8.88,0.67,0.29,69.62,23.35,1.08,,
Suriname,2009,SUR,Latin America and Caribbean,21.97,90.47,37,0.5,8.72,0.66,0.3,67.69,22.45,1.41,,
Suriname,2010,SUR,Latin America and Caribbean,23.58,90.95,,0.49,7.15,0.66,0.3,71.45,21.58,1.51,,
Suriname,2011,SUR,Latin America and Caribbean,27.2,91.44,30,0.49,7.54,0.65,0.3,70.34,21.73,1.07,,
Suriname,2012,SUR,Latin America and Caribbean,28.27,91.93,37,0.49,8.1,0.65,0.31,72.07,20.68,0.99,,
Suriname,2013,SUR,Latin America and Caribbean,27.87,92.42,36,0.48,6.6,0.65,0.31,73.81,20.64,1.12,,
Suriname,2014,SUR,Latin America and Caribbean,28.98,92.92,36,0.48,6.94,0.65,0.31,73.35,20.3,1.14,,
Suriname,2015,SUR,Latin America and Caribbean,22,93.43,36,0.49,7.22,0.65,0.31,77.47,19.53,1.31,,
Suriname,2016,SUR,Latin America and Caribbean,21.84,93.93,45,0.49,7.92,0.65,0.31,,19.03,1.79,,
Suriname,2017,SUR,Latin America and Caribbean,26.38,94.44,41,0.48,7.91,0.65,0.31,,18.56,1.44,,
Suriname,2018,SUR,Latin America and Caribbean,18.43,94.96,43,0.48,7.93,0.65,0.31,82.26,18.14,1.25,,
Suriname,2019,SUR,Latin America and Caribbean,15.38,95.47,44,0.48,8.03,0.64,0.31,,17.78,1.53,,
Suriname,2020,SUR,Latin America and Caribbean,20.52,95.99,38,0.48,9.52,0.66,,79.3,,1.68,,
Suriname,2021,SUR,Latin America and Caribbean,,,39,0.48,9.08,0.66,,70.66,,1.28,,
Suriname,2022,SUR,Latin America and Caribbean,,,40,0.5,,,,,,1.3,,
Sweden,2000,SWE,Europe and Central Asia,14.46,99.42,94,0.69,5.47,0.39,0.39,151.85,33.08,1.72,,
Sweden,2001,SWE,Europe and Central Asia,16.88,99.44,90,0.68,4.73,0.38,0.4,147.63,30.45,1.07,,
Sweden,2002,SWE,Europe and Central Asia,16.51,99.47,93,0.68,4.97,0.39,0.4,143.93,31.2,1.57,,
Sweden,2003,SWE,Europe and Central Asia,15.88,99.49,93,0.69,5.55,0.4,0.41,137.02,32.89,0.91,,
Sweden,2004,SWE,Europe and Central Asia,16.28,99.52,92,0.69,6.69,0.4,0.41,103.29,33.52,1.2,,
Sweden,2005,SWE,Europe and Central Asia,16.64,99.54,92,0.69,7.49,0.41,0.41,104.06,33.26,1.83,,
Sweden,2006,SWE,Europe and Central Asia,16.54,99.56,92,0.69,7.07,0.42,0.41,103.57,34.6,1.49,,
Sweden,2007,SWE,Europe and Central Asia,16.34,99.59,93,0.7,6.16,0.42,0.4,102.39,35.95,1.94,,
Sweden,2008,SWE,Europe and Central Asia,16.33,99.61,93,0.69,6.23,0.41,0.39,101.3,34.31,1.95,,
Sweden,2009,SWE,Europe and Central Asia,16.4,99.64,92,0.69,8.35,0.41,0.41,99.49,27.72,1.43,,
Sweden,2010,SWE,Europe and Central Asia,16.38,99.66,92,0.69,8.61,0.42,0.41,98.12,31.89,-0.28,,
Sweden,2011,SWE,Europe and Central Asia,14.55,99.69,93,0.68,7.8,0.41,0.42,96.98,31.35,1.27,,
Sweden,2012,SWE,Europe and Central Asia,14.81,99.71,88,0.68,7.98,0.39,0.42,98.14,30.42,1.31,,
Sweden,2013,SWE,Europe and Central Asia,14.93,99.73,89,0.67,8.05,0.4,0.42,128.56,29.41,0.86,,
Sweden,2014,SWE,Europe and Central Asia,14.92,99.76,87,0.66,7.95,0.4,0.42,132.94,29.09,2.7,,
Sweden,2015,SWE,Europe and Central Asia,14.9,99.78,89,0.66,7.43,0.41,0.42,140.44,28.34,2.07,,
Sweden,2016,SWE,Europe and Central Asia,14.49,99.8,88,0.66,6.99,0.39,0.42,144.91,27.32,1.84,,
Sweden,2017,SWE,Europe and Central Asia,14.09,99.83,84,0.66,6.72,0.4,0.42,152.86,27.55,1.59,,
Sweden,2018,SWE,Europe and Central Asia,13.96,99.83,85,0.66,6.36,0.4,0.43,151.7,27.55,1.84,,
Sweden,2019,SWE,Europe and Central Asia,13.71,99.83,85,0.65,6.83,0.4,0.42,146.25,27.93,1.57,,
Sweden,2020,SWE,Europe and Central Asia,13.03,99.83,85,0.65,8.29,0.42,,145.62,,2.94,,
Sweden,2021,SWE,Europe and Central Asia,,,85,0.65,8.72,0.42,,,,1.85,,
Sweden,2022,SWE,Europe and Central Asia,,,83,0.64,,,,,,2.11,,
Switzerland,2000,CHE,Europe and Central Asia,31.04,100,86,0.79,2.66,0.42,0.31,95.63,55.67,1.42,,
Switzerland,2001,CHE,Europe and Central Asia,30.12,100,84,0.79,2.49,0.42,0.31,95.33,53.01,1.45,,
Switzerland,2002,CHE,Europe and Central Asia,29.05,100,85,0.79,2.92,0.41,0.31,93.71,49.24,1.26,,
Switzerland,2003,CHE,Europe and Central Asia,28.62,100,88,0.79,4.12,0.43,0.31,93.78,54.19,1.85,,
Switzerland,2004,CHE,Europe and Central Asia,28.76,100,91,0.79,4.32,0.43,0.31,94.42,54.49,0.97,,
Switzerland,2005,CHE,Europe and Central Asia,27.14,100,91,0.79,4.44,0.44,0.31,95.45,55.48,0.81,,
Switzerland,2006,CHE,Europe and Central Asia,27.35,100,91,0.79,3.99,0.45,0.31,96.03,54.41,1.09,,
Switzerland,2007,CHE,Europe and Central Asia,27.33,100,90,0.79,3.64,0.44,0.31,95.91,56.65,1.8,,
Switzerland,2008,CHE,Europe and Central Asia,26.5,100,90,0.8,3.35,0.41,0.31,95.89,55.97,1.2,,
Switzerland,2009,CHE,Europe and Central Asia,26.2,100,90,0.8,4.11,0.42,0.32,95.6,50.99,1.37,,
Switzerland,2010,CHE,Europe and Central Asia,26.19,100,87,0.8,4.81,0.44,0.32,96.11,50.75,0.46,,
Switzerland,2011,CHE,Europe and Central Asia,25.65,100,88,0.8,4.41,0.44,0.32,96.42,55.41,1.67,,
Switzerland,2012,CHE,Europe and Central Asia,25.87,100,86,0.81,4.49,0.43,0.32,96.48,53,1.51,,
Switzerland,2013,CHE,Europe and Central Asia,25.16,100,85,0.81,4.75,0.43,0.33,98.89,57.95,0.78,,
Switzerland,2014,CHE,Europe and Central Asia,26.04,100,86,0.81,4.83,0.43,0.34,,56.3,2.17,,
Switzerland,2015,CHE,Europe and Central Asia,25.86,100,86,0.81,4.8,0.43,0.34,101.47,54.16,1.97,,
Switzerland,2016,CHE,Europe and Central Asia,26.57,100,86,0.81,4.92,0.43,0.35,102.57,52.52,1.86,,
Switzerland,2017,CHE,Europe and Central Asia,26.41,100,85,0.81,4.8,0.43,0.36,102.49,52.98,1.84,,
Switzerland,2018,CHE,Europe and Central Asia,27.98,100,85,0.81,4.71,0.42,0.35,102.57,52.67,2.34,,
Switzerland,2019,CHE,Europe and Central Asia,25.29,100,85,0.81,4.39,0.41,0.35,102.34,53.5,2.1,,
Switzerland,2020,CHE,Europe and Central Asia,21.97,100,85,0.8,4.82,0.41,,102.56,,2.51,,
Switzerland,2021,CHE,Europe and Central Asia,,,84,0.8,5.1,0.41,,,,1.18,,
Switzerland,2022,CHE,Europe and Central Asia,,,82,0.8,,,,,,2.8,,
Syria,2000,SYR,Middle East and North Africa,64.33,82.75,,0.07,9.6,0.64,0.1,43.85,12.02,0.67,,
Syria,2001,SYR,Middle East and North Africa,58.38,82.93,,0.07,11.63,0.64,0.1,45.44,11.34,1.16,,
Syria,2002,SYR,Middle East and North Africa,54.18,83.11,,0.06,10.95,0.64,0.11,47.25,9.55,0.87,,
Syria,2003,SYR,Middle East and North Africa,51.74,83.29,34,0.07,10.28,0.65,0.12,62.8,11.15,0.54,,
Syria,2004,SYR,Middle East and North Africa,52.02,83.47,34,0.06,9.57,0.65,0.11,66.27,10.87,0.64,,
Syria,2005,SYR,Middle East and North Africa,49.5,83.64,34,0.05,8.87,0.65,0.11,69.75,10.71,0.23,,
Syria,2006,SYR,Middle East and North Africa,51.46,83.81,29,0.05,8.17,0.65,0.1,70.82,10.77,1.02,,
Syria,2007,SYR,Middle East and North Africa,51.92,83.98,24,0.05,8.42,0.65,0.09,71.71,12.82,0.79,,
Syria,2008,SYR,Middle East and North Africa,53.01,84.15,21,0.05,10.94,0.65,0.1,72.02,12.85,1.03,,
Syria,2009,SYR,Middle East and North Africa,54,84.32,26,0.05,8.14,0.65,0.09,71.37,11.97,0.64,,
Syria,2010,SYR,Middle East and North Africa,54,84.49,25,0.05,8.61,0.65,0.09,72.18,11.92,2.48,,
Syria,2011,SYR,Middle East and North Africa,53.37,84.42,26,0.06,8.63,0.65,0.1,74.52,11.75,0.66,,
Syria,2012,SYR,Middle East and North Africa,53.69,84.35,26,0.05,8.86,0.65,0.11,77.87,9.88,1.04,,
Syria,2013,SYR,Middle East and North Africa,,84.3,17,0.05,8.86,0.65,0.12,52.53,8.45,1.38,,
Syria,2014,SYR,Middle East and North Africa,,84.24,20,0.05,8.74,0.65,0.13,,8.17,1.21,,
Syria,2015,SYR,Middle East and North Africa,,84.46,18,0.05,8.72,0.65,0.13,,10.97,1.32,,
Syria,2016,SYR,Middle East and North Africa,,84.67,13,0.05,8.77,0.65,0.13,,11.09,1.8,,
Syria,2017,SYR,Middle East and North Africa,,84.89,14,0.05,8.75,0.65,0.13,,11.55,1.14,,
Syria,2018,SYR,Middle East and North Africa,,85.02,13,0.06,8.75,0.65,0.13,,11.19,2.39,,
Syria,2019,SYR,Middle East and North Africa,,85.12,13,0.05,8.74,0.65,0.13,,11,1.56,,
Syria,2020,SYR,Middle East and North Africa,,85.21,14,0.05,10.01,0.65,,,,1.87,,
Syria,2021,SYR,Middle East and North Africa,,,13,0.05,9.82,0.65,,,,2.24,,
Syria,2022,SYR,Middle East and North Africa,,,13,0.05,,,,,,1.54,,
Taiwan,2000,TWN,East Asia and Pacific,,,55,0.54,,0.57,0.31,,34.16,0.43,,
Taiwan,2001,TWN,East Asia and Pacific,,,59,0.54,,0.59,0.31,,31.31,0.78,,
Taiwan,2002,TWN,East Asia and Pacific,,,56,0.56,,0.59,0.31,,31.68,0.92,,
Taiwan,2003,TWN,East Asia and Pacific,,,57,0.55,,0.61,0.31,,32.59,0.87,,
Taiwan,2004,TWN,East Asia and Pacific,,,56,0.58,,0.61,0.32,,37.38,0.44,,
Taiwan,2005,TWN,East Asia and Pacific,,,59,0.58,,0.62,0.32,,37.79,0.66,,
Taiwan,2006,TWN,East Asia and Pacific,,,59,0.58,,0.62,0.32,,36.44,0.72,,
Taiwan,2007,TWN,East Asia and Pacific,,,57,0.58,,0.62,0.33,,39.25,0.79,,
Taiwan,2008,TWN,East Asia and Pacific,,,57,0.64,,0.61,0.33,,37.73,0.59,,
Taiwan,2009,TWN,East Asia and Pacific,,,56,0.63,,0.61,0.34,,33.04,0.79,,
Taiwan,2010,TWN,East Asia and Pacific,,,58,0.63,,0.63,0.34,,37.88,0.54,,
Taiwan,2011,TWN,East Asia and Pacific,,,61,0.63,,0.62,0.35,,37.37,0.09,,
Taiwan,2012,TWN,East Asia and Pacific,,,61,0.63,,0.61,0.35,,37.24,0.38,,
Taiwan,2013,TWN,East Asia and Pacific,,,61,0.61,,0.61,0.35,,35.18,0.69,,
Taiwan,2014,TWN,East Asia and Pacific,,,61,0.61,,0.63,0.36,,35.62,0.7,,
Taiwan,2015,TWN,East Asia and Pacific,,,62,0.6,,0.61,0.36,,34.63,0.72,,
Taiwan,2016,TWN,East Asia and Pacific,,,61,0.63,,0.62,0.36,,34.57,1.01,,
Taiwan,2017,TWN,East Asia and Pacific,,,63,0.63,,0.61,0.36,,35.71,1.35,,
Taiwan,2018,TWN,East Asia and Pacific,,,63,0.67,,0.61,0.36,,36.62,1.11,,
Taiwan,2019,TWN,East Asia and Pacific,,,65,0.65,,0.61,0.36,,35.14,1.3,,
Taiwan,2020,TWN,East Asia and Pacific,,,65,0.63,,0.61,,,,1.73,,
Taiwan,2021,TWN,East Asia and Pacific,,,68,0.63,,0.61,,,,1.9,,
Taiwan,2022,TWN,East Asia and Pacific,,,68,0.66,,,,,,1.38,,
Tajikistan,2000,TJK,Europe and Central Asia,79.15,35.99,,0.1,15.13,0.51,0.23,72.88,2.47,0.94,,
Tajikistan,2001,TJK,Europe and Central Asia,76.52,37.02,,0.1,14.77,0.52,0.23,74.9,2.57,1.41,,
Tajikistan,2002,TJK,Europe and Central Asia,78.17,38.08,,0.1,14.41,0.53,0.23,77.39,2.57,1.21,,
Tajikistan,2003,TJK,Europe and Central Asia,73.3,39.16,18,0.1,14.02,0.54,0.23,79.8,2.74,0.5,,
Tajikistan,2004,TJK,Europe and Central Asia,71.74,40.26,20,0.1,13.61,0.54,0.24,80.46,3.16,1.3,,
Tajikistan,2005,TJK,Europe and Central Asia,66.1,41.39,21,0.09,13.12,0.54,0.24,80.32,2.98,0.76,,
Tajikistan,2006,TJK,Europe and Central Asia,68.79,42.55,22,0.09,12.73,0.53,0.24,81.02,3.4,1.57,,
Tajikistan,2007,TJK,Europe and Central Asia,70.61,43.73,21,0.09,12.36,0.53,0.23,82.45,3.23,1.2,,
Tajikistan,2008,TJK,Europe and Central Asia,68.58,44.93,20,0.09,11.98,0.53,0.23,83.49,3.32,0.91,,
Tajikistan,2009,TJK,Europe and Central Asia,69.64,46.16,20,0.09,11.5,0.53,0.23,84.08,3.42,0.81,,
Tajikistan,2010,TJK,Europe and Central Asia,70.43,47.41,21,0.08,10.89,0.53,0.23,84.73,3.56,1.34,,
Tajikistan,2011,TJK,Europe and Central Asia,62.54,48.69,23,0.08,10.24,0.53,0.24,85.6,3.76,1.44,,
Tajikistan,2012,TJK,Europe and Central Asia,63.94,50,22,0.07,9.57,0.53,0.24,87.05,3.98,-0.03,,
Tajikistan,2013,TJK,Europe and Central Asia,61.91,51.35,22,0.06,8.9,0.53,0.25,88.5,4.16,1.26,,
Tajikistan,2014,TJK,Europe and Central Asia,62.19,52.73,23,0.06,8.23,0.53,0.26,,4.35,0.46,,
Tajikistan,2015,TJK,Europe and Central Asia,62.58,54.14,26,0.05,7.55,0.52,0.26,,4.21,1.3,,
Tajikistan,2016,TJK,Europe and Central Asia,66,55.59,25,0.05,6.9,0.54,0.27,,4.22,1.65,,
Tajikistan,2017,TJK,Europe and Central Asia,63.15,57.07,21,0.06,6.95,0.54,0.27,,4.21,1.29,,
Tajikistan,2018,TJK,Europe and Central Asia,68.42,58.58,25,0.05,7,0.55,0.26,,4.18,1.66,,
Tajikistan,2019,TJK,Europe and Central Asia,71.22,60.12,25,0.06,7.04,0.55,0.26,,4.21,1.33,,
Tajikistan,2020,TJK,Europe and Central Asia,65.16,60.2,25,0.06,7.49,0.55,,,,1.03,,
Tajikistan,2021,TJK,Europe and Central Asia,,,25,0.06,7.74,0.55,,,,0.95,,
Tajikistan,2022,TJK,Europe and Central Asia,,,24,0.05,,,,,,2.07,,
Tanzania,2000,TZA,Sub-Saharan Africa,38.47,0.83,25,0.32,3.07,0.57,0.24,,4.07,0.53,,
Tanzania,2001,TZA,Sub-Saharan Africa,40.91,0.86,22,0.29,2.99,0.57,0.23,,4.38,0.43,,
Tanzania,2002,TZA,Sub-Saharan Africa,42.52,0.89,27,0.29,3.03,0.58,0.24,,4.5,0.65,,
Tanzania,2003,TZA,Sub-Saharan Africa,40.01,0.92,25,0.29,3.1,0.58,0.24,,4.76,1.01,,
Tanzania,2004,TZA,Sub-Saharan Africa,37.37,1.72,28,0.29,3.15,0.59,0.24,,4.61,0.9,,
Tanzania,2005,TZA,Sub-Saharan Africa,33.71,2.58,29,0.29,3.22,0.59,0.24,,4.85,1.04,,
Tanzania,2006,TZA,Sub-Saharan Africa,25.77,3.82,29,0.31,3.3,0.59,0.25,,4.64,0.84,,
Tanzania,2007,TZA,Sub-Saharan Africa,28.47,5.51,32,0.31,3.02,0.6,0.25,,4.72,0.77,,
Tanzania,2008,TZA,Sub-Saharan Africa,32.59,7.33,30,0.31,2.77,0.6,0.25,,4.82,0.46,,
Tanzania,2009,TZA,Sub-Saharan Africa,34.65,9.28,26,0.31,2.5,0.59,0.25,,4.71,0.89,,
Tanzania,2010,TZA,Sub-Saharan Africa,31.89,11.35,27,0.31,2.99,0.59,0.26,31.65,4.74,1.01,,
Tanzania,2011,TZA,Sub-Saharan Africa,27.95,13.55,30,0.31,3.47,0.59,0.26,,4.85,0.72,,
Tanzania,2012,TZA,Sub-Saharan Africa,24.69,15.88,35,0.31,3.26,0.59,0.27,,4.84,0.82,,
Tanzania,2013,TZA,Sub-Saharan Africa,24.09,18.34,33,0.31,2.93,0.6,0.28,,4.97,0.89,,
Tanzania,2014,TZA,Sub-Saharan Africa,25.98,20.92,31,0.31,2.12,0.6,0.29,30.75,4.85,0.94,,
Tanzania,2015,TZA,Sub-Saharan Africa,25.83,23.64,30,0.3,2.14,0.6,0.3,27.14,5.05,1.1,,
Tanzania,2016,TZA,Sub-Saharan Africa,21.89,26.48,32,0.27,2.15,0.61,0.31,26.71,4.94,1,,
Tanzania,2017,TZA,Sub-Saharan Africa,21.35,29.44,36,0.27,2.17,0.61,0.31,27.35,5.1,1.45,,
Tanzania,2018,TZA,Sub-Saharan Africa,20.84,32.54,36,0.27,2.2,0.61,0.32,29.44,5.21,1.06,,
Tanzania,2019,TZA,Sub-Saharan Africa,21.91,35.77,37,0.26,2.21,0.61,0.33,30.83,5.11,1.4,,
Tanzania,2020,TZA,Sub-Saharan Africa,23.1,36.1,38,0.26,2.78,0.61,,31.42,,1.09,,
Tanzania,2021,TZA,Sub-Saharan Africa,,,39,0.26,2.74,0.61,,28.67,,1.13,,
Tanzania,2022,TZA,Sub-Saharan Africa,,,38,0.26,,,,,,0.91,,
Thailand,2000,THA,East Asia and Pacific,34.19,89.06,32,0.24,2.39,0.66,0.34,,14.08,0.14,,
Thailand,2001,THA,East Asia and Pacific,33.99,89.5,32,0.26,2.6,0.68,0.34,62.86,15.72,0.73,,
Thailand,2002,THA,East Asia and Pacific,27.9,89.94,32,0.26,1.82,0.66,0.34,64.94,15.66,0.73,,
Thailand,2003,THA,East Asia and Pacific,27.17,90.37,33,0.25,1.54,0.67,0.34,,17.34,0.87,,
Thailand,2004,THA,East Asia and Pacific,26.41,90.8,36,0.25,1.51,0.66,0.34,68.35,18.68,0.63,,
Thailand,2005,THA,East Asia and Pacific,27.58,91.55,38,0.24,1.35,0.65,0.34,73.63,16.42,0.97,,
Thailand,2006,THA,East Asia and Pacific,17.66,92.3,36,0.13,1.22,0.65,0.34,74.18,19.21,0.77,,
Thailand,2007,THA,East Asia and Pacific,14.81,93.03,33,0.13,1.18,0.65,0.33,79.34,19.96,0.64,,
Thailand,2008,THA,East Asia and Pacific,14.7,93.76,35,0.21,1.18,0.65,0.34,79.22,20.89,0.5,,
Thailand,2009,THA,East Asia and Pacific,15.9,94.47,34,0.21,1.49,0.64,0.33,80.82,19.08,0.61,,
Thailand,2010,THA,East Asia and Pacific,14.5,95.16,35,0.21,0.62,0.65,0.33,82.43,22.35,1.41,,
Thailand,2011,THA,East Asia and Pacific,13.01,95.83,34,0.23,0.66,0.64,0.34,85.01,22.13,0.36,,
Thailand,2012,THA,East Asia and Pacific,13.42,96.48,37,0.24,0.58,0.64,0.34,83.76,23.73,1.02,,
Thailand,2013,THA,East Asia and Pacific,12.54,97.12,35,0.21,0.25,0.62,0.34,82,23.68,1.23,,
Thailand,2014,THA,East Asia and Pacific,12.86,97.76,38,0.07,0.58,0.63,0.34,120.33,23.2,0.85,,
Thailand,2015,THA,East Asia and Pacific,11.91,98.37,38,0.07,0.6,0.6,0.34,120.65,21.27,1.39,,
Thailand,2016,THA,East Asia and Pacific,10.81,98.89,35,0.08,0.69,0.61,0.34,118.63,21.95,1.66,,
Thailand,2017,THA,East Asia and Pacific,11.84,99.53,37,0.09,0.83,0.61,0.34,104.81,22.31,1.2,,
Thailand,2018,THA,East Asia and Pacific,10.11,99.85,36,0.1,0.77,0.6,0.34,105.29,23.05,0.95,,
Thailand,2019,THA,East Asia and Pacific,8.51,99.96,36,0.11,0.72,0.59,0.34,104.97,22.52,1.86,,
Thailand,2020,THA,East Asia and Pacific,10.54,100,36,0.11,1.1,0.59,,104.15,,1.6,,
Thailand,2021,THA,East Asia and Pacific,,,35,0.11,0.99,0.59,,98.02,,1.11,,
Thailand,2022,THA,East Asia and Pacific,,,36,0.11,,,,,,1.01,,
Timor-Leste,2000,TLS,East Asia and Pacific,,,,,3.45,0.59,0.23,,,,,
Timor-Leste,2001,TLS,East Asia and Pacific,,,,,3.4,0.59,0.23,37.88,,,,
Timor-Leste,2002,TLS,East Asia and Pacific,,33.01,,0.25,3.62,0.58,0.23,43.81,,,,
Timor-Leste,2003,TLS,East Asia and Pacific,40.93,34.06,,0.26,3.56,0.56,0.23,47,,0.55,,
Timor-Leste,2004,TLS,East Asia and Pacific,34.59,35.12,,0.26,3.51,0.55,0.25,56.18,,0.62,,
Timor-Leste,2005,TLS,East Asia and Pacific,33.2,36.16,,0.31,3.47,0.54,0.26,54.98,,1.22,,
Timor-Leste,2006,TLS,East Asia and Pacific,22.02,37.21,26,0.31,3.52,0.53,0.26,,,0.32,,
Timor-Leste,2007,TLS,East Asia and Pacific,18.26,38.25,26,0.33,3.35,0.52,0.26,,,0.59,,
Timor-Leste,2008,TLS,East Asia and Pacific,11.52,39.3,22,0.34,3.32,0.52,0.26,51.48,,0.3,,
Timor-Leste,2009,TLS,East Asia and Pacific,8.84,42.07,22,0.34,3.31,0.53,0.25,61.22,,0.73,,
Timor-Leste,2010,TLS,East Asia and Pacific,11.56,44.93,25,0.35,3.3,0.53,0.25,62.38,,0.97,,
Timor-Leste,2011,TLS,East Asia and Pacific,9.92,47.88,24,0.35,3.55,0.53,0.25,65.57,,-0.08,,
Timor-Leste,2012,TLS,East Asia and Pacific,9.49,50.92,33,0.36,3.78,0.53,0.24,66.79,,0.1,,
Timor-Leste,2013,TLS,East Asia and Pacific,6.97,54.05,30,0.35,4.01,0.53,0.24,65.93,,0.68,,
Timor-Leste,2014,TLS,East Asia and Pacific,7.91,57.26,28,0.34,4.21,0.53,0.23,68.4,,0.58,,
Timor-Leste,2015,TLS,East Asia and Pacific,7.36,60.56,28,0.35,4.45,0.53,0.22,72.38,,0.74,,
Timor-Leste,2016,TLS,East Asia and Pacific,7.9,63.94,35,0.36,4.66,0.53,0.21,77.01,,1.88,,
Timor-Leste,2017,TLS,East Asia and Pacific,8.34,67.4,38,0.39,4.75,0.53,0.21,81.03,,1.15,,
Timor-Leste,2018,TLS,East Asia and Pacific,10.16,70.94,35,0.41,4.72,0.53,0.21,83.62,,0.96,,
Timor-Leste,2019,TLS,East Asia and Pacific,10.49,72.42,38,0.41,4.45,0.53,0.22,86.53,,1.17,,
Timor-Leste,2020,TLS,East Asia and Pacific,6.68,73.89,40,0.4,4.8,0.53,,86.78,,2,,
Timor-Leste,2021,TLS,East Asia and Pacific,,,41,0.4,4.97,0.53,,,,1.42,,
Timor-Leste,2022,TLS,East Asia and Pacific,,,42,0.43,,,,,,1.32,,
Togo,2000,TGO,Sub-Saharan Africa,76.81,9.96,,0.12,4.06,0.61,0.25,32.03,4.13,0.52,,
Togo,2001,TGO,Sub-Saharan Africa,75.56,10.38,,0.13,4.07,0.61,0.24,34.92,4.3,0.64,,
Togo,2002,TGO,Sub-Saharan Africa,74.7,10.81,,0.13,4.08,0.61,0.25,39.21,4.42,0.73,,
Togo,2003,TGO,Sub-Saharan Africa,72.99,11.24,,0.13,4.09,0.61,0.25,41.65,4.79,0.97,,
Togo,2004,TGO,Sub-Saharan Africa,70.48,11.68,,0.12,4.19,0.61,0.24,43.43,4.85,0.7,,
Togo,2005,TGO,Sub-Saharan Africa,68.78,12.13,,0.15,4.26,0.61,0.23,46.16,5.09,0.93,,
Togo,2006,TGO,Sub-Saharan Africa,66.54,12.59,24,0.15,4.23,0.61,0.22,48.39,5.01,0.97,,
Togo,2007,TGO,Sub-Saharan Africa,66.7,13.05,23,0.17,3.82,0.61,0.22,45.41,5.64,0.85,,
Togo,2008,TGO,Sub-Saharan Africa,65.99,13.52,27,0.2,3.33,0.62,0.21,,5.18,0.71,,
Togo,2009,TGO,Sub-Saharan Africa,65.25,14,28,0.2,2.88,0.62,0.21,,5.5,0.88,,
Togo,2010,TGO,Sub-Saharan Africa,62.13,14.49,24,0.19,2.43,0.63,0.21,,5.91,1.25,,
Togo,2011,TGO,Sub-Saharan Africa,62.17,14.99,24,0.19,1.98,0.63,0.2,55.76,5.65,0.87,,
Togo,2012,TGO,Sub-Saharan Africa,59.29,15.51,30,0.19,2.03,0.63,0.21,55.83,7.8,0.57,,
Togo,2013,TGO,Sub-Saharan Africa,57.87,16.03,29,0.2,2.09,0.62,0.21,54.6,6.73,0.75,,
Togo,2014,TGO,Sub-Saharan Africa,57.3,16.56,29,0.2,2.14,0.61,0.21,52.98,6.9,0.92,,
Togo,2015,TGO,Sub-Saharan Africa,57.51,17.11,32,0.2,2.2,0.6,0.21,56,6.6,1.1,,
Togo,2016,TGO,Sub-Saharan Africa,63.23,17.66,32,0.2,2.96,0.61,0.21,56.2,6.41,1.13,,
Togo,2017,TGO,Sub-Saharan Africa,62.27,18.23,32,0.18,3.74,0.61,0.22,61.85,6.36,1.24,,
Togo,2018,TGO,Sub-Saharan Africa,65.58,18.81,30,0.22,3.72,0.61,0.22,,6.45,1.12,,
Togo,2019,TGO,Sub-Saharan Africa,67.19,19.39,29,0.25,3.71,0.61,0.22,,6.49,1.27,,
Togo,2020,TGO,Sub-Saharan Africa,61.49,19.56,29,0.29,4.03,0.61,,,,1.13,,
Togo,2021,TGO,Sub-Saharan Africa,,,30,0.27,4.18,0.61,,64.28,,1.55,,
Togo,2022,TGO,Sub-Saharan Africa,,,30,0.27,,,,,,0.98,,
Tonga,2000,TON,East Asia and Pacific,14.49,97.65,,,4.1,,0.26,106.64,,0.27,,
Tonga,2001,TON,East Asia and Pacific,12.06,97.65,,,4.33,,0.26,106.13,,0.56,,
Tonga,2002,TON,East Asia and Pacific,12.37,97.65,,,4.64,,0.26,110.63,,0.78,,
Tonga,2003,TON,East Asia and Pacific,12.78,97.65,,,5.18,,0.26,119.32,,0.46,,
Tonga,2004,TON,East Asia and Pacific,9.97,97.65,,,4.05,,0.27,104.64,,0.63,,
Tonga,2005,TON,East Asia and Pacific,10.64,97.69,,,2.5,,0.27,,,0.77,,
Tonga,2006,TON,East Asia and Pacific,7.91,97.73,,,1.09,,0.28,99.93,,0.55,,
Tonga,2007,TON,East Asia and Pacific,9.83,97.76,17,,1.18,,0.28,103.08,,0.82,,
Tonga,2008,TON,East Asia and Pacific,7.47,97.8,24,,1.21,,0.28,102.44,,0.29,,
Tonga,2009,TON,East Asia and Pacific,11.53,97.84,30,,1.48,,0.28,102.51,,0.36,,
Tonga,2010,TON,East Asia and Pacific,8.5,97.87,30,,1.47,,0.29,103.65,,0.87,,
Tonga,2011,TON,East Asia and Pacific,9.55,97.91,31,,1.45,,0.29,106.08,,0.6,,
Tonga,2012,TON,East Asia and Pacific,6.93,97.95,,,1.66,,0.29,94.53,,0.67,,
Tonga,2013,TON,East Asia and Pacific,8.45,97.98,,,1.77,,0.29,95.79,,0.81,,
Tonga,2014,TON,East Asia and Pacific,6.34,98.02,,,1.83,,0.3,96.47,,0.71,,
Tonga,2015,TON,East Asia and Pacific,6.65,98.06,,,1.94,,0.3,100.86,,0.76,,
Tonga,2016,TON,East Asia and Pacific,5.38,98.09,,,1.9,,0.3,,,1.28,,
Tonga,2017,TON,East Asia and Pacific,5.32,98.13,,,2.07,,0.31,,,1.08,,
Tonga,2018,TON,East Asia and Pacific,5.64,98.16,,,2.25,,0.31,,,1.02,,
Tonga,2019,TON,East Asia and Pacific,5.4,98.2,,,2.24,,0.31,94.09,,1.6,,
Tonga,2020,TON,East Asia and Pacific,5,98.24,,,2.65,,,88.14,,1.4,,
Tonga,2021,TON,East Asia and Pacific,,,,,2.67,,,,,1.19,,
Tonga,2022,TON,East Asia and Pacific,,,,,,,,,,0.85,,
Trinidad And Tobago,2000,TTO,Latin America and Caribbean,57.35,82.76,,0.5,12.1,0.68,0.32,,61.04,0.51,,
Trinidad And Tobago,2001,TTO,Latin America and Caribbean,51.31,83.85,53,0.47,10.88,0.69,0.33,,63.46,0.72,,
Trinidad And Tobago,2002,TTO,Latin America and Caribbean,52.29,84.94,49,0.48,10.39,0.69,0.34,,64.04,0.6,,
Trinidad And Tobago,2003,TTO,Latin America and Caribbean,48.58,86.04,46,0.49,10.48,0.68,0.34,,65.64,0.82,,
Trinidad And Tobago,2004,TTO,Latin America and Caribbean,52.94,87.14,42,0.49,8.33,0.68,0.35,85.51,64.65,0.38,,
Trinidad And Tobago,2005,TTO,Latin America and Caribbean,46.25,88.26,38,0.49,7.95,0.67,0.36,,65.99,1.15,,
Trinidad And Tobago,2006,TTO,Latin America and Caribbean,49.33,89.37,32,0.49,6.27,0.67,0.36,,67.32,0.73,,
Trinidad And Tobago,2007,TTO,Latin America and Caribbean,49.28,90.5,34,0.49,5.54,0.68,0.35,,67.99,0.63,,
Trinidad And Tobago,2008,TTO,Latin America and Caribbean,46.72,91.63,36,0.5,4.63,0.67,0.36,,68.76,0.46,,
Trinidad And Tobago,2009,TTO,Latin America and Caribbean,47.51,92.76,36,0.5,5.28,0.66,0.36,,67.91,0.57,,
Trinidad And Tobago,2010,TTO,Latin America and Caribbean,46.57,93.91,36,0.5,4.03,0.66,0.36,,68.3,1.25,,
Trinidad And Tobago,2011,TTO,Latin America and Caribbean,44.82,95.05,32,0.5,3.43,0.65,0.36,,69.05,0.58,,
Trinidad And Tobago,2012,TTO,Latin America and Caribbean,44.69,96.21,39,0.5,3.72,0.65,0.37,,68.13,0.63,,
Trinidad And Tobago,2013,TTO,Latin America and Caribbean,43.17,97.37,38,0.49,2.68,0.65,0.37,,69.13,0.79,,
Trinidad And Tobago,2014,TTO,Latin America and Caribbean,42.83,97.75,38,0.49,2.48,0.65,0.37,,69.31,0.69,,
Trinidad And Tobago,2015,TTO,Latin America and Caribbean,41.31,98.14,39,0.49,2.43,0.65,0.37,,69.1,0.82,,
Trinidad And Tobago,2016,TTO,Latin America and Caribbean,43.12,98.52,35,0.49,3.21,0.65,0.38,,69.19,0.93,,
Trinidad And Tobago,2017,TTO,Latin America and Caribbean,40.81,98.88,41,0.49,3.31,0.65,0.38,,69.61,1.18,,
Trinidad And Tobago,2018,TTO,Latin America and Caribbean,44.89,98.88,41,0.48,3.4,0.65,0.38,,69.99,0.67,,
Trinidad And Tobago,2019,TTO,Latin America and Caribbean,46.91,98.88,40,0.48,3.52,0.64,0.38,,70.44,1.19,,
Trinidad And Tobago,2020,TTO,Latin America and Caribbean,46.31,98.88,40,0.48,4.21,0.66,,,,1.4,,
Trinidad And Tobago,2021,TTO,Latin America and Caribbean,,,41,0.5,4.45,0.66,,,,0.95,,
Trinidad And Tobago,2022,TTO,Latin America and Caribbean,,,42,0.5,,,,,,0.71,,
Tunisia,2000,TUN,Middle East and North Africa,38.63,87.59,52,0.12,14.94,0.6,0.17,74.48,10.64,1.01,,
Tunisia,2001,TUN,Middle East and North Africa,39.45,88.01,53,0.12,14.4,0.59,0.17,76.44,10.06,1.99,,
Tunisia,2002,TUN,Middle East and North Africa,40.2,88.42,48,0.14,14.55,0.59,0.18,77.88,10.1,1.25,,
Tunisia,2003,TUN,Middle East and North Africa,40.9,88.83,49,0.14,14.51,0.58,0.18,77.38,9.47,1.7,,
Tunisia,2004,TUN,Middle East and North Africa,41.52,89.23,50,0.14,14.23,0.57,0.18,81.47,9.61,0.92,,
Tunisia,2005,TUN,Middle East and North Africa,42.12,89.61,49,0.14,12.87,0.57,0.19,84.62,9.35,1.05,,
Tunisia,2006,TUN,Middle East and North Africa,42.67,89.98,46,0.14,12.51,0.56,0.19,86.76,9.6,1.27,,
Tunisia,2007,TUN,Middle East and North Africa,42.87,90.36,42,0.14,12.36,0.56,0.2,90.56,9.48,1.39,,
Tunisia,2008,TUN,Middle East and North Africa,42.79,90.72,44,0.13,12.44,0.55,0.2,92.39,10.2,1.37,,
Tunisia,2009,TUN,Middle East and North Africa,42.52,91.09,42,0.13,13.29,0.55,0.19,90.6,9.73,0.87,,
Tunisia,2010,TUN,Middle East and North Africa,42.11,91.45,43,0.14,13.05,0.55,0.19,90.19,10.31,1.75,,
Tunisia,2011,TUN,Middle East and North Africa,41.58,91.3,38,0.2,18.33,0.54,0.18,91.82,9.83,1.04,,
Tunisia,2012,TUN,Middle East and North Africa,40.98,91.15,41,0.45,17.63,0.54,0.19,,9.58,1.61,,
Tunisia,2013,TUN,Middle East and North Africa,39.06,90.99,41,0.45,15.93,0.53,0.19,90.08,9.99,1.47,,
Tunisia,2014,TUN,Middle East and North Africa,38,90.82,40,0.43,14.26,0.53,0.2,87.66,10.17,1.88,,
Tunisia,2015,TUN,Middle East and North Africa,39.5,90.65,38,0.41,15.16,0.53,0.2,88.23,10.33,1.19,,
Tunisia,2016,TUN,Middle East and North Africa,39.69,90.47,41,0.41,15.56,0.53,0.2,92.87,9.96,1.9,,
Tunisia,2017,TUN,Middle East and North Africa,40.51,90.24,42,0.41,15.33,0.53,0.2,,10,1.38,,
Tunisia,2018,TUN,Middle East and North Africa,41.92,89.99,43,0.49,15.46,0.53,0.2,,9.97,1.51,,
Tunisia,2019,TUN,Middle East and North Africa,42.9,89.73,43,0.48,15.13,0.53,0.2,,10.07,1.34,,
Tunisia,2020,TUN,Middle East and North Africa,36.4,89.47,44,0.47,16.37,0.53,,,,2.02,,
Tunisia,2021,TUN,Middle East and North Africa,,,44,0.36,16.26,0.53,,,,2.56,,
Tunisia,2022,TUN,Middle East and North Africa,,,40,0.22,,,,,,2.29,,
Turkiye,2000,TUR,Europe and Central Asia,28.6,89.4,38,0.35,6.5,0.64,0.16,73.6,20.88,0.52,,
Turkiye,2001,TUR,Europe and Central Asia,23.43,89.5,36,0.36,8.38,0.64,0.17,83.78,16.47,1.52,,
Turkiye,2002,TUR,Europe and Central Asia,20.32,89.72,32,0.4,10.36,0.64,0.18,88.29,17.61,0.79,,
Turkiye,2003,TUR,Europe and Central Asia,18.93,89.94,31,0.41,10.54,0.63,0.18,90.09,18.34,0.3,,
Turkiye,2004,TUR,Europe and Central Asia,20.18,90.15,32,0.42,10.84,0.62,0.15,86.86,19.05,0.59,,
Turkiye,2005,TUR,Europe and Central Asia,24.18,90.36,35,0.41,10.64,0.59,0.16,83.94,19.5,0.42,,
Turkiye,2006,TUR,Europe and Central Asia,23.65,90.57,38,0.41,8.72,0.58,0.16,87.9,20.38,0.86,,
Turkiye,2007,TUR,Europe and Central Asia,23.88,90.77,41,0.42,8.87,0.58,0.16,90.31,22.2,0.96,,
Turkiye,2008,TUR,Europe and Central Asia,19.18,90.97,46,0.37,9.71,0.59,0.17,88.52,22.34,0.84,,
Turkiye,2009,TUR,Europe and Central Asia,14.51,91.16,44,0.36,12.55,0.6,0.17,80.04,20.44,0.67,,
Turkiye,2010,TUR,Europe and Central Asia,16.87,91.35,44,0.36,10.66,0.59,0.18,84.28,22.01,2.38,,
Turkiye,2011,TUR,Europe and Central Asia,15.9,91.54,42,0.36,8.8,0.59,0.18,88.34,23.66,0.38,,
Turkiye,2012,TUR,Europe and Central Asia,15.93,91.72,49,0.35,8.15,0.6,0.19,85.18,23.44,0.95,,
Turkiye,2013,TUR,Europe and Central Asia,16.93,91.9,50,0.31,8.73,0.59,0.2,100.48,23.07,1.34,,
Turkiye,2014,TUR,Europe and Central Asia,17.73,92.07,45,0.29,9.88,0.59,0.21,102.87,23.09,1.32,,
Turkiye,2015,TUR,Europe and Central Asia,16.95,92.24,42,0.26,10.24,0.6,0.21,102.84,23.06,0.81,,
Turkiye,2016,TUR,Europe and Central Asia,16.47,92.41,41,0.21,10.84,0.61,0.22,102.74,23.69,1.57,,
Turkiye,2017,TUR,Europe and Central Asia,17.38,92.58,40,0.2,10.82,0.61,0.22,105.99,24.96,0.74,,
Turkiye,2018,TUR,Europe and Central Asia,17.49,92.74,41,0.2,10.89,0.61,0.23,104.48,24,2.6,,
Turkiye,2019,TUR,Europe and Central Asia,17.05,92.89,39,0.19,13.67,0.6,0.23,104.12,22.55,1.65,,
Turkiye,2020,TUR,Europe and Central Asia,16.43,93.05,40,0.19,13.11,0.61,,104.41,,1.84,,
Turkiye,2021,TUR,Europe and Central Asia,,,38,0.17,11.98,0.6,,,,1.87,,
Turkiye,2022,TUR,Europe and Central Asia,,,36,0.16,,,,,,1.24,,
Turkmenistan,2000,TKM,Europe and Central Asia,50.01,71.19,,0.06,11.51,0.6,0.29,,34.4,1.3,,
Turkmenistan,2001,TKM,Europe and Central Asia,61.27,71.71,,0.06,10.64,0.6,0.29,,37.54,1.53,,
Turkmenistan,2002,TKM,Europe and Central Asia,61.14,72.24,,0.06,9.71,0.6,0.28,,39.39,1.8,,
Turkmenistan,2003,TKM,Europe and Central Asia,63.7,72.76,,0.06,8.95,0.6,0.29,,43.76,0.06,,
Turkmenistan,2004,TKM,Europe and Central Asia,72.19,73.27,20,0.05,8.15,0.6,0.28,,42.58,1.65,,
Turkmenistan,2005,TKM,Europe and Central Asia,73.83,75.01,18,0.05,7.47,0.6,0.28,,43.88,1.3,,
Turkmenistan,2006,TKM,Europe and Central Asia,76.42,76.77,22,0.03,6.58,0.6,0.28,,42.29,1.7,,
Turkmenistan,2007,TKM,Europe and Central Asia,69,78.55,20,0.04,5.74,0.6,0.27,,41.68,1.13,,
Turkmenistan,2008,TKM,Europe and Central Asia,78.48,80.34,18,0.04,4.94,0.61,0.27,,43.2,0.73,,
Turkmenistan,2009,TKM,Europe and Central Asia,70.73,82.15,18,0.04,4,0.61,0.27,,39.58,1.06,,
Turkmenistan,2010,TKM,Europe and Central Asia,71,83.97,16,0.04,4,0.61,0.27,,40.27,1.89,,
Turkmenistan,2011,TKM,Europe and Central Asia,68.97,85.81,16,0.04,4.09,0.61,0.27,,43.35,1.1,,
Turkmenistan,2012,TKM,Europe and Central Asia,68.29,87.65,17,0.04,4.08,0.61,0.27,,45.27,0.78,,
Turkmenistan,2013,TKM,Europe and Central Asia,66.85,89.51,17,0.03,4.1,0.61,0.27,,47.18,1.64,,
Turkmenistan,2014,TKM,Europe and Central Asia,68.21,91.37,17,0.03,4.13,0.6,0.27,,46,0.71,,
Turkmenistan,2015,TKM,Europe and Central Asia,71.07,93.24,18,0.03,4.11,0.6,0.27,,48.22,1.43,,
Turkmenistan,2016,TKM,Europe and Central Asia,76.16,95.11,22,0.03,4.14,0.61,0.27,,46.65,2.02,,
Turkmenistan,2017,TKM,Europe and Central Asia,73.67,96.98,19,0.03,4.17,0.61,0.27,,45.57,1.69,,
Turkmenistan,2018,TKM,Europe and Central Asia,76.84,98.54,20,0.03,4.2,0.61,0.28,,47.55,1.52,,
Turkmenistan,2019,TKM,Europe and Central Asia,77,99.79,19,0.03,4.23,0.61,0.28,89.67,48.05,1.82,,
Turkmenistan,2020,TKM,Europe and Central Asia,76.96,100,19,0.03,4.8,0.61,,93.27,,1.53,,
Turkmenistan,2021,TKM,Europe and Central Asia,,,19,0.03,4.79,0.61,,,,1.65,,
Turkmenistan,2022,TKM,Europe and Central Asia,,,19,0.03,,,,,,2.53,,
Uganda,2000,UGA,Sub-Saharan Africa,43.03,2.33,23,0.22,3.55,0.64,0.21,,3.04,0.27,,
Uganda,2001,UGA,Sub-Saharan Africa,43.38,2.84,19,0.21,3.54,0.65,0.21,,3.2,0.18,,
Uganda,2002,UGA,Sub-Saharan Africa,44.01,3.37,21,0.2,3.5,0.65,0.21,,3.2,0.68,,
Uganda,2003,UGA,Sub-Saharan Africa,45.42,3.91,22,0.2,3.6,0.64,0.21,,3.38,0.91,,
Uganda,2004,UGA,Sub-Saharan Africa,38.38,4.48,26,0.21,2.75,0.64,0.23,19.37,3.3,0.68,,
Uganda,2005,UGA,Sub-Saharan Africa,48.6,5.08,25,0.24,1.9,0.63,0.23,,3.48,1.23,,
Uganda,2006,UGA,Sub-Saharan Africa,54.05,5.69,27,0.25,2.28,0.63,0.24,,3.27,0.97,,
Uganda,2007,UGA,Sub-Saharan Africa,54.48,6.33,28,0.25,2.72,0.63,0.26,24.64,3.63,0.46,,
Uganda,2008,UGA,Sub-Saharan Africa,52.74,6.98,26,0.25,3.14,0.64,0.27,,4.19,0.77,,
Uganda,2009,UGA,Sub-Saharan Africa,42.85,7.66,25,0.25,3.6,0.64,0.28,,4.15,1.3,,
Uganda,2010,UGA,Sub-Saharan Africa,37.39,8.37,25,0.25,3.59,0.63,0.29,27.37,4.18,1.43,,
Uganda,2011,UGA,Sub-Saharan Africa,33.01,9.09,24,0.24,3.49,0.62,0.29,26.31,3.97,1.1,,
Uganda,2012,UGA,Sub-Saharan Africa,37.51,9.84,29,0.24,3.55,0.61,0.3,26.36,3.98,1.12,,
Uganda,2013,UGA,Sub-Saharan Africa,42.52,10.61,26,0.23,1.91,0.61,0.3,27.94,3.86,1.06,,
Uganda,2014,UGA,Sub-Saharan Africa,40.15,11.4,26,0.23,2.32,0.62,0.31,27.71,3.86,1.14,,
Uganda,2015,UGA,Sub-Saharan Africa,39.47,12.22,25,0.23,2.75,0.62,0.31,,3.89,1.16,,
Uganda,2016,UGA,Sub-Saharan Africa,40.61,13.06,25,0.22,3.18,0.62,0.31,26.7,3.88,1.26,,
Uganda,2017,UGA,Sub-Saharan Africa,38.09,13.93,26,0.22,3.64,0.62,0.31,24.18,3.88,1.74,,
Uganda,2018,UGA,Sub-Saharan Africa,35.63,14.81,26,0.22,3.57,0.63,0.32,,3.87,1.1,,
Uganda,2019,UGA,Sub-Saharan Africa,38.26,15.72,28,0.21,3.55,0.63,0.33,,3.84,1.62,,
Uganda,2020,UGA,Sub-Saharan Africa,37.45,16.65,27,0.2,4.51,0.63,,,,1.24,,
Uganda,2021,UGA,Sub-Saharan Africa,,,27,0.18,4.3,0.63,,,,1.5,,
Uganda,2022,UGA,Sub-Saharan Africa,,,26,0.18,,,,,,1.42,,
Ukraine,2000,UKR,Europe and Central Asia,48.39,66.51,15,0.25,11.71,0.43,0.43,102.06,15.85,1.44,,
Ukraine,2001,UKR,Europe and Central Asia,47.17,66.54,21,0.25,11.06,0.45,0.43,103.2,18.83,1.81,,
Ukraine,2002,UKR,Europe and Central Asia,45.12,66.63,24,0.25,10.14,0.45,0.43,103.76,18.67,1.55,,
Ukraine,2003,UKR,Europe and Central Asia,41.03,66.75,23,0.26,9.06,0.46,0.43,104.31,18.07,-0.25,,
Ukraine,2004,UKR,Europe and Central Asia,41.41,69.38,22,0.26,8.59,0.47,0.43,100.31,17.97,0.93,,
Ukraine,2005,UKR,Europe and Central Asia,37.96,72,26,0.31,7.18,0.45,0.42,95.6,19.9,1.02,,
Ukraine,2006,UKR,Europe and Central Asia,36.13,74.59,28,0.37,6.81,0.47,0.42,96.85,21.44,0.27,,
Ukraine,2007,UKR,Europe and Central Asia,36.46,77.17,27,0.39,6.35,0.45,0.42,96.75,23.74,2.38,,
Ukraine,2008,UKR,Europe and Central Asia,37.79,79.72,25,0.39,6.36,0.44,0.42,96.14,22.77,1.62,,
Ukraine,2009,UKR,Europe and Central Asia,37.41,82.26,22,0.38,8.84,0.42,0.43,95.32,17.52,1.61,,
Ukraine,2010,UKR,Europe and Central Asia,41.85,84.76,24,0.29,8.1,0.4,0.43,95.58,18.14,1.65,,
Ukraine,2011,UKR,Europe and Central Asia,46.31,87.26,23,0.28,7.85,0.4,0.42,93.5,19.76,0.58,,
Ukraine,2012,UKR,Europe and Central Asia,43.94,89.76,26,0.28,7.53,0.39,0.42,96.44,18.98,1.96,,
Ukraine,2013,UKR,Europe and Central Asia,48.17,92.12,25,0.29,7.17,0.39,0.42,96.52,18.46,1.52,,
Ukraine,2014,UKR,Europe and Central Asia,48.17,91.81,26,0.28,9.27,0.4,0.43,96,16.87,1.72,,
Ukraine,2015,UKR,Europe and Central Asia,48.29,91.88,27,0.29,9.14,0.42,0.43,,15.3,2.08,,
Ukraine,2016,UKR,Europe and Central Asia,48.4,91.94,29,0.28,9.35,0.43,0.43,,16.24,2.11,,
Ukraine,2017,UKR,Europe and Central Asia,49.24,92.01,30,0.27,9.5,0.43,0.43,,16.19,1.42,,
Ukraine,2018,UKR,Europe and Central Asia,50.66,92.07,32,0.27,8.8,0.43,0.43,,17.65,2.24,,
Ukraine,2019,UKR,Europe and Central Asia,51.12,92.08,30,0.32,8.19,0.43,0.42,,17.17,2.37,,
Ukraine,2020,UKR,Europe and Central Asia,47.86,92.14,33,0.34,9.48,0.43,,,,3.03,,
Ukraine,2021,UKR,Europe and Central Asia,,,32,0.32,9.83,0.43,,,,1.44,,
Ukraine,2022,UKR,Europe and Central Asia,,,33,0.27,,,,,,1.93,,
United Arab Emirates,2000,ARE,Middle East and North Africa,22.08,98.71,,0.02,2.25,0.66,0.06,,161.23,0.68,,
United Arab Emirates,2001,ARE,Middle East and North Africa,15.09,98.71,,0.02,2.5,0.66,0.06,,153.8,0.56,,
United Arab Emirates,2002,ARE,Middle East and North Africa,28.04,98.71,,0.02,2.65,0.66,0.06,,140.85,1.12,,
United Arab Emirates,2003,ARE,Middle East and North Africa,27.46,98.71,52,0.02,2.75,0.66,0.06,,168.96,1.05,,
United Arab Emirates,2004,ARE,Middle East and North Africa,30.41,98.71,61,0.02,2.9,0.66,0.06,,173.33,1.05,,
United Arab Emirates,2005,ARE,Middle East and North Africa,30.14,98.71,62,0.02,3.12,0.67,0.06,,172.72,0.73,,
United Arab Emirates,2006,ARE,Middle East and North Africa,29.71,98.71,62,0.02,2.93,0.67,0.05,,159.13,1.26,,
United Arab Emirates,2007,ARE,Middle East and North Africa,28.88,98.71,57,0.02,2.86,0.67,0.05,,160.01,0.8,,
United Arab Emirates,2008,ARE,Middle East and North Africa,25.14,98.71,59,0.02,2.72,0.67,0.05,,164.76,0.78,,
United Arab Emirates,2009,ARE,Middle East and North Africa,16.1,98.68,65,0.02,2.67,0.68,0.05,,121.39,0.9,,
United Arab Emirates,2010,ARE,Middle East and North Africa,17.95,98.68,63,0.02,2.46,0.66,0.05,,111.29,1.48,,
United Arab Emirates,2011,ARE,Middle East and North Africa,16.88,98.68,68,0.02,2.28,0.65,0.06,,114.06,1.12,,
United Arab Emirates,2012,ARE,Middle East and North Africa,16.74,98.68,68,0.03,2.17,0.63,0.06,,115.42,1.09,,
United Arab Emirates,2013,ARE,Middle East and North Africa,17.16,98.68,69,0.03,2.03,0.62,0.07,,118.22,0.74,,
United Arab Emirates,2014,ARE,Middle East and North Africa,17.81,98.68,70,0.03,1.9,0.62,0.08,,118.23,0.91,,
United Arab Emirates,2015,ARE,Middle East and North Africa,17.79,98.68,70,0.03,1.76,0.61,0.09,,119.79,1.56,,
United Arab Emirates,2016,ARE,Middle East and North Africa,18.8,98.68,66,0.03,1.64,0.61,0.1,95.34,113.54,1.06,,
United Arab Emirates,2017,ARE,Middle East and North Africa,11.42,98.68,71,0.03,2.46,0.6,0.1,104.95,102.43,1.63,,
United Arab Emirates,2018,ARE,Middle East and North Africa,12.7,98.68,70,0.03,2.24,0.59,0.1,,105.93,1.5,,
United Arab Emirates,2019,ARE,Middle East and North Africa,12.55,98.68,71,0.03,2.33,0.59,0.1,102.16,105.57,1.2,,
United Arab Emirates,2020,ARE,Middle East and North Africa,11.58,98.68,71,0.04,4.29,0.59,,103.37,,1.21,,
United Arab Emirates,2021,ARE,Middle East and North Africa,,,69,0.03,3.11,0.59,,,,1.7,,
United Arab Emirates,2022,ARE,Middle East and North Africa,,,67,0.03,,,,,,1.48,,
United Kingdom,2000,GBR,Europe and Central Asia,17.95,100,87,0.6,5.56,0.48,0.32,101.9,41.86,0.72,,
United Kingdom,2001,GBR,Europe and Central Asia,16.3,100,83,0.61,4.7,0.49,0.34,101.79,41.63,0.63,,
United Kingdom,2002,GBR,Europe and Central Asia,14.95,100,87,0.61,5.04,0.49,0.34,102.74,41.21,1.01,,
United Kingdom,2003,GBR,Europe and Central Asia,16.43,100,87,0.61,4.81,0.5,0.34,102.1,41.45,1.19,,
United Kingdom,2004,GBR,Europe and Central Asia,14.98,100,86,0.61,4.59,0.49,0.34,104.69,41.93,1.04,,
United Kingdom,2005,GBR,Europe and Central Asia,13.87,100,86,0.61,4.75,0.5,0.35,105.42,41.4,1.12,,
United Kingdom,2006,GBR,Europe and Central Asia,13.87,100,86,0.61,5.35,0.5,0.35,98.24,42.2,1.25,,
United Kingdom,2007,GBR,Europe and Central Asia,13.61,100,84,0.61,5.26,0.5,0.36,97.19,42.4,1.33,,
United Kingdom,2008,GBR,Europe and Central Asia,13.95,100,77,0.61,5.62,0.49,0.36,98.34,38.84,0.84,,
United Kingdom,2009,GBR,Europe and Central Asia,14.78,100,77,0.61,7.54,0.51,0.37,100.17,35.53,0.95,,
United Kingdom,2010,GBR,Europe and Central Asia,14.97,100,76,0.61,7.79,0.47,0.38,102.9,35.15,-0.05,,
United Kingdom,2011,GBR,Europe and Central Asia,14.95,100,78,0.64,8.04,0.48,0.37,93.77,33.14,0.85,,
United Kingdom,2012,GBR,Europe and Central Asia,15.23,100,74,0.64,7.88,0.49,0.38,91.55,34.17,0.58,,
United Kingdom,2013,GBR,Europe and Central Asia,15.49,100,76,0.64,7.52,0.5,0.38,123.78,33.97,0.36,,
United Kingdom,2014,GBR,Europe and Central Asia,15.52,100,78,0.64,6.11,0.48,0.38,126.39,32.24,1.72,,
United Kingdom,2015,GBR,Europe and Central Asia,15.73,100,81,0.64,5.3,0.47,0.37,124.52,30.75,0.61,,
United Kingdom,2016,GBR,Europe and Central Asia,15.75,100,81,0.63,4.81,0.47,0.38,,29.12,1.16,,
United Kingdom,2017,GBR,Europe and Central Asia,16.09,100,82,0.64,4.33,0.47,0.37,125.85,28.66,1.42,,
United Kingdom,2018,GBR,Europe and Central Asia,16.35,100,80,0.65,4,0.47,0.38,120.78,28.69,1,,
United Kingdom,2019,GBR,Europe and Central Asia,16.39,100,77,0.63,3.74,0.47,0.38,118.74,27.7,1.23,,
United Kingdom,2020,GBR,Europe and Central Asia,13.6,100,77,0.65,4.47,0.47,,116.88,,1.37,,
United Kingdom,2021,GBR,Europe and Central Asia,,,78,0.63,4.83,0.47,,,,0.93,,
United Kingdom,2022,GBR,Europe and Central Asia,,,73,0.6,,,,,,1.91,,
United States of America,2000,USA,North America,15.11,,78,0.63,3.99,0.55,0.35,,92.68,1,,
United States of America,2001,USA,North America,14.41,,76,0.59,4.73,0.54,0.36,,89.29,0.79,,
United States of America,2002,USA,North America,14.32,,77,0.59,5.78,0.54,0.36,,89.32,0.95,,
United States of America,2003,USA,North America,14.15,,75,0.62,5.99,0.54,0.36,,90.18,0.99,,
United States of America,2004,USA,North America,13.97,,75,0.62,5.53,0.55,0.36,,93.77,0.86,,
United States of America,2005,USA,North America,13.91,98.71,76,0.62,5.08,0.56,0.36,95.05,93.91,1.15,,
United States of America,2006,USA,North America,13.68,98.71,73,0.62,4.62,0.57,0.36,,94.48,1.03,,
United States of America,2007,USA,North America,13.6,98.72,72,0.65,4.62,0.56,0.37,,93.91,1.14,,
United States of America,2008,USA,North America,13.35,98.73,73,0.65,5.78,0.56,0.37,,89.11,0.21,,
United States of America,2009,USA,North America,12.64,98.74,75,0.66,9.25,0.56,0.38,,78.14,0.4,,
United States of America,2010,USA,North America,12.36,98.83,71,0.66,9.63,0.57,0.38,,81.97,0.7,,
United States of America,2011,USA,North America,12.31,98.93,71,0.65,8.95,0.57,0.37,,81.41,0.54,,
United States of America,2012,USA,North America,12.33,99.03,73,0.65,8.07,0.58,0.37,,79.88,1.45,,
United States of America,2013,USA,North America,12.28,99.12,73,0.66,7.37,0.58,0.38,96.19,81.42,0.61,,
United States of America,2014,USA,North America,11.97,99.21,74,0.66,6.17,0.58,0.37,96.92,81.81,0.5,,
United States of America,2015,USA,North America,11.76,99.3,76,0.66,5.28,0.58,0.38,97.65,79.56,1.53,,
United States of America,2016,USA,North America,11.65,99.39,74,0.64,4.87,0.58,0.38,98.77,77.06,2.22,,
United States of America,2017,USA,North America,11.41,99.48,75,0.59,4.36,0.58,0.38,98.95,75.3,1.43,,
United States of America,2018,USA,North America,11.32,99.57,71,0.58,3.9,0.58,0.38,99.28,77.2,1.28,,
United States of America,2019,USA,North America,11.33,99.66,69,0.57,3.67,0.58,0.39,100.06,74.74,1.03,,
United States of America,2020,USA,North America,9.89,99.74,67,0.57,8.05,0.57,,100.51,,1.32,,
United States of America,2021,USA,North America,,,67,0.58,5.35,0.58,,,,1.14,,
United States of America,2022,USA,North America,,,69,0.58,,,,,,1.22,,
Uruguay,2000,URY,Latin America and Caribbean,25.17,96.4,,0.73,12.63,0.6,0.34,98.23,27.02,0.33,,
Uruguay,2001,URY,Latin America and Caribbean,24.06,96.46,51,0.72,15.05,0.61,0.34,101.58,27.98,1.23,,
Uruguay,2002,URY,Latin America and Caribbean,21.7,96.52,51,0.74,16.65,0.61,0.34,106.11,28.55,0.61,,
Uruguay,2003,URY,Latin America and Caribbean,21.36,96.59,55,0.73,16.66,0.63,0.35,109.14,28.16,0.32,,
Uruguay,2004,URY,Latin America and Caribbean,24.3,96.64,62,0.75,12.98,0.62,0.34,106.99,30.05,0.46,,
Uruguay,2005,URY,Latin America and Caribbean,25.94,96.85,59,0.76,12.01,0.61,0.35,101.24,30.93,0.8,,
Uruguay,2006,URY,Latin America and Caribbean,23.77,97.05,64,0.75,10.84,0.61,0.35,100.86,34.54,0.59,,
Uruguay,2007,URY,Latin America and Caribbean,23.36,97.23,67,0.75,9.4,0.62,0.36,91.89,35.04,0.13,,
Uruguay,2008,URY,Latin America and Caribbean,21.29,97.42,69,0.74,8.03,0.62,0.36,87.76,37.77,0.72,,
Uruguay,2009,URY,Latin America and Caribbean,20.75,97.59,67,0.76,7.74,0.58,0.36,90.19,32.65,0.51,,
Uruguay,2010,URY,Latin America and Caribbean,20.47,97.75,69,0.77,7.16,0.57,0.37,101.2,30.28,0.26,,
Uruguay,2011,URY,Latin America and Caribbean,19.43,97.91,70,0.76,6.31,0.55,0.37,105.43,33.4,0.45,,
Uruguay,2012,URY,Latin America and Caribbean,18.46,98.06,72,0.76,6.45,0.53,0.37,107.6,36.92,0.84,,
Uruguay,2013,URY,Latin America and Caribbean,17.69,98.2,73,0.77,6.44,0.54,0.37,109.45,34.59,0.15,,
Uruguay,2014,URY,Latin America and Caribbean,17.1,98.33,73,0.77,6.55,0.54,0.38,110.99,32.39,1.16,,
Uruguay,2015,URY,Latin America and Caribbean,16.92,98.46,74,0.75,7.49,0.54,0.38,112.13,31.4,1.05,,
Uruguay,2016,URY,Latin America and Caribbean,16.44,98.59,71,0.74,7.84,0.54,0.39,115.96,30.4,0.3,,
Uruguay,2017,URY,Latin America and Caribbean,16.5,98.72,70,0.73,7.89,0.54,0.39,120.22,30.1,1.55,,
Uruguay,2018,URY,Latin America and Caribbean,16.25,98.79,70,0.73,8.34,0.54,0.39,121.18,31.31,1.2,,
Uruguay,2019,URY,Latin America and Caribbean,15.46,98.8,71,0.73,8.73,0.53,0.38,123,31.79,0.77,,
Uruguay,2020,URY,Latin America and Caribbean,16.68,98.8,71,0.69,10.33,0.55,,119.94,,0.89,,
Uruguay,2021,URY,Latin America and Caribbean,,,73,0.66,9.29,0.55,,,,0.79,,
Uruguay,2022,URY,Latin America and Caribbean,,,74,0.64,,,,,,0.38,,
Uzbekistan,2000,UZB,Europe and Central Asia,60.78,56.34,24,0.05,12.21,0.57,0.29,88.12,21.77,1.44,,
Uzbekistan,2001,UZB,Europe and Central Asia,60.84,56.48,27,0.05,11.18,0.56,0.29,,20.73,1.61,,
Uzbekistan,2002,UZB,Europe and Central Asia,62.07,56.63,29,0.05,10.11,0.56,0.29,,20.89,1.88,,
Uzbekistan,2003,UZB,Europe and Central Asia,59.29,56.77,24,0.05,9.07,0.57,0.29,97.63,20.55,0.19,,
Uzbekistan,2004,UZB,Europe and Central Asia,59.56,56.92,23,0.05,8.17,0.57,0.29,97.84,20.46,1.97,,
Uzbekistan,2005,UZB,Europe and Central Asia,57.63,57.07,22,0.05,7.07,0.57,0.29,88.89,20.03,1.42,,
Uzbekistan,2006,UZB,Europe and Central Asia,56.9,57.22,21,0.05,6.01,0.57,0.29,88.59,21.74,1.62,,
Uzbekistan,2007,UZB,Europe and Central Asia,58.13,57.37,17,0.04,4.99,0.57,0.29,89.61,21.36,1.43,,
Uzbekistan,2008,UZB,Europe and Central Asia,57.32,57.52,18,0.04,4.89,0.57,0.29,88.21,22.5,0.75,,
Uzbekistan,2009,UZB,Europe and Central Asia,56.42,57.93,17,0.04,5.04,0.57,0.29,89.47,21.33,1.11,,
Uzbekistan,2010,UZB,Europe and Central Asia,58.05,58.34,16,0.04,5.36,0.57,0.29,89.87,20.22,1.83,,
Uzbekistan,2011,UZB,Europe and Central Asia,58.18,58.6,16,0.04,4.96,0.57,0.29,90.22,20.23,1.09,,
Uzbekistan,2012,UZB,Europe and Central Asia,56.25,58.69,17,0.04,4.87,0.57,0.29,92.08,20.35,0.72,,
Uzbekistan,2013,UZB,Europe and Central Asia,56.05,58.78,17,0.04,4.86,0.57,0.29,91.8,20.38,1.56,,
Uzbekistan,2014,UZB,Europe and Central Asia,45.41,58.84,18,0.04,5.09,0.57,0.29,92.01,20.24,0.21,,
Uzbekistan,2015,UZB,Europe and Central Asia,48.41,58.86,19,0.04,5.15,0.57,0.29,91.85,20.14,1.44,,
Uzbekistan,2016,UZB,Europe and Central Asia,54.66,58.88,21,0.04,5.16,0.56,0.29,92.61,20.02,2.31,,
Uzbekistan,2017,UZB,Europe and Central Asia,56.69,58.9,22,0.05,5.83,0.57,0.29,93.34,19.78,1.79,,
Uzbekistan,2018,UZB,Europe and Central Asia,60.34,58.86,23,0.06,5.86,0.57,0.29,94.99,19.84,1.04,,
Uzbekistan,2019,UZB,Europe and Central Asia,57.68,58.84,25,0.06,5.86,0.57,0.29,97.42,19.41,1.94,,
Uzbekistan,2020,UZB,Europe and Central Asia,53.11,58.83,26,0.06,5.29,0.57,,92.97,,1.72,,
Uzbekistan,2021,UZB,Europe and Central Asia,,,28,0.06,6.02,0.57,,92.17,,1.53,,
Uzbekistan,2022,UZB,Europe and Central Asia,,,31,0.06,,,,,,2.61,,
Vanuatu,2000,VUT,East Asia and Pacific,10.4,44.75,,0.37,1.71,,0.24,34.66,,0.78,,
Vanuatu,2001,VUT,East Asia and Pacific,10.89,44.83,,0.37,1.93,,0.25,35.72,,0.4,,
Vanuatu,2002,VUT,East Asia and Pacific,8.86,44.92,,0.37,1.98,,0.25,39.55,,0.45,,
Vanuatu,2003,VUT,East Asia and Pacific,9.63,45.01,,0.37,1.75,,0.26,40.34,,0.36,,
Vanuatu,2004,VUT,East Asia and Pacific,9.41,45.09,,0.37,1.76,,0.26,42.75,,0.46,,
Vanuatu,2005,VUT,East Asia and Pacific,9.8,45.54,,0.37,1.74,,0.26,,,0.54,,
Vanuatu,2006,VUT,East Asia and Pacific,9.13,45.98,,0.37,1.67,,0.27,,,0.39,,
Vanuatu,2007,VUT,East Asia and Pacific,9.43,46.42,31,0.37,1.8,,0.28,,,0.92,,
Vanuatu,2008,VUT,East Asia and Pacific,8.97,46.87,29,0.39,1.74,,0.28,,,0.71,,
Vanuatu,2009,VUT,East Asia and Pacific,8.95,47.31,32,0.44,1.8,,0.29,,,0.44,,
Vanuatu,2010,VUT,East Asia and Pacific,8.85,47.71,36,0.44,1.85,,0.28,59.53,,0.88,,
Vanuatu,2011,VUT,East Asia and Pacific,8.49,48.1,35,0.44,1.8,,0.29,,,0.67,,
Vanuatu,2012,VUT,East Asia and Pacific,8.01,48.48,,0.44,1.85,,0.29,,,0.4,,
Vanuatu,2013,VUT,East Asia and Pacific,7.25,48.86,,0.44,1.86,,0.29,,,0.71,,
Vanuatu,2014,VUT,East Asia and Pacific,8.84,49.24,,0.44,1.79,,0.29,,,0.59,,
Vanuatu,2015,VUT,East Asia and Pacific,7.64,49.62,,0.45,1.86,,0.3,54.2,,0.57,,
Vanuatu,2016,VUT,East Asia and Pacific,11.03,49.98,,0.47,1.75,,0.3,,,1.15,,
Vanuatu,2017,VUT,East Asia and Pacific,10.81,50.31,43,0.48,1.71,,0.31,,,1.13,,
Vanuatu,2018,VUT,East Asia and Pacific,8.57,50.31,46,0.48,1.78,,0.31,,,0.61,,
Vanuatu,2019,VUT,East Asia and Pacific,8.08,50.34,46,0.47,1.76,,0.31,,,0.9,,
Vanuatu,2020,VUT,East Asia and Pacific,7.35,50.38,43,0.47,2.02,,,51.64,,1.23,,
Vanuatu,2021,VUT,East Asia and Pacific,,,45,0.48,2.12,,,,,1.15,,
Vanuatu,2022,VUT,East Asia and Pacific,,,48,0.48,,,,,,1.48,,
Venezuela,2000,VEN,Latin America and Caribbean,41.25,88.36,27,0.41,13.99,0.68,0.3,60.46,23.98,0.3,,
Venezuela,2001,VEN,Latin America and Caribbean,41.5,88.23,28,0.38,13.04,0.69,0.31,64.41,28.72,0.63,,
Venezuela,2002,VEN,Latin America and Caribbean,41.18,88.1,25,0.36,16.17,0.69,0.32,68.39,24.99,0.86,,
Venezuela,2003,VEN,Latin America and Caribbean,34.46,87.97,24,0.35,16.78,0.68,0.32,69.58,28.48,0.91,,
Venezuela,2004,VEN,Latin America and Caribbean,31.34,87.84,23,0.34,15.07,0.68,0.32,72.19,24.41,0.68,,
Venezuela,2005,VEN,Latin America and Caribbean,36.56,87.71,23,0.34,10.66,0.67,0.32,74.6,25.58,0.93,,
Venezuela,2006,VEN,Latin America and Caribbean,27.48,87.57,23,0.32,8.61,0.67,0.32,77.29,24.76,0.67,,
Venezuela,2007,VEN,Latin America and Caribbean,31.15,87.44,20,0.31,7.28,0.68,0.32,79.87,26.2,0.76,,
Venezuela,2008,VEN,Latin America and Caribbean,38.13,87.31,19,0.31,6.25,0.67,0.33,81.69,28.3,0.52,,
Venezuela,2009,VEN,Latin America and Caribbean,39.53,87.18,19,0.31,6.1,0.66,0.33,82.7,31.85,0.82,,
Venezuela,2010,VEN,Latin America and Caribbean,38.46,87.04,20,0.3,7.11,0.66,0.33,82.71,29.63,1.23,,
Venezuela,2011,VEN,Latin America and Caribbean,34.72,86.91,19,0.29,6.9,0.65,0.33,83.75,27.76,0.6,,
Venezuela,2012,VEN,Latin America and Caribbean,29.07,86.78,19,0.28,6.6,0.65,0.34,85.89,31.09,0.51,,
Venezuela,2013,VEN,Latin America and Caribbean,31.28,86.65,20,0.24,7.54,0.65,0.34,93.44,29.77,0.94,,
Venezuela,2014,VEN,Latin America and Caribbean,24.99,86.49,19,0.23,6.86,0.65,0.34,92.76,30.87,0.87,,
Venezuela,2015,VEN,Latin America and Caribbean,29.78,86.32,17,0.22,6.08,0.65,0.34,91.03,30.88,1.09,,
Venezuela,2016,VEN,Latin America and Caribbean,27.74,86.16,17,0.21,5.32,0.65,0.35,87.93,29.35,1.1,,
Venezuela,2017,VEN,Latin America and Caribbean,24.96,86,18,0.17,5.05,0.65,0.35,88.08,27.08,0.73,,
Venezuela,2018,VEN,Latin America and Caribbean,36.9,85.84,18,0.16,5.02,0.65,0.35,,25.68,0.84,,
Venezuela,2019,VEN,Latin America and Caribbean,34.12,85.68,16,0.16,5.09,0.64,0.36,,23.35,1.24,,
Venezuela,2020,VEN,Latin America and Caribbean,25.88,85.52,15,0.16,7.53,0.66,,,,1.35,,
Venezuela,2021,VEN,Latin America and Caribbean,,,14,0.17,6.47,,,,,0.73,,
Venezuela,2022,VEN,Latin America and Caribbean,,,14,0.16,,,,,,0.53,,
Vietnam,2000,VNM,East Asia and Pacific,37.19,64.89,25,0.17,2.26,0.59,0.36,,5.01,0.13,,
Vietnam,2001,VNM,East Asia and Pacific,31.61,66.85,26,0.17,2.76,0.6,0.36,,5.29,0.69,,
Vietnam,2002,VNM,East Asia and Pacific,37.14,68.82,24,0.17,2.12,0.6,0.36,,5.87,0.72,,
Vietnam,2003,VNM,East Asia and Pacific,37.14,70.8,24,0.17,2.25,0.59,0.36,,6.94,1.04,,
Vietnam,2004,VNM,East Asia and Pacific,37.31,72.79,26,0.17,2.14,0.59,0.36,,7.44,0.39,,
Vietnam,2005,VNM,East Asia and Pacific,37.27,74.79,26,0.17,2.09,0.58,0.36,,7.67,0.84,,
Vietnam,2006,VNM,East Asia and Pacific,37.34,76.79,26,0.17,2.09,0.57,0.37,,7.98,0.89,,
Vietnam,2007,VNM,East Asia and Pacific,37.3,78.81,26,0.17,2.03,0.57,0.37,,8.83,0.51,,
Vietnam,2008,VNM,East Asia and Pacific,37.19,80.83,27,0.17,1.93,0.57,0.36,,9.54,0.2,,
Vietnam,2009,VNM,East Asia and Pacific,37.26,82.85,27,0.17,1.74,0.59,0.36,,10.37,0.67,,
Vietnam,2010,VNM,East Asia and Pacific,37.42,84.89,27,0.17,1.11,0.6,0.36,,11.07,1.09,,
Vietnam,2011,VNM,East Asia and Pacific,37.41,86.92,29,0.17,1,0.59,0.36,,10.85,0.12,,
Vietnam,2012,VNM,East Asia and Pacific,40.78,88.96,31,0.17,1.03,0.57,0.38,,10.2,0.74,,
Vietnam,2013,VNM,East Asia and Pacific,41.27,90.99,31,0.17,1.32,0.56,0.39,,11.09,0.9,,
Vietnam,2014,VNM,East Asia and Pacific,41.72,92.42,31,0.17,1.26,0.56,0.4,,11.22,0.54,,
Vietnam,2015,VNM,East Asia and Pacific,43.48,93.33,31,0.17,1.85,0.56,0.4,,11.62,1.22,,
Vietnam,2016,VNM,East Asia and Pacific,44.57,94.1,33,0.17,1.85,0.56,0.4,,11.17,1.19,,
Vietnam,2017,VNM,East Asia and Pacific,45.09,94.81,35,0.17,1.87,0.56,0.41,,10.91,1.12,,
Vietnam,2018,VNM,East Asia and Pacific,44.58,95.51,33,0.17,1.16,0.56,0.42,,11.84,0.82,,
Vietnam,2019,VNM,East Asia and Pacific,45.12,96.21,37,0.17,1.68,0.56,0.42,,13.74,1.81,,
Vietnam,2020,VNM,East Asia and Pacific,39.6,96.88,36,0.16,2.1,0.56,,,,1.48,,
Vietnam,2021,VNM,East Asia and Pacific,,,39,0.17,2.38,0.56,,,,1.11,,
Vietnam,2022,VNM,East Asia and Pacific,,,42,0.16,,,,,,1.03,,
Yemen,2000,YEM,Middle East and North Africa,43.49,31.97,,0.12,11.56,0.67,0.09,,4.69,,,
Yemen,2001,YEM,Middle East and North Africa,44.63,32.24,,0.17,11.72,0.67,0.09,47.17,4.86,,,
Yemen,2002,YEM,Middle East and North Africa,46.68,32.51,,0.17,11.85,0.68,0.08,,4.57,,,
Yemen,2003,YEM,Middle East and North Africa,54.26,33.45,26,0.18,11.98,0.68,0.07,47.51,4.84,,,
Yemen,2004,YEM,Middle East and North Africa,60.46,34.39,24,0.18,12.1,0.69,0.06,48.05,4.81,,,
Yemen,2005,YEM,Middle East and North Africa,64.78,35.32,27,0.18,12.21,0.69,0.05,46.45,4.84,,,
Yemen,2006,YEM,Middle East and North Africa,65.89,36.25,26,0.18,12.37,0.69,0.05,,5.09,,,
Yemen,2007,YEM,Middle East and North Africa,69.16,37.17,25,0.18,12.5,0.69,0.04,,5.22,,,
Yemen,2008,YEM,Middle East and North Africa,68.62,38.1,23,0.17,12.62,0.69,0.04,43.02,5.14,,,
Yemen,2009,YEM,Middle East and North Africa,74.22,39.02,21,0.17,12.75,0.69,0.03,,5.49,,,
Yemen,2010,YEM,Middle East and North Africa,74.02,39.93,22,0.16,12.83,0.69,0.03,44.08,5.07,,,
Yemen,2011,YEM,Middle East and North Africa,72.49,40.84,21,0.18,13.25,0.69,0.02,46.16,4.99,,,
Yemen,2012,YEM,Middle East and North Africa,71.61,41.75,23,0.18,13.16,0.69,0.01,46.91,5.37,,,
Yemen,2013,YEM,Middle East and North Africa,74.58,42.65,18,0.16,13.26,0.68,0.01,49.28,6.28,,,
Yemen,2014,YEM,Middle East and North Africa,76.42,43.55,19,0.14,13.47,0.68,0,,5.85,,,
Yemen,2015,YEM,Middle East and North Africa,80.96,44.45,18,0.09,13.78,0.68,0.01,,5.42,,,
Yemen,2016,YEM,Middle East and North Africa,,45.34,14,0.07,13.41,0.68,0.01,51.58,5.31,,,
Yemen,2017,YEM,Middle East and North Africa,,46.22,16,0.07,13.25,0.68,0.01,,5.25,,,
Yemen,2018,YEM,Middle East and North Africa,,47.1,14,0.07,13.08,0.68,0.01,,5.15,,,
Yemen,2019,YEM,Middle East and North Africa,,47.97,15,0.07,12.98,0.68,0.01,,4.97,,,
Yemen,2020,YEM,Middle East and North Africa,,48.84,15,0.06,13.57,0.68,,,,,,
Yemen,2021,YEM,Middle East and North Africa,,,16,0.07,13.89,0.68,,,,,,
Yemen,2022,YEM,Middle East and North Africa,,,16,0.07,,,,,,,,
Zambia,2000,ZMB,Sub-Saharan Africa,26.59,17.88,,0.32,12.93,0.64,0.23,,7.78,-0.04,,
Zambia,2001,ZMB,Sub-Saharan Africa,26.75,18.31,26,0.32,13.5,0.63,0.23,,8.39,0.26,,
Zambia,2002,ZMB,Sub-Saharan Africa,24.36,18.85,26,0.32,14.13,0.62,0.23,,8.01,0.71,,
Zambia,2003,ZMB,Sub-Saharan Africa,23.7,19.4,25,0.32,14.69,0.66,0.23,,9.31,0.87,,
Zambia,2004,ZMB,Sub-Saharan Africa,25.01,19.96,26,0.32,15.29,0.71,0.24,,9.65,0.61,,
Zambia,2005,ZMB,Sub-Saharan Africa,31.46,20.53,26,0.33,15.9,0.71,0.24,,9.96,0.95,,
Zambia,2006,ZMB,Sub-Saharan Africa,32.57,21.11,26,0.33,13.23,0.71,0.24,,9.18,0.62,,
Zambia,2007,ZMB,Sub-Saharan Africa,33.17,21.69,26,0.33,10.58,0.71,0.24,,9.01,0.78,,
Zambia,2008,ZMB,Sub-Saharan Africa,35.07,22.29,28,0.34,7.93,0.72,0.24,,9.62,0.44,,
Zambia,2009,ZMB,Sub-Saharan Africa,25.94,22.89,30,0.34,10.56,0.72,0.23,,8.74,0.31,,
Zambia,2010,ZMB,Sub-Saharan Africa,24.47,23.5,30,0.33,13.19,0.72,0.23,,8.63,1.21,,
Zambia,2011,ZMB,Sub-Saharan Africa,21.58,24.12,32,0.32,10.59,0.72,0.24,,8.61,0.96,,
Zambia,2012,ZMB,Sub-Saharan Africa,17.43,24.75,37,0.33,7.85,0.72,0.24,,8.68,0.97,,
Zambia,2013,ZMB,Sub-Saharan Africa,11.42,25.4,38,0.31,8.01,0.72,0.24,,8.76,0.79,,
Zambia,2014,ZMB,Sub-Saharan Africa,13.82,26.05,38,0.31,8.13,0.72,0.25,,8.52,0.92,,
Zambia,2015,ZMB,Sub-Saharan Africa,12.25,26.71,38,0.3,8.28,0.72,0.26,,8.63,1.45,,
Zambia,2016,ZMB,Sub-Saharan Africa,12.12,27.38,38,0.26,8.39,0.72,0.26,,8.81,1.4,,
Zambia,2017,ZMB,Sub-Saharan Africa,11.79,28.07,37,0.2,8.52,0.72,0.27,,9.59,0.11,,
Zambia,2018,ZMB,Sub-Saharan Africa,10.29,28.76,35,0.25,5.03,0.72,0.27,,9.51,0.65,,
Zambia,2019,ZMB,Sub-Saharan Africa,10.22,29.47,34,0.24,5.54,0.72,0.29,,8.96,0.86,,
Zambia,2020,ZMB,Sub-Saharan Africa,8.81,30.18,33,0.2,6.03,0.72,,,,0.89,,
Zambia,2021,ZMB,Sub-Saharan Africa,,,33,0.27,6.22,0.72,,,,0.82,,
Zambia,2022,ZMB,Sub-Saharan Africa,,,33,0.35,,,,,,0.69,,
Zimbabwe,2000,ZWE,Sub-Saharan Africa,,41.34,30,0.23,5.69,0.62,0.26,45.22,12.26,-0.42,,
Zimbabwe,2001,ZWE,Sub-Saharan Africa,,41.64,29,0.22,5.34,0.62,0.27,46.16,11.75,0,,
Zimbabwe,2002,ZWE,Sub-Saharan Africa,,41.92,27,0.22,5.07,0.62,0.28,43.88,9.9,0.49,,
Zimbabwe,2003,ZWE,Sub-Saharan Africa,,41.82,23,0.22,4.77,0.62,0.29,39.98,8.23,0.36,,
Zimbabwe,2004,ZWE,Sub-Saharan Africa,,41.67,23,0.22,4.39,0.62,0.3,,7.05,0,,
Zimbabwe,2005,ZWE,Sub-Saharan Africa,,40.91,26,0.21,4.55,0.62,0.32,,5.96,0.95,,
Zimbabwe,2006,ZWE,Sub-Saharan Africa,,40.16,24,0.21,4.69,0.62,0.34,,5.05,-0.26,,
Zimbabwe,2007,ZWE,Sub-Saharan Africa,,39.41,21,0.21,4.85,0.62,0.34,,5.1,0.13,,
Zimbabwe,2008,ZWE,Sub-Saharan Africa,,38.67,18,0.2,5.07,0.62,0.32,,4.56,0.08,,
Zimbabwe,2009,ZWE,Sub-Saharan Africa,,37.93,22,0.2,5.08,0.62,0.32,,4.37,-0.23,,
Zimbabwe,2010,ZWE,Sub-Saharan Africa,34.43,37.19,24,0.21,5.19,0.62,0.32,,4.84,0.94,,
Zimbabwe,2011,ZWE,Sub-Saharan Africa,37.22,36.47,22,0.2,5.37,0.62,0.32,,3.05,0.23,,
Zimbabwe,2012,ZWE,Sub-Saharan Africa,34.97,35.74,20,0.2,5.14,0.63,0.33,51.55,2.97,0.33,,
Zimbabwe,2013,ZWE,Sub-Saharan Africa,29.76,35.02,21,0.23,4.99,0.63,0.33,52.41,3.42,0.12,,
Zimbabwe,2014,ZWE,Sub-Saharan Africa,24.83,34.33,21,0.24,4.77,0.63,0.33,,3.52,0.03,,
Zimbabwe,2015,ZWE,Sub-Saharan Africa,25.79,33.66,21,0.23,5.28,0.63,0.33,,3.5,0.97,,
Zimbabwe,2016,ZWE,Sub-Saharan Africa,23.96,33.01,22,0.23,5.8,0.63,0.33,,3.16,1.27,,
Zimbabwe,2017,ZWE,Sub-Saharan Africa,10.55,32.37,22,0.24,6.28,0.64,0.32,,3.04,0.09,,
Zimbabwe,2018,ZWE,Sub-Saharan Africa,8.8,31.76,22,0.24,6.78,0.66,0.32,,3.41,0.45,,
Zimbabwe,2019,ZWE,Sub-Saharan Africa,9.08,31.17,24,0.23,7.37,0.69,0.3,,3.19,0.93,,
Zimbabwe,2020,ZWE,Sub-Saharan Africa,10.41,30.59,24,0.22,7.9,0.69,,,,0.39,,
Zimbabwe,2021,ZWE,Sub-Saharan Africa,,,23,0.22,8.07,0.69,,,,-0.13,,
Zimbabwe,2022,ZWE,Sub-Saharan Africa,,,23,0.22,,,,,,-0.49,,
